opportunity_id,event_id,opportunity_name_ar,display_order,future_participation_level,safety_mode,status,source_file,participation_level,role_scope,organization_demand,variation_demand,classification_reason,review_required
CLO-001-OP001,CLO-001,شراء ملابس جديدة للأسرة,1,,,معتمد مبدئيًا,Pasted markdown(20).md,advanced,advanced,advanced,advanced,تطابقت الأبعاد الثلاثة: حجم الدور متقدم، الترابط والتنظيم متقدم، الاختيار والتكيف متقدم.,false
CLO-002-OP001,CLO-002,استلام طلب ملابس عبر الإنترنت,1,,,معتمد مبدئيًا,Pasted markdown(20).md,advanced,advanced,advanced,simple,اعتُمد مستوى بُعدين من ثلاثة: حجم الدور متقدم، الترابط والتنظيم متقدم، الاختيار والتكيف بسيط.,false
CLO-003-OP001,CLO-003,إرجاع أو استبدال ملابس غير مناسبة,1,,,معتمد مبدئيًا,Pasted markdown(20).md,advanced,advanced,advanced,moderate,اعتُمد مستوى بُعدين من ثلاثة: حجم الدور متقدم، الترابط والتنظيم متقدم، الاختيار والتكيف متوسط.,false
CLO-004-OP001,CLO-004,اختيار ملابس النهار المناسبة للطقس,1,,,معتمد مبدئيًا,Pasted markdown(20).md,advanced,moderate,advanced,advanced,اعتُمد مستوى بُعدين من ثلاثة: حجم الدور متوسط، الترابط والتنظيم متقدم، الاختيار والتكيف متقدم.,false
CLO-005-OP001,CLO-005,اختيار ملابس النوم,1,,,معتمد مبدئيًا,Pasted markdown(20).md,moderate,moderate,advanced,moderate,اعتُمد مستوى بُعدين من ثلاثة: حجم الدور متوسط، الترابط والتنظيم متقدم، الاختيار والتكيف متوسط.,false
CLO-006-OP001,CLO-006,اختيار ملابس مناسبة لمناسبة اجتماعية أو رسمية,1,,,معتمد مبدئيًا,Pasted markdown(20).md,advanced,moderate,advanced,advanced,اعتُمد مستوى بُعدين من ثلاثة: حجم الدور متوسط، الترابط والتنظيم متقدم، الاختيار والتكيف متقدم.,false
CLO-007-OP001,CLO-007,ارتداء الملابس,1,,,معتمد مبدئيًا,Pasted markdown(20).md,simple,simple,advanced,simple,اعتُمد مستوى بُعدين من ثلاثة: حجم الدور بسيط، الترابط والتنظيم متقدم، الاختيار والتكيف بسيط.,false
CLO-008-OP001,CLO-008,خلع الملابس في نهاية اليوم,1,,,معتمد مبدئيًا,Pasted markdown(20).md,simple,simple,advanced,simple,اعتُمد مستوى بُعدين من ثلاثة: حجم الدور بسيط، الترابط والتنظيم متقدم، الاختيار والتكيف بسيط.,false
CLO-009-OP001,CLO-009,تغيير الملابس بعد اتساخها أو تبللها,1,,,معتمد مبدئيًا,Pasted markdown(20).md,advanced,advanced,advanced,advanced,تطابقت الأبعاد الثلاثة: حجم الدور متقدم، الترابط والتنظيم متقدم، الاختيار والتكيف متقدم.,false
CLO-010-OP001,CLO-010,جمع الملابس المتسخة من أفراد الأسرة,1,,,معتمد مبدئيًا,Pasted markdown(20).md,simple,simple,advanced,simple,اعتُمد مستوى بُعدين من ثلاثة: حجم الدور بسيط، الترابط والتنظيم متقدم، الاختيار والتكيف بسيط.,false
CLO-011-OP001,CLO-011,فرز الملابس المتسخة قبل الغسيل,1,,,معتمد مبدئيًا,Pasted markdown(20).md,moderate,moderate,advanced,simple,حالة حدودية: اختلفت الأبعاد الثلاثة (حجم الدور متوسط، الترابط والتنظيم متقدم، الاختيار والتكيف بسيط)، واعتُمد المستوى المتوسط للمراجعة.,true
CLO-012-OP001,CLO-012,تشغيل دورة غسيل الملابس,1,,,معتمد مبدئيًا,Pasted markdown(20).md,moderate,moderate,advanced,simple,حالة حدودية: اختلفت الأبعاد الثلاثة (حجم الدور متوسط، الترابط والتنظيم متقدم، الاختيار والتكيف بسيط)، واعتُمد المستوى المتوسط للمراجعة.,true
CLO-013-OP001,CLO-013,نشر الملابس لتجفيفها طبيعيًا,1,,,معتمد مبدئيًا,Pasted markdown(20).md,advanced,moderate,advanced,advanced,اعتُمد مستوى بُعدين من ثلاثة: حجم الدور متوسط، الترابط والتنظيم متقدم، الاختيار والتكيف متقدم.,false
CLO-014-OP001,CLO-014,استخدام مجفف الملابس الكهربائي,1,,,معتمد مبدئيًا,Pasted markdown(20).md,moderate,moderate,advanced,simple,حالة حدودية: اختلفت الأبعاد الثلاثة (حجم الدور متوسط، الترابط والتنظيم متقدم، الاختيار والتكيف بسيط)، واعتُمد المستوى المتوسط للمراجعة.,true
CLO-015-OP001,CLO-015,كي الملابس لإزالة التجاعيد,1,,,معتمد مبدئيًا,Pasted markdown(20).md,moderate,moderate,advanced,simple,حالة حدودية: اختلفت الأبعاد الثلاثة (حجم الدور متوسط، الترابط والتنظيم متقدم، الاختيار والتكيف بسيط)، واعتُمد المستوى المتوسط للمراجعة.,true
CLO-016-OP001,CLO-016,طي الملابس النظيفة,1,,,معتمد مبدئيًا,Pasted markdown(20).md,moderate,moderate,advanced,simple,حالة حدودية: اختلفت الأبعاد الثلاثة (حجم الدور متوسط، الترابط والتنظيم متقدم، الاختيار والتكيف بسيط)، واعتُمد المستوى المتوسط للمراجعة.,true
CLO-017-OP001,CLO-017,تعليق الملابس في الخزانة,1,,,معتمد مبدئيًا,Pasted markdown(20).md,moderate,moderate,advanced,simple,حالة حدودية: اختلفت الأبعاد الثلاثة (حجم الدور متوسط، الترابط والتنظيم متقدم، الاختيار والتكيف بسيط)، واعتُمد المستوى المتوسط للمراجعة.,true
CLO-018-OP001,CLO-018,ترتيب وإعادة تنظيم خزانة الملابس,1,,,معتمد مبدئيًا,Pasted markdown(20).md,advanced,advanced,advanced,simple,اعتُمد مستوى بُعدين من ثلاثة: حجم الدور متقدم، الترابط والتنظيم متقدم، الاختيار والتكيف بسيط.,false
CLO-019-OP001,CLO-019,البحث عن قطعة ملابس مفقودة أو مختبئة,1,,,معتمد مبدئيًا,Pasted markdown(20).md,advanced,advanced,advanced,simple,اعتُمد مستوى بُعدين من ثلاثة: حجم الدور متقدم، الترابط والتنظيم متقدم، الاختيار والتكيف بسيط.,false
CLO-020-OP001,CLO-020,تصليح ملابس ممزقة أو تالفة,1,,,معتمد مبدئيًا,Pasted markdown(20).md,moderate,moderate,advanced,simple,حالة حدودية: اختلفت الأبعاد الثلاثة (حجم الدور متوسط، الترابط والتنظيم متقدم، الاختيار والتكيف بسيط)، واعتُمد المستوى المتوسط للمراجعة.,true
CLO-021-OP001,CLO-021,تبديل أزرار مفقودة أو تالفة,1,,,معتمد مبدئيًا,Pasted markdown(20).md,moderate,moderate,advanced,moderate,اعتُمد مستوى بُعدين من ثلاثة: حجم الدور متوسط، الترابط والتنظيم متقدم، الاختيار والتكيف متوسط.,false
CLO-022-OP001,CLO-022,إزالة بقع صعبة من الملابس,1,,,معتمد مبدئيًا,Pasted markdown(20).md,moderate,moderate,advanced,simple,حالة حدودية: اختلفت الأبعاد الثلاثة (حجم الدور متوسط، الترابط والتنظيم متقدم، الاختيار والتكيف بسيط)، واعتُمد المستوى المتوسط للمراجعة.,true
CLO-023-OP001,CLO-023,غسل الملابس الحساسة باليد,1,,,معتمد مبدئيًا,Pasted markdown(20).md,moderate,moderate,advanced,moderate,اعتُمد مستوى بُعدين من ثلاثة: حجم الدور متوسط، الترابط والتنظيم متقدم، الاختيار والتكيف متوسط.,false
CLO-024-OP001,CLO-024,إرسال ملابس خاصة إلى التنظيف الجاف,1,,,معتمد مبدئيًا,Pasted markdown(20).md,moderate,moderate,advanced,simple,حالة حدودية: اختلفت الأبعاد الثلاثة (حجم الدور متوسط، الترابط والتنظيم متقدم، الاختيار والتكيف بسيط)، واعتُمد المستوى المتوسط للمراجعة.,true
CLO-025-OP001,CLO-025,تخزين الملابس الموسمية (شتوية/صيفية),1,,,معتمد مبدئيًا,Pasted markdown(20).md,moderate,moderate,advanced,simple,حالة حدودية: اختلفت الأبعاد الثلاثة (حجم الدور متوسط، الترابط والتنظيم متقدم، الاختيار والتكيف بسيط)، واعتُمد المستوى المتوسط للمراجعة.,true
CLO-026-OP001,CLO-026,إخراج الملابس الموسمية من التخزين,1,,,معتمد مبدئيًا,Pasted markdown(20).md,moderate,moderate,advanced,moderate,اعتُمد مستوى بُعدين من ثلاثة: حجم الدور متوسط، الترابط والتنظيم متقدم، الاختيار والتكيف متوسط.,false
CLO-027-OP001,CLO-027,التبرع بملابس لم تعد مستخدمة,1,,,معتمد مبدئيًا,Pasted markdown(20).md,moderate,moderate,advanced,simple,حالة حدودية: اختلفت الأبعاد الثلاثة (حجم الدور متوسط، الترابط والتنظيم متقدم، الاختيار والتكيف بسيط)، واعتُمد المستوى المتوسط للمراجعة.,true
CLO-028-OP001,CLO-028,التخلص من ملابس بالية غير صالحة,1,,,معتمد مبدئيًا,Pasted markdown(20).md,advanced,advanced,advanced,moderate,اعتُمد مستوى بُعدين من ثلاثة: حجم الدور متقدم، الترابط والتنظيم متقدم، الاختيار والتكيف متوسط.,false
CLO-029-OP001,CLO-029,تمرير ملابس الأطفال الكبار للأصغر سناً,1,,,معتمد مبدئيًا,Pasted markdown(20).md,advanced,advanced,advanced,advanced,تطابقت الأبعاد الثلاثة: حجم الدور متقدم، الترابط والتنظيم متقدم، الاختيار والتكيف متقدم.,false
CLO-030-OP001,CLO-030,استلام ملابس مستعملة من أقارب أو أصدقاء,1,,,معتمد مبدئيًا,Pasted markdown(20).md,simple,simple,advanced,simple,اعتُمد مستوى بُعدين من ثلاثة: حجم الدور بسيط، الترابط والتنظيم متقدم، الاختيار والتكيف بسيط.,false
CLO-031-OP001,CLO-031,تجهيز حقيبة ملابس للسفر أو النزهات,1,,,معتمد مبدئيًا,Pasted markdown(20).md,moderate,moderate,advanced,moderate,اعتُمد مستوى بُعدين من ثلاثة: حجم الدور متوسط، الترابط والتنظيم متقدم، الاختيار والتكيف متوسط.,false
CLO-032-OP001,CLO-032,تفريغ وتنظيف حقيبة الملابس بعد العودة,1,,,معتمد مبدئيًا,Pasted markdown(20).md,moderate,moderate,advanced,simple,حالة حدودية: اختلفت الأبعاد الثلاثة (حجم الدور متوسط، الترابط والتنظيم متقدم، الاختيار والتكيف بسيط)، واعتُمد المستوى المتوسط للمراجعة.,true
CLO-033-OP001,CLO-033,غسل ملابس العودة من السفر أو النشاط الخارجي,1,,,معتمد مبدئيًا,Pasted markdown(20).md,moderate,moderate,advanced,simple,حالة حدودية: اختلفت الأبعاد الثلاثة (حجم الدور متوسط، الترابط والتنظيم متقدم، الاختيار والتكيف بسيط)، واعتُمد المستوى المتوسط للمراجعة.,true
CLO-034-OP001,CLO-034,كتابة أسماء الأطفال على ملابس المدرسة الجديدة,1,,,معتمد مبدئيًا,Pasted markdown(20).md,advanced,advanced,advanced,simple,اعتُمد مستوى بُعدين من ثلاثة: حجم الدور متقدم، الترابط والتنظيم متقدم، الاختيار والتكيف بسيط.,false
CLO-035-OP001,CLO-035,تجهيز ملابس العودة للمدرسة أو العمل,1,,,معتمد مبدئيًا,Pasted markdown(20).md,moderate,moderate,advanced,moderate,اعتُمد مستوى بُعدين من ثلاثة: حجم الدور متوسط، الترابط والتنظيم متقدم، الاختيار والتكيف متوسط.,false
CLO-036-OP001,CLO-036,تجهيز ملابس الرياضة أو النشاط البدني,1,,,معتمد مبدئيًا,Pasted markdown(20).md,moderate,moderate,advanced,moderate,اعتُمد مستوى بُعدين من ثلاثة: حجم الدور متوسط، الترابط والتنظيم متقدم، الاختيار والتكيف متوسط.,false
CLO-037-OP001,CLO-037,غسل ملابس الرياضة أو العمل المتسخة بشكل خاص,1,,,معتمد مبدئيًا,Pasted markdown(20).md,moderate,moderate,advanced,simple,حالة حدودية: اختلفت الأبعاد الثلاثة (حجم الدور متوسط، الترابط والتنظيم متقدم، الاختيار والتكيف بسيط)، واعتُمد المستوى المتوسط للمراجعة.,true
CLO-038-OP001,CLO-038,تهوية الملابس قبل ارتدائها أو تعليقها,1,,,معتمد مبدئيًا,Pasted markdown(20).md,advanced,advanced,advanced,advanced,تطابقت الأبعاد الثلاثة: حجم الدور متقدم، الترابط والتنظيم متقدم، الاختيار والتكيف متقدم.,false
CLO-039-OP001,CLO-039,تغيير اللباس الداخلي اليومي,1,,,معتمد مبدئيًا,Pasted markdown(20).md,moderate,moderate,advanced,simple,حالة حدودية: اختلفت الأبعاد الثلاثة (حجم الدور متوسط، الترابط والتنظيم متقدم، الاختيار والتكيف بسيط)، واعتُمد المستوى المتوسط للمراجعة.,true
CLO-040-OP001,CLO-040,غسل اللباس الداخلي والجوارب بشكل منفصل,1,,,معتمد مبدئيًا,Pasted markdown(20).md,moderate,moderate,advanced,simple,حالة حدودية: اختلفت الأبعاد الثلاثة (حجم الدور متوسط، الترابط والتنظيم متقدم، الاختيار والتكيف بسيط)، واعتُمد المستوى المتوسط للمراجعة.,true
CLO-041-OP001,CLO-041,تنظيف وتلميع الأحذية,1,,,معتمد مبدئيًا,Pasted markdown(20).md,moderate,moderate,advanced,simple,حالة حدودية: اختلفت الأبعاد الثلاثة (حجم الدور متوسط، الترابط والتنظيم متقدم، الاختيار والتكيف بسيط)، واعتُمد المستوى المتوسط للمراجعة.,true
CLO-042-OP001,CLO-042,ترتيب الأحذية في مكان التخزين المخصص,1,,,معتمد مبدئيًا,Pasted markdown(20).md,moderate,moderate,advanced,simple,حالة حدودية: اختلفت الأبعاد الثلاثة (حجم الدور متوسط، الترابط والتنظيم متقدم، الاختيار والتكيف بسيط)، واعتُمد المستوى المتوسط للمراجعة.,true
CLO-043-OP001,CLO-043,البحث عن زوج حذاء مناسب للمناسبة,1,,,معتمد مبدئيًا,Pasted markdown(20).md,advanced,advanced,advanced,advanced,تطابقت الأبعاد الثلاثة: حجم الدور متقدم، الترابط والتنظيم متقدم، الاختيار والتكيف متقدم.,false
CLO-044-OP001,CLO-044,إصلاح أو صيانة الأحذية التالفة,1,,,معتمد مبدئيًا,Pasted markdown(20).md,moderate,moderate,advanced,simple,حالة حدودية: اختلفت الأبعاد الثلاثة (حجم الدور متوسط، الترابط والتنظيم متقدم، الاختيار والتكيف بسيط)، واعتُمد المستوى المتوسط للمراجعة.,true
CLO-045-OP001,CLO-045,تخزين وترتيب الإكسسوارات (أحزمة، أوشحة، ربطات),1,,,معتمد مبدئيًا,Pasted markdown(20).md,moderate,moderate,advanced,simple,حالة حدودية: اختلفت الأبعاد الثلاثة (حجم الدور متوسط، الترابط والتنظيم متقدم، الاختيار والتكيف بسيط)، واعتُمد المستوى المتوسط للمراجعة.,true
CLO-046-OP001,CLO-046,اختيار إكسسوارات مناسبة للملابس المرتداة,1,,,معتمد مبدئيًا,Pasted markdown(20).md,advanced,moderate,advanced,advanced,اعتُمد مستوى بُعدين من ثلاثة: حجم الدور متوسط، الترابط والتنظيم متقدم، الاختيار والتكيف متقدم.,false
CLO-047-OP001,CLO-047,تغيير ملابس الطفل بعد الحادثات (التبول/التبرز),1,,,معتمد مبدئيًا,Pasted markdown(20).md,advanced,advanced,advanced,advanced,تطابقت الأبعاد الثلاثة: حجم الدور متقدم، الترابط والتنظيم متقدم، الاختيار والتكيف متقدم.,false
CLO-048-OP001,CLO-048,غسل ملابس الأطفال الرضع بشكل منفصل,1,,,معتمد مبدئيًا,Pasted markdown(20).md,moderate,moderate,advanced,simple,حالة حدودية: اختلفت الأبعاد الثلاثة (حجم الدور متوسط، الترابط والتنظيم متقدم، الاختيار والتكيف بسيط)، واعتُمد المستوى المتوسط للمراجعة.,true
CLO-049-OP001,CLO-049,ترتيب ملابس الأطفال حسب العمر والمقاس,1,,,معتمد مبدئيًا,Pasted markdown(20).md,moderate,moderate,advanced,moderate,اعتُمد مستوى بُعدين من ثلاثة: حجم الدور متوسط، الترابط والتنظيم متقدم، الاختيار والتكيف متوسط.,false
CLO-050-OP001,CLO-050,تفقد مقاسات الملابس وتحديثها مع نمو الأطفال,1,,,معتمد مبدئيًا,Pasted markdown(20).md,moderate,moderate,advanced,simple,حالة حدودية: اختلفت الأبعاد الثلاثة (حجم الدور متوسط، الترابط والتنظيم متقدم، الاختيار والتكيف بسيط)، واعتُمد المستوى المتوسط للمراجعة.,true
COMM-001-OP001,COMM-001,خلع الحذاء في المكان المخصص,1,,,معتمد مبدئيًا,community_opportunities_assistant_2,simple,simple,advanced,simple,اعتُمد مستوى بُعدين من ثلاثة: حجم الدور بسيط، الترابط والتنظيم متقدم، الاختيار والتكيف بسيط.,false
COMM-001-OP002,COMM-001,التوجه إلى مكان الصلاة داخل دار العبادة,2,,,معتمد مبدئيًا,community_opportunities_assistant_2,moderate,advanced,moderate,moderate,اعتُمد مستوى بُعدين من ثلاثة: حجم الدور متقدم، الترابط والتنظيم متوسط، الاختيار والتكيف متوسط.,false
COMM-001-OP003,COMM-001,المشاركة في الشعائر الدينية,3,,,معتمد مبدئيًا,community_opportunities_assistant_2,moderate,moderate,moderate,simple,اعتُمد مستوى بُعدين من ثلاثة: حجم الدور متوسط، الترابط والتنظيم متوسط، الاختيار والتكيف بسيط.,false
COMM-001-OP004,COMM-001,مغادرة المكان بانتظام,4,,,معتمد مبدئيًا,community_opportunities_assistant_2,simple,simple,moderate,simple,اعتُمد مستوى بُعدين من ثلاثة: حجم الدور بسيط، الترابط والتنظيم متوسط، الاختيار والتكيف بسيط.,false
COMM-002-OP001,COMM-002,تجهيز أغراض النزهة,1,,,معتمد مبدئيًا,community_opportunities_assistant_2,simple,moderate,simple,simple,اعتُمد مستوى بُعدين من ثلاثة: حجم الدور متوسط، الترابط والتنظيم بسيط، الاختيار والتكيف بسيط.,false
COMM-002-OP002,COMM-002,اختيار موقع الجلوس المناسب,2,,,معتمد مبدئيًا,community_opportunities_assistant_2,moderate,moderate,moderate,advanced,اعتُمد مستوى بُعدين من ثلاثة: حجم الدور متوسط، الترابط والتنظيم متوسط، الاختيار والتكيف متقدم.,false
COMM-002-OP003,COMM-002,المشاركة في المشي داخل الحديقة,3,,,معتمد مبدئيًا,community_opportunities_assistant_2,moderate,moderate,moderate,simple,اعتُمد مستوى بُعدين من ثلاثة: حجم الدور متوسط، الترابط والتنظيم متوسط، الاختيار والتكيف بسيط.,false
COMM-002-OP004,COMM-002,جمع الأغراض والمخلفات قبل المغادرة,4,,,معتمد مبدئيًا,community_opportunities_assistant_2,simple,simple,moderate,simple,اعتُمد مستوى بُعدين من ثلاثة: حجم الدور بسيط، الترابط والتنظيم متوسط، الاختيار والتكيف بسيط.,false
COMM-003-OP001,COMM-003,ارتداء الملابس والأحذية المناسبة للمشي,1,,,معتمد مبدئيًا,community_opportunities_assistant_2,simple,simple,simple,moderate,اعتُمد مستوى بُعدين من ثلاثة: حجم الدور بسيط، الترابط والتنظيم بسيط، الاختيار والتكيف متوسط.,false
COMM-003-OP002,COMM-003,اختيار مسار المشي في الحي,2,,,معتمد مبدئيًا,community_opportunities_assistant_2,moderate,moderate,moderate,advanced,اعتُمد مستوى بُعدين من ثلاثة: حجم الدور متوسط، الترابط والتنظيم متوسط، الاختيار والتكيف متقدم.,false
COMM-003-OP003,COMM-003,عبور الشارع من الأماكن المخصصة,3,,إشراف مباشر,معتمد مبدئيًا,community_opportunities_assistant_2,moderate,moderate,advanced,simple,حالة حدودية: اختلفت الأبعاد الثلاثة (حجم الدور متوسط، الترابط والتنظيم متقدم، الاختيار والتكيف بسيط)، واعتُمد المستوى المتوسط للمراجعة.,true
COMM-003-OP004,COMM-003,العودة إلى المنزل بعد انتهاء الجولة,4,,,معتمد مبدئيًا,community_opportunities_assistant_2,advanced,advanced,advanced,simple,اعتُمد مستوى بُعدين من ثلاثة: حجم الدور متقدم، الترابط والتنظيم متقدم، الاختيار والتكيف بسيط.,false
COMM-004-OP001,COMM-004,إعداد شيء بسيط يؤخذ للزيارة,1,,,معتمد مبدئيًا,community_opportunities_assistant_2,advanced,advanced,simple,advanced,اعتُمد مستوى بُعدين من ثلاثة: حجم الدور متقدم، الترابط والتنظيم بسيط، الاختيار والتكيف متقدم.,false
COMM-004-OP002,COMM-004,طرق الباب أو استخدام الجرس عند الوصول,2,,,معتمد مبدئيًا,community_opportunities_assistant_2,advanced,advanced,advanced,simple,اعتُمد مستوى بُعدين من ثلاثة: حجم الدور متقدم، الترابط والتنظيم متقدم، الاختيار والتكيف بسيط.,false
COMM-004-OP003,COMM-004,إلقاء التحية على الأقارب,3,,,معتمد مبدئيًا,community_opportunities_assistant_2,simple,simple,moderate,simple,اعتُمد مستوى بُعدين من ثلاثة: حجم الدور بسيط، الترابط والتنظيم متوسط، الاختيار والتكيف بسيط.,false
COMM-004-OP004,COMM-004,المشاركة في تقديم المساعدة أثناء الزيارة,4,,,معتمد مبدئيًا,community_opportunities_assistant_2,moderate,advanced,simple,moderate,حالة حدودية: اختلفت الأبعاد الثلاثة (حجم الدور متقدم، الترابط والتنظيم بسيط، الاختيار والتكيف متوسط)، واعتُمد المستوى المتوسط للمراجعة.,true
COMM-004-OP005,COMM-004,توديع الأقارب عند المغادرة,5,,,معتمد مبدئيًا,community_opportunities_assistant_2,moderate,moderate,moderate,simple,اعتُمد مستوى بُعدين من ثلاثة: حجم الدور متوسط، الترابط والتنظيم متوسط، الاختيار والتكيف بسيط.,false
COMM-005-OP001,COMM-005,تحديد موعد ومكان اللقاء الأسري,1,,,معتمد مبدئيًا,community_opportunities_assistant_2,advanced,advanced,moderate,advanced,اعتُمد مستوى بُعدين من ثلاثة: حجم الدور متقدم، الترابط والتنظيم متوسط، الاختيار والتكيف متقدم.,false
COMM-005-OP002,COMM-005,استقبال أفراد الأسرة عند الوصول,2,,,معتمد مبدئيًا,community_opportunities_assistant_2,moderate,moderate,moderate,simple,اعتُمد مستوى بُعدين من ثلاثة: حجم الدور متوسط، الترابط والتنظيم متوسط، الاختيار والتكيف بسيط.,false
COMM-005-OP003,COMM-005,اختيار مقعد للجلوس مع المجموعة,3,,,معتمد مبدئيًا,community_opportunities_assistant_2,moderate,moderate,moderate,advanced,اعتُمد مستوى بُعدين من ثلاثة: حجم الدور متوسط، الترابط والتنظيم متوسط، الاختيار والتكيف متقدم.,false
COMM-005-OP004,COMM-005,توديع أفراد الأسرة بعد انتهاء اللقاء,4,,,معتمد مبدئيًا,community_opportunities_assistant_2,moderate,advanced,moderate,simple,حالة حدودية: اختلفت الأبعاد الثلاثة (حجم الدور متقدم، الترابط والتنظيم متوسط، الاختيار والتكيف بسيط)، واعتُمد المستوى المتوسط للمراجعة.,true
COMM-006-OP001,COMM-006,الاطلاع على قائمة المشروبات,1,,,معتمد مبدئيًا,community_opportunities_assistant_2,moderate,moderate,moderate,moderate,تطابقت الأبعاد الثلاثة: حجم الدور متوسط، الترابط والتنظيم متوسط، الاختيار والتكيف متوسط.,false
COMM-006-OP002,COMM-006,إبلاغ الموظف بالطلب,2,,,معتمد مبدئيًا,community_opportunities_assistant_2,moderate,advanced,moderate,simple,حالة حدودية: اختلفت الأبعاد الثلاثة (حجم الدور متقدم، الترابط والتنظيم متوسط، الاختيار والتكيف بسيط)، واعتُمد المستوى المتوسط للمراجعة.,true
COMM-006-OP003,COMM-006,دفع الحساب,3,,مرافقة,معتمد مبدئيًا,community_opportunities_assistant_2,simple,advanced,simple,simple,اعتُمد مستوى بُعدين من ثلاثة: حجم الدور متقدم، الترابط والتنظيم بسيط، الاختيار والتكيف بسيط.,false
COMM-006-OP004,COMM-006,استلام الطلب والجلوس,4,,,معتمد مبدئيًا,community_opportunities_assistant_2,moderate,advanced,moderate,simple,حالة حدودية: اختلفت الأبعاد الثلاثة (حجم الدور متقدم، الترابط والتنظيم متوسط، الاختيار والتكيف بسيط)، واعتُمد المستوى المتوسط للمراجعة.,true
COMM-007-OP001,COMM-007,طلب المساعدة في اختيار طاولة,1,,,معتمد مبدئيًا,community_opportunities_assistant_2,advanced,advanced,simple,advanced,اعتُمد مستوى بُعدين من ثلاثة: حجم الدور متقدم، الترابط والتنظيم بسيط، الاختيار والتكيف متقدم.,false
COMM-007-OP002,COMM-007,اختيار الوجبة من القائمة,2,,,معتمد مبدئيًا,community_opportunities_assistant_2,moderate,moderate,moderate,advanced,اعتُمد مستوى بُعدين من ثلاثة: حجم الدور متوسط، الترابط والتنظيم متوسط، الاختيار والتكيف متقدم.,false
COMM-007-OP003,COMM-007,إبلاغ النادل بالطلب,3,,,معتمد مبدئيًا,community_opportunities_assistant_2,simple,advanced,simple,simple,اعتُمد مستوى بُعدين من ثلاثة: حجم الدور متقدم، الترابط والتنظيم بسيط، الاختيار والتكيف بسيط.,false
COMM-007-OP004,COMM-007,دفع الحساب عند الانتهاء,4,,إشراف مباشر,معتمد مبدئيًا,community_opportunities_assistant_2,simple,advanced,simple,simple,اعتُمد مستوى بُعدين من ثلاثة: حجم الدور متقدم، الترابط والتنظيم بسيط، الاختيار والتكيف بسيط.,false
COMM-008-OP001,COMM-008,التوجه لاستلام الطلب المحجوز,1,,,معتمد مبدئيًا,community_opportunities_assistant_2,simple,advanced,simple,simple,اعتُمد مستوى بُعدين من ثلاثة: حجم الدور متقدم، الترابط والتنظيم بسيط، الاختيار والتكيف بسيط.,false
COMM-008-OP002,COMM-008,إعطاء الاسم أو رقم الطلب للموظف,2,,,معتمد مبدئيًا,community_opportunities_assistant_2,moderate,advanced,moderate,simple,حالة حدودية: اختلفت الأبعاد الثلاثة (حجم الدور متقدم، الترابط والتنظيم متوسط، الاختيار والتكيف بسيط)، واعتُمد المستوى المتوسط للمراجعة.,true
COMM-008-OP003,COMM-008,التأكد من محتويات الطلب قبل المغادرة,3,,,معتمد مبدئيًا,community_opportunities_assistant_2,moderate,advanced,moderate,simple,حالة حدودية: اختلفت الأبعاد الثلاثة (حجم الدور متقدم، الترابط والتنظيم متوسط، الاختيار والتكيف بسيط)، واعتُمد المستوى المتوسط للمراجعة.,true
COMM-009-OP001,COMM-009,تقديم بطاقة العضوية للاستعلامات,1,,,معتمد مبدئيًا,community_opportunities_assistant_2,simple,simple,moderate,simple,اعتُمد مستوى بُعدين من ثلاثة: حجم الدور بسيط، الترابط والتنظيم متوسط، الاختيار والتكيف بسيط.,false
COMM-009-OP002,COMM-009,البحث عن القسم المراد تصفحه,2,,,معتمد مبدئيًا,community_opportunities_assistant_2,simple,moderate,simple,simple,اعتُمد مستوى بُعدين من ثلاثة: حجم الدور متوسط، الترابط والتنظيم بسيط، الاختيار والتكيف بسيط.,false
COMM-009-OP003,COMM-009,اختيار أماكن الجلوس للقراءة,3,,,معتمد مبدئيًا,community_opportunities_assistant_2,moderate,moderate,moderate,moderate,تطابقت الأبعاد الثلاثة: حجم الدور متوسط، الترابط والتنظيم متوسط، الاختيار والتكيف متوسط.,false
COMM-009-OP004,COMM-009,إعادة الكتب لمكانها بعد الانتهاء,4,,,معتمد مبدئيًا,community_opportunities_assistant_2,moderate,moderate,moderate,simple,اعتُمد مستوى بُعدين من ثلاثة: حجم الدور متوسط، الترابط والتنظيم متوسط، الاختيار والتكيف بسيط.,false
COMM-010-OP001,COMM-010,اختيار الكتاب المراد استعارته,1,,,معتمد مبدئيًا,community_opportunities_assistant_2,moderate,moderate,moderate,advanced,اعتُمد مستوى بُعدين من ثلاثة: حجم الدور متوسط، الترابط والتنظيم متوسط، الاختيار والتكيف متقدم.,false
COMM-010-OP002,COMM-010,تقديم البطاقة للموظف لإتمام الإعارة,2,,,معتمد مبدئيًا,community_opportunities_assistant_2,simple,simple,moderate,simple,اعتُمد مستوى بُعدين من ثلاثة: حجم الدور بسيط، الترابط والتنظيم متوسط، الاختيار والتكيف بسيط.,false
COMM-010-OP003,COMM-010,استلام إيصال موعد الإرجاع,3,,,معتمد مبدئيًا,community_opportunities_assistant_2,moderate,advanced,moderate,simple,حالة حدودية: اختلفت الأبعاد الثلاثة (حجم الدور متقدم، الترابط والتنظيم متوسط، الاختيار والتكيف بسيط)، واعتُمد المستوى المتوسط للمراجعة.,true
COMM-011-OP001,COMM-011,التوجه لمكتب إرجاع الكتب,1,,,معتمد مبدئيًا,community_opportunities_assistant_2,simple,moderate,simple,simple,اعتُمد مستوى بُعدين من ثلاثة: حجم الدور متوسط، الترابط والتنظيم بسيط، الاختيار والتكيف بسيط.,false
COMM-011-OP002,COMM-011,تسليم الكتب للموظف أو وضعها في الصندوق,2,,,معتمد مبدئيًا,community_opportunities_assistant_2,moderate,simple,moderate,moderate,اعتُمد مستوى بُعدين من ثلاثة: حجم الدور بسيط، الترابط والتنظيم متوسط، الاختيار والتكيف متوسط.,false
COMM-011-OP003,COMM-011,التأكد من إتمام عملية الإرجاع في النظام,3,,,معتمد مبدئيًا,community_opportunities_assistant_2,moderate,advanced,moderate,simple,حالة حدودية: اختلفت الأبعاد الثلاثة (حجم الدور متقدم، الترابط والتنظيم متوسط، الاختيار والتكيف بسيط)، واعتُمد المستوى المتوسط للمراجعة.,true
COMM-012-OP001,COMM-012,إبراز تذكرة الحضور عند المدخل,1,,,معتمد مبدئيًا,community_opportunities_assistant_2,moderate,moderate,moderate,simple,اعتُمد مستوى بُعدين من ثلاثة: حجم الدور متوسط، الترابط والتنظيم متوسط، الاختيار والتكيف بسيط.,false
COMM-012-OP002,COMM-012,الوصول للمقعد المخصص,2,,,معتمد مبدئيًا,community_opportunities_assistant_2,simple,simple,moderate,simple,اعتُمد مستوى بُعدين من ثلاثة: حجم الدور بسيط، الترابط والتنظيم متوسط، الاختيار والتكيف بسيط.,false
COMM-012-OP003,COMM-012,المشاركة في التفاعل أثناء الفعالية,3,,,معتمد مبدئيًا,community_opportunities_assistant_2,simple,moderate,simple,simple,اعتُمد مستوى بُعدين من ثلاثة: حجم الدور متوسط، الترابط والتنظيم بسيط، الاختيار والتكيف بسيط.,false
COMM-012-OP004,COMM-012,المغادرة بعد انتهاء النشاط,4,,,معتمد مبدئيًا,community_opportunities_assistant_2,moderate,moderate,moderate,simple,اعتُمد مستوى بُعدين من ثلاثة: حجم الدور متوسط، الترابط والتنظيم متوسط، الاختيار والتكيف بسيط.,false
COMM-013-OP001,COMM-013,الحصول على جدول الفعاليات أو خريطة المعرض,1,,,معتمد مبدئيًا,community_opportunities_assistant_2,moderate,advanced,moderate,simple,حالة حدودية: اختلفت الأبعاد الثلاثة (حجم الدور متقدم، الترابط والتنظيم متوسط، الاختيار والتكيف بسيط)، واعتُمد المستوى المتوسط للمراجعة.,true
COMM-013-OP002,COMM-013,التنقل بين الأجنحة,2,,,معتمد مبدئيًا,community_opportunities_assistant_2,moderate,simple,moderate,moderate,اعتُمد مستوى بُعدين من ثلاثة: حجم الدور بسيط، الترابط والتنظيم متوسط، الاختيار والتكيف متوسط.,false
COMM-013-OP003,COMM-013,الاستفسار من ممثلي الأجنحة عن المعروضات,3,,,معتمد مبدئيًا,community_opportunities_assistant_2,moderate,advanced,moderate,simple,حالة حدودية: اختلفت الأبعاد الثلاثة (حجم الدور متقدم، الترابط والتنظيم متوسط، الاختيار والتكيف بسيط)، واعتُمد المستوى المتوسط للمراجعة.,true
COMM-014-OP001,COMM-014,شراء تذكرة العرض,1,,مرافقة,معتمد مبدئيًا,community_opportunities_assistant_2,moderate,advanced,moderate,simple,حالة حدودية: اختلفت الأبعاد الثلاثة (حجم الدور متقدم، الترابط والتنظيم متوسط، الاختيار والتكيف بسيط)، واعتُمد المستوى المتوسط للمراجعة.,true
COMM-014-OP002,COMM-014,شراء وجبات خفيفة قبل بدء العرض,2,,,معتمد مبدئيًا,community_opportunities_assistant_2,moderate,advanced,moderate,moderate,اعتُمد مستوى بُعدين من ثلاثة: حجم الدور متقدم، الترابط والتنظيم متوسط، الاختيار والتكيف متوسط.,false
COMM-014-OP003,COMM-014,التوجه للمقعد الخاص,3,,,معتمد مبدئيًا,community_opportunities_assistant_2,simple,simple,moderate,simple,اعتُمد مستوى بُعدين من ثلاثة: حجم الدور بسيط، الترابط والتنظيم متوسط، الاختيار والتكيف بسيط.,false
COMM-014-OP004,COMM-014,مغادرة القاعة بعد انتهاء العرض,4,,,معتمد مبدئيًا,community_opportunities_assistant_2,moderate,moderate,moderate,simple,اعتُمد مستوى بُعدين من ثلاثة: حجم الدور متوسط، الترابط والتنظيم متوسط، الاختيار والتكيف بسيط.,false
COMM-015-OP001,COMM-015,قطع تذكرة الدخول,1,,,معتمد مبدئيًا,community_opportunities_assistant_2,simple,simple,moderate,simple,اعتُمد مستوى بُعدين من ثلاثة: حجم الدور بسيط، الترابط والتنظيم متوسط، الاختيار والتكيف بسيط.,false
COMM-015-OP002,COMM-015,التجول في أروقة المتحف,2,,,معتمد مبدئيًا,community_opportunities_assistant_2,moderate,moderate,moderate,moderate,تطابقت الأبعاد الثلاثة: حجم الدور متوسط، الترابط والتنظيم متوسط، الاختيار والتكيف متوسط.,false
COMM-015-OP003,COMM-015,قراءة اللوحات التعريفية للأعمال,3,,,معتمد مبدئيًا,community_opportunities_assistant_2,moderate,moderate,moderate,simple,اعتُمد مستوى بُعدين من ثلاثة: حجم الدور متوسط، الترابط والتنظيم متوسط، الاختيار والتكيف بسيط.,false
COMM-015-OP004,COMM-015,التوجه لمتجر المتحف التذكاري,4,,,معتمد مبدئيًا,community_opportunities_assistant_2,moderate,moderate,moderate,advanced,اعتُمد مستوى بُعدين من ثلاثة: حجم الدور متوسط، الترابط والتنظيم متوسط، الاختيار والتكيف متقدم.,false
COMM-016-OP001,COMM-016,تعبئة طلب الانضمام أو التجديد,1,,,معتمد مبدئيًا,community_opportunities_assistant_2,moderate,advanced,moderate,simple,حالة حدودية: اختلفت الأبعاد الثلاثة (حجم الدور متقدم، الترابط والتنظيم متوسط، الاختيار والتكيف بسيط)، واعتُمد المستوى المتوسط للمراجعة.,true
COMM-016-OP002,COMM-016,دفع الرسوم,2,,إشراف مباشر,معتمد مبدئيًا,community_opportunities_assistant_2,simple,advanced,simple,simple,اعتُمد مستوى بُعدين من ثلاثة: حجم الدور متقدم، الترابط والتنظيم بسيط، الاختيار والتكيف بسيط.,false
COMM-016-OP003,COMM-016,استلام بطاقة العضوية,3,,,معتمد مبدئيًا,community_opportunities_assistant_2,simple,simple,moderate,simple,اعتُمد مستوى بُعدين من ثلاثة: حجم الدور بسيط، الترابط والتنظيم متوسط، الاختيار والتكيف بسيط.,false
COMM-017-OP001,COMM-017,ارتداء ملابس التمرين,1,,,معتمد مبدئيًا,community_opportunities_assistant_2,simple,simple,simple,simple,تطابقت الأبعاد الثلاثة: حجم الدور بسيط، الترابط والتنظيم بسيط، الاختيار والتكيف بسيط.,false
COMM-017-OP002,COMM-017,التوجه للملعب أو الصالة المحددة,2,,,معتمد مبدئيًا,community_opportunities_assistant_2,moderate,moderate,moderate,simple,اعتُمد مستوى بُعدين من ثلاثة: حجم الدور متوسط، الترابط والتنظيم متوسط، الاختيار والتكيف بسيط.,false
COMM-017-OP003,COMM-017,المشاركة في التمرين الجماعي,3,,,معتمد مبدئيًا,community_opportunities_assistant_2,simple,moderate,simple,simple,اعتُمد مستوى بُعدين من ثلاثة: حجم الدور متوسط، الترابط والتنظيم بسيط، الاختيار والتكيف بسيط.,false
COMM-017-OP004,COMM-017,ترتيب الأدوات بعد الانتهاء,4,,,معتمد مبدئيًا,community_opportunities_assistant_2,moderate,moderate,moderate,simple,اعتُمد مستوى بُعدين من ثلاثة: حجم الدور متوسط، الترابط والتنظيم متوسط، الاختيار والتكيف بسيط.,false
COMM-018-OP001,COMM-018,الوصول إلى المرافق الرياضية,1,,,معتمد مبدئيًا,community_opportunities_assistant_2,moderate,moderate,moderate,simple,اعتُمد مستوى بُعدين من ثلاثة: حجم الدور متوسط، الترابط والتنظيم متوسط، الاختيار والتكيف بسيط.,false
COMM-018-OP002,COMM-018,استخدام الأجهزة المتاحة في الملعب,2,,,معتمد مبدئيًا,community_opportunities_assistant_2,moderate,moderate,moderate,simple,اعتُمد مستوى بُعدين من ثلاثة: حجم الدور متوسط، الترابط والتنظيم متوسط، الاختيار والتكيف بسيط.,false
COMM-018-OP003,COMM-018,مغادرة الموقع بعد انتهاء التمرين,3,,,معتمد مبدئيًا,community_opportunities_assistant_2,moderate,moderate,moderate,simple,اعتُمد مستوى بُعدين من ثلاثة: حجم الدور متوسط، الترابط والتنظيم متوسط، الاختيار والتكيف بسيط.,false
COMM-019-OP001,COMM-019,تجهيز أغراض السباحة أو الاستجمام,1,,,معتمد مبدئيًا,community_opportunities_assistant_2,simple,moderate,simple,simple,اعتُمد مستوى بُعدين من ثلاثة: حجم الدور متوسط، الترابط والتنظيم بسيط، الاختيار والتكيف بسيط.,false
COMM-019-OP002,COMM-019,اختيار موقع الجلوس على الشاطئ,2,,,معتمد مبدئيًا,community_opportunities_assistant_2,moderate,moderate,moderate,advanced,اعتُمد مستوى بُعدين من ثلاثة: حجم الدور متوسط، الترابط والتنظيم متوسط، الاختيار والتكيف متقدم.,false
COMM-019-OP003,COMM-019,السباحة أو المشي في المناطق المحددة,3,,إشراف مباشر,معتمد مبدئيًا,community_opportunities_assistant_2,moderate,advanced,moderate,simple,حالة حدودية: اختلفت الأبعاد الثلاثة (حجم الدور متقدم، الترابط والتنظيم متوسط، الاختيار والتكيف بسيط)، واعتُمد المستوى المتوسط للمراجعة.,true
COMM-019-OP004,COMM-019,جمع المخلفات قبل المغادرة,4,,,معتمد مبدئيًا,community_opportunities_assistant_2,simple,simple,moderate,simple,اعتُمد مستوى بُعدين من ثلاثة: حجم الدور بسيط، الترابط والتنظيم متوسط، الاختيار والتكيف بسيط.,false
COMM-020-OP001,COMM-020,التجول في أرجاء السوق,1,,,معتمد مبدئيًا,community_opportunities_assistant_2,moderate,moderate,moderate,moderate,تطابقت الأبعاد الثلاثة: حجم الدور متوسط، الترابط والتنظيم متوسط، الاختيار والتكيف متوسط.,false
COMM-020-OP002,COMM-020,الاستفسار عن جودة أو نوع المنتجات,2,,,معتمد مبدئيًا,community_opportunities_assistant_2,moderate,advanced,moderate,simple,حالة حدودية: اختلفت الأبعاد الثلاثة (حجم الدور متقدم، الترابط والتنظيم متوسط، الاختيار والتكيف بسيط)، واعتُمد المستوى المتوسط للمراجعة.,true
COMM-020-OP003,COMM-020,شراء المقتنيات المطلوبة,3,,,معتمد مبدئيًا,community_opportunities_assistant_2,advanced,advanced,advanced,simple,اعتُمد مستوى بُعدين من ثلاثة: حجم الدور متقدم، الترابط والتنظيم متقدم، الاختيار والتكيف بسيط.,false
COMM-021-OP001,COMM-021,استخدام خريطة المركز,1,,,معتمد مبدئيًا,community_opportunities_assistant_2,moderate,simple,moderate,moderate,اعتُمد مستوى بُعدين من ثلاثة: حجم الدور بسيط، الترابط والتنظيم متوسط، الاختيار والتكيف متوسط.,false
COMM-021-OP002,COMM-021,زيارة المتاجر المطلوبة,2,,,معتمد مبدئيًا,community_opportunities_assistant_2,moderate,advanced,moderate,simple,حالة حدودية: اختلفت الأبعاد الثلاثة (حجم الدور متقدم، الترابط والتنظيم متوسط، الاختيار والتكيف بسيط)، واعتُمد المستوى المتوسط للمراجعة.,true
COMM-021-OP003,COMM-021,اختيار مطعم أو مقهى للاستراحة,3,,,معتمد مبدئيًا,community_opportunities_assistant_2,moderate,moderate,moderate,advanced,اعتُمد مستوى بُعدين من ثلاثة: حجم الدور متوسط، الترابط والتنظيم متوسط، الاختيار والتكيف متقدم.,false
COMM-022-OP001,COMM-022,التوجه للصالون والحجز,1,,,معتمد مبدئيًا,community_opportunities_assistant_2,moderate,advanced,moderate,simple,حالة حدودية: اختلفت الأبعاد الثلاثة (حجم الدور متقدم، الترابط والتنظيم متوسط، الاختيار والتكيف بسيط)، واعتُمد المستوى المتوسط للمراجعة.,true
COMM-022-OP002,COMM-022,طلب نوع الحلاقة أو العناية المطلوبة,2,,,معتمد مبدئيًا,community_opportunities_assistant_2,simple,advanced,simple,simple,اعتُمد مستوى بُعدين من ثلاثة: حجم الدور متقدم، الترابط والتنظيم بسيط، الاختيار والتكيف بسيط.,false
COMM-022-OP003,COMM-022,دفع قيمة الخدمة,3,,مرافقة,معتمد مبدئيًا,community_opportunities_assistant_2,simple,advanced,simple,simple,اعتُمد مستوى بُعدين من ثلاثة: حجم الدور متقدم، الترابط والتنظيم بسيط، الاختيار والتكيف بسيط.,false
COMM-023-OP001,COMM-023,حمل الملابس المراد تسليمها,1,,,معتمد مبدئيًا,community_opportunities_assistant_2,simple,simple,simple,simple,تطابقت الأبعاد الثلاثة: حجم الدور بسيط، الترابط والتنظيم بسيط، الاختيار والتكيف بسيط.,false
COMM-023-OP002,COMM-023,تسليم الملابس للموظف,2,,,معتمد مبدئيًا,community_opportunities_assistant_2,simple,simple,moderate,simple,اعتُمد مستوى بُعدين من ثلاثة: حجم الدور بسيط، الترابط والتنظيم متوسط، الاختيار والتكيف بسيط.,false
COMM-023-OP003,COMM-023,استلام إيصال الاستلام,3,,,معتمد مبدئيًا,community_opportunities_assistant_2,simple,simple,moderate,simple,اعتُمد مستوى بُعدين من ثلاثة: حجم الدور بسيط، الترابط والتنظيم متوسط، الاختيار والتكيف بسيط.,false
COMM-024-OP001,COMM-024,التوجه لمكتب البريد,1,,,معتمد مبدئيًا,community_opportunities_assistant_2,simple,simple,moderate,simple,اعتُمد مستوى بُعدين من ثلاثة: حجم الدور بسيط، الترابط والتنظيم متوسط، الاختيار والتكيف بسيط.,false
COMM-024-OP002,COMM-024,طلب الخدمة (إرسال أو استلام),2,,,معتمد مبدئيًا,community_opportunities_assistant_2,moderate,advanced,moderate,simple,حالة حدودية: اختلفت الأبعاد الثلاثة (حجم الدور متقدم، الترابط والتنظيم متوسط، الاختيار والتكيف بسيط)، واعتُمد المستوى المتوسط للمراجعة.,true
COMM-024-OP003,COMM-024,إتمام المعاملة المالية,3,,إشراف مباشر,معتمد مبدئيًا,community_opportunities_assistant_2,simple,simple,simple,simple,تطابقت الأبعاد الثلاثة: حجم الدور بسيط، الترابط والتنظيم بسيط، الاختيار والتكيف بسيط.,false
COMM-025-OP001,COMM-025,تعبئة بيانات العنوان على الطرد,1,,,معتمد مبدئيًا,community_opportunities_assistant_2,simple,moderate,simple,simple,اعتُمد مستوى بُعدين من ثلاثة: حجم الدور متوسط، الترابط والتنظيم بسيط، الاختيار والتكيف بسيط.,false
COMM-025-OP002,COMM-025,تسليم الطرد للموظف,2,,,معتمد مبدئيًا,community_opportunities_assistant_2,simple,simple,moderate,simple,اعتُمد مستوى بُعدين من ثلاثة: حجم الدور بسيط، الترابط والتنظيم متوسط، الاختيار والتكيف بسيط.,false
COMM-025-OP003,COMM-025,استلام إيصال الإرسال,3,,,معتمد مبدئيًا,community_opportunities_assistant_2,simple,simple,moderate,simple,اعتُمد مستوى بُعدين من ثلاثة: حجم الدور بسيط، الترابط والتنظيم متوسط، الاختيار والتكيف بسيط.,false
COMM-026-OP001,COMM-026,تقديم رقم التتبع للموظف,1,,,معتمد مبدئيًا,community_opportunities_assistant_2,simple,simple,moderate,simple,اعتُمد مستوى بُعدين من ثلاثة: حجم الدور بسيط، الترابط والتنظيم متوسط، الاختيار والتكيف بسيط.,false
COMM-026-OP002,COMM-026,إبراز الهوية للاستلام,2,,,معتمد مبدئيًا,community_opportunities_assistant_2,simple,simple,moderate,simple,اعتُمد مستوى بُعدين من ثلاثة: حجم الدور بسيط، الترابط والتنظيم متوسط، الاختيار والتكيف بسيط.,false
COMM-026-OP003,COMM-026,توقيع نموذج الاستلام,3,,,معتمد مبدئيًا,community_opportunities_assistant_2,simple,simple,simple,simple,تطابقت الأبعاد الثلاثة: حجم الدور بسيط، الترابط والتنظيم بسيط، الاختيار والتكيف بسيط.,false
COMM-027-OP001,COMM-027,التوجه للصراف الآلي أو داخل البنك,1,,,معتمد مبدئيًا,community_opportunities_assistant_2,moderate,advanced,moderate,simple,حالة حدودية: اختلفت الأبعاد الثلاثة (حجم الدور متقدم، الترابط والتنظيم متوسط، الاختيار والتكيف بسيط)، واعتُمد المستوى المتوسط للمراجعة.,true
COMM-027-OP002,COMM-027,إدخال البطاقة والقيام بالعملية,2,,إشراف مباشر,معتمد مبدئيًا,community_opportunities_assistant_2,moderate,moderate,moderate,simple,اعتُمد مستوى بُعدين من ثلاثة: حجم الدور متوسط، الترابط والتنظيم متوسط، الاختيار والتكيف بسيط.,false
COMM-027-OP003,COMM-027,استلام الإيصال والنقود,3,,,معتمد مبدئيًا,community_opportunities_assistant_2,simple,simple,moderate,simple,اعتُمد مستوى بُعدين من ثلاثة: حجم الدور بسيط، الترابط والتنظيم متوسط، الاختيار والتكيف بسيط.,false
COMM-028-OP001,COMM-028,أخذ تذكرة الدور من الجهاز,1,,,معتمد مبدئيًا,community_opportunities_assistant_2,moderate,moderate,advanced,simple,حالة حدودية: اختلفت الأبعاد الثلاثة (حجم الدور متوسط، الترابط والتنظيم متقدم، الاختيار والتكيف بسيط)، واعتُمد المستوى المتوسط للمراجعة.,true
COMM-028-OP002,COMM-028,الانتظار حتى سماع الرقم,2,,,معتمد مبدئيًا,community_opportunities_assistant_2,moderate,moderate,moderate,simple,اعتُمد مستوى بُعدين من ثلاثة: حجم الدور متوسط، الترابط والتنظيم متوسط، الاختيار والتكيف بسيط.,false
COMM-028-OP003,COMM-028,إنجاز المعاملة مع الموظف,3,,,معتمد مبدئيًا,community_opportunities_assistant_2,moderate,moderate,moderate,moderate,تطابقت الأبعاد الثلاثة: حجم الدور متوسط، الترابط والتنظيم متوسط، الاختيار والتكيف متوسط.,false
COMM-029-OP001,COMM-029,التوجه للجهة الخدمية,1,,,معتمد مبدئيًا,community_opportunities_assistant_2,simple,simple,moderate,simple,اعتُمد مستوى بُعدين من ثلاثة: حجم الدور بسيط، الترابط والتنظيم متوسط، الاختيار والتكيف بسيط.,false
COMM-029-OP002,COMM-029,تقديم الأوراق المطلوبة للتحديث,2,,,معتمد مبدئيًا,community_opportunities_assistant_2,moderate,moderate,moderate,simple,اعتُمد مستوى بُعدين من ثلاثة: حجم الدور متوسط، الترابط والتنظيم متوسط، الاختيار والتكيف بسيط.,false
COMM-029-OP003,COMM-029,التأكد من اكتمال الإجراء,3,,,معتمد مبدئيًا,community_opportunities_assistant_2,moderate,moderate,moderate,simple,اعتُمد مستوى بُعدين من ثلاثة: حجم الدور متوسط، الترابط والتنظيم متوسط، الاختيار والتكيف بسيط.,false
COMM-030-OP001,COMM-030,الوصول للموعد الرسمي,1,,,معتمد مبدئيًا,community_opportunities_assistant_2,moderate,advanced,moderate,simple,حالة حدودية: اختلفت الأبعاد الثلاثة (حجم الدور متقدم، الترابط والتنظيم متوسط، الاختيار والتكيف بسيط)، واعتُمد المستوى المتوسط للمراجعة.,true
COMM-030-OP002,COMM-030,تقديم النفس أو الهوية عند الدخول,2,,,معتمد مبدئيًا,community_opportunities_assistant_2,simple,simple,moderate,simple,اعتُمد مستوى بُعدين من ثلاثة: حجم الدور بسيط، الترابط والتنظيم متوسط، الاختيار والتكيف بسيط.,false
COMM-030-OP003,COMM-030,المشاركة في الاجتماع,3,,,معتمد مبدئيًا,community_opportunities_assistant_2,moderate,simple,advanced,moderate,حالة حدودية: اختلفت الأبعاد الثلاثة (حجم الدور بسيط، الترابط والتنظيم متقدم، الاختيار والتكيف متوسط)، واعتُمد المستوى المتوسط للمراجعة.,true
COMM-031-OP001,COMM-031,إلقاء التحية على المضيفين,1,,,معتمد مبدئيًا,community_opportunities_assistant_2,moderate,simple,moderate,moderate,اعتُمد مستوى بُعدين من ثلاثة: حجم الدور بسيط، الترابط والتنظيم متوسط، الاختيار والتكيف متوسط.,false
COMM-031-OP002,COMM-031,الجلوس في المكان المخصص,2,,,معتمد مبدئيًا,community_opportunities_assistant_2,moderate,moderate,moderate,simple,اعتُمد مستوى بُعدين من ثلاثة: حجم الدور متوسط، الترابط والتنظيم متوسط، الاختيار والتكيف بسيط.,false
COMM-031-OP003,COMM-031,تناول الوجبة مع الآخرين,3,,,معتمد مبدئيًا,community_opportunities_assistant_2,moderate,moderate,moderate,advanced,اعتُمد مستوى بُعدين من ثلاثة: حجم الدور متوسط، الترابط والتنظيم متوسط، الاختيار والتكيف متقدم.,false
COMM-032-OP001,COMM-032,تقديم التهنئة لأهل الزفاف,1,,,معتمد مبدئيًا,community_opportunities_assistant_2,simple,simple,moderate,simple,اعتُمد مستوى بُعدين من ثلاثة: حجم الدور بسيط، الترابط والتنظيم متوسط، الاختيار والتكيف بسيط.,false
COMM-032-OP002,COMM-032,الجلوس في المكان المخصص للضيوف,2,,,معتمد مبدئيًا,community_opportunities_assistant_2,moderate,moderate,moderate,simple,اعتُمد مستوى بُعدين من ثلاثة: حجم الدور متوسط، الترابط والتنظيم متوسط، الاختيار والتكيف بسيط.,false
COMM-032-OP003,COMM-032,الانصراف بعد تقديم التهنئة,3,,,معتمد مبدئيًا,community_opportunities_assistant_2,simple,simple,advanced,simple,اعتُمد مستوى بُعدين من ثلاثة: حجم الدور بسيط، الترابط والتنظيم متقدم، الاختيار والتكيف بسيط.,false
COMM-033-OP001,COMM-033,تقديم واجب العزاء لأهل المتوفى,1,,,معتمد مبدئيًا,community_opportunities_assistant_2,simple,simple,moderate,simple,اعتُمد مستوى بُعدين من ثلاثة: حجم الدور بسيط، الترابط والتنظيم متوسط، الاختيار والتكيف بسيط.,false
COMM-033-OP002,COMM-033,الجلوس بوقار في مجلس العزاء,2,,,معتمد مبدئيًا,community_opportunities_assistant_2,moderate,moderate,moderate,advanced,اعتُمد مستوى بُعدين من ثلاثة: حجم الدور متوسط، الترابط والتنظيم متوسط، الاختيار والتكيف متقدم.,false
COMM-033-OP003,COMM-033,المغادرة بعد فترة مناسبة,3,,,معتمد مبدئيًا,community_opportunities_assistant_2,moderate,moderate,moderate,moderate,تطابقت الأبعاد الثلاثة: حجم الدور متوسط، الترابط والتنظيم متوسط، الاختيار والتكيف متوسط.,false
COMM-034-OP001,COMM-034,الوصول لساحة الاحتفال,1,,,معتمد مبدئيًا,community_opportunities_assistant_2,simple,simple,moderate,simple,اعتُمد مستوى بُعدين من ثلاثة: حجم الدور بسيط، الترابط والتنظيم متوسط، الاختيار والتكيف بسيط.,false
COMM-034-OP002,COMM-034,المشاركة في الفعالية الوطنية,2,,,معتمد مبدئيًا,community_opportunities_assistant_2,simple,moderate,simple,simple,اعتُمد مستوى بُعدين من ثلاثة: حجم الدور متوسط، الترابط والتنظيم بسيط، الاختيار والتكيف بسيط.,false
COMM-034-OP003,COMM-034,المغادرة عند انتهاء الاحتفال,3,,,معتمد مبدئيًا,community_opportunities_assistant_2,moderate,moderate,moderate,simple,اعتُمد مستوى بُعدين من ثلاثة: حجم الدور متوسط، الترابط والتنظيم متوسط، الاختيار والتكيف بسيط.,false
COMM-035-OP001,COMM-035,التوجه لمقر العمل التطوعي,1,,,معتمد مبدئيًا,community_opportunities_assistant_2,moderate,moderate,moderate,simple,اعتُمد مستوى بُعدين من ثلاثة: حجم الدور متوسط، الترابط والتنظيم متوسط، الاختيار والتكيف بسيط.,false
COMM-035-OP002,COMM-035,استلام المهام من مسؤول التطوع,2,,,معتمد مبدئيًا,community_opportunities_assistant_2,simple,simple,moderate,simple,اعتُمد مستوى بُعدين من ثلاثة: حجم الدور بسيط، الترابط والتنظيم متوسط، الاختيار والتكيف بسيط.,false
COMM-035-OP003,COMM-035,تنفيذ المهمة التطوعية,3,,,معتمد مبدئيًا,community_opportunities_assistant_2,simple,simple,moderate,simple,اعتُمد مستوى بُعدين من ثلاثة: حجم الدور بسيط، الترابط والتنظيم متوسط، الاختيار والتكيف بسيط.,false
COMM-036-OP001,COMM-036,التوجه لمقر الجمعية الخيرية,1,,,معتمد مبدئيًا,community_opportunities_assistant_2,simple,simple,moderate,simple,اعتُمد مستوى بُعدين من ثلاثة: حجم الدور بسيط، الترابط والتنظيم متوسط، الاختيار والتكيف بسيط.,false
COMM-036-OP002,COMM-036,الاستفسار عن فرص التبرع أو الخدمات,2,,,معتمد مبدئيًا,community_opportunities_assistant_2,moderate,advanced,moderate,simple,حالة حدودية: اختلفت الأبعاد الثلاثة (حجم الدور متقدم، الترابط والتنظيم متوسط، الاختيار والتكيف بسيط)، واعتُمد المستوى المتوسط للمراجعة.,true
COMM-036-OP003,COMM-036,استلام الكتيبات التعريفية,3,,,معتمد مبدئيًا,community_opportunities_assistant_2,simple,simple,moderate,simple,اعتُمد مستوى بُعدين من ثلاثة: حجم الدور بسيط، الترابط والتنظيم متوسط، الاختيار والتكيف بسيط.,false
COMM-037-OP001,COMM-037,الحضور للقاعة المخصصة,1,,,معتمد مبدئيًا,community_opportunities_assistant_2,simple,simple,moderate,simple,اعتُمد مستوى بُعدين من ثلاثة: حجم الدور بسيط، الترابط والتنظيم متوسط، الاختيار والتكيف بسيط.,false
COMM-037-OP002,COMM-037,التفاعل مع المشاركين في الورشة,2,,,معتمد مبدئيًا,community_opportunities_assistant_2,moderate,moderate,advanced,simple,حالة حدودية: اختلفت الأبعاد الثلاثة (حجم الدور متوسط، الترابط والتنظيم متقدم، الاختيار والتكيف بسيط)، واعتُمد المستوى المتوسط للمراجعة.,true
COMM-037-OP003,COMM-037,أخذ الملاحظات من الورشة,3,,,معتمد مبدئيًا,community_opportunities_assistant_2,simple,moderate,simple,simple,اعتُمد مستوى بُعدين من ثلاثة: حجم الدور متوسط، الترابط والتنظيم بسيط، الاختيار والتكيف بسيط.,false
COMM-038-OP001,COMM-038,تقديم بطاقة المركز عند الدخول,1,,,معتمد مبدئيًا,community_opportunities_assistant_2,simple,simple,moderate,simple,اعتُمد مستوى بُعدين من ثلاثة: حجم الدور بسيط، الترابط والتنظيم متوسط، الاختيار والتكيف بسيط.,false
COMM-038-OP002,COMM-038,الاستفادة من الخدمات المتاحة,2,,,معتمد مبدئيًا,community_opportunities_assistant_2,moderate,moderate,moderate,moderate,تطابقت الأبعاد الثلاثة: حجم الدور متوسط، الترابط والتنظيم متوسط، الاختيار والتكيف متوسط.,false
COMM-038-OP003,COMM-038,شكر الموظفين قبل المغادرة,3,,,معتمد مبدئيًا,community_opportunities_assistant_2,moderate,moderate,moderate,simple,اعتُمد مستوى بُعدين من ثلاثة: حجم الدور متوسط، الترابط والتنظيم متوسط، الاختيار والتكيف بسيط.,false
COMM-039-OP001,COMM-039,الاتصال لتأكيد موعد الزيارة,1,,,معتمد مبدئيًا,community_opportunities_assistant_2,moderate,advanced,moderate,simple,حالة حدودية: اختلفت الأبعاد الثلاثة (حجم الدور متقدم، الترابط والتنظيم متوسط، الاختيار والتكيف بسيط)، واعتُمد المستوى المتوسط للمراجعة.,true
COMM-039-OP002,COMM-039,إلقاء التحية عند الوصول,2,,,معتمد مبدئيًا,community_opportunities_assistant_2,simple,simple,moderate,simple,اعتُمد مستوى بُعدين من ثلاثة: حجم الدور بسيط، الترابط والتنظيم متوسط، الاختيار والتكيف بسيط.,false
COMM-039-OP003,COMM-039,الجلوس والتبادل الحديث,3,,,معتمد مبدئيًا,community_opportunities_assistant_2,simple,simple,moderate,simple,اعتُمد مستوى بُعدين من ثلاثة: حجم الدور بسيط، الترابط والتنظيم متوسط، الاختيار والتكيف بسيط.,false
COMM-040-OP001,COMM-040,اختيار مكان اللقاء المقترح,1,,,معتمد مبدئيًا,community_opportunities_assistant_2,moderate,moderate,moderate,advanced,اعتُمد مستوى بُعدين من ثلاثة: حجم الدور متوسط، الترابط والتنظيم متوسط، الاختيار والتكيف متقدم.,false
COMM-040-OP002,COMM-040,التوجه للمكان المحدد,2,,,معتمد مبدئيًا,community_opportunities_assistant_2,simple,simple,moderate,simple,اعتُمد مستوى بُعدين من ثلاثة: حجم الدور بسيط، الترابط والتنظيم متوسط، الاختيار والتكيف بسيط.,false
COMM-040-OP003,COMM-040,تبادل الأحاديث مع الصديق,3,,,معتمد مبدئيًا,community_opportunities_assistant_2,moderate,moderate,moderate,simple,اعتُمد مستوى بُعدين من ثلاثة: حجم الدور متوسط، الترابط والتنظيم متوسط، الاختيار والتكيف بسيط.,false
COMM-041-OP001,COMM-041,التوجه للمتجر أو البقالة القريبة,1,,,معتمد مبدئيًا,community_opportunities_assistant_2,moderate,moderate,moderate,simple,اعتُمد مستوى بُعدين من ثلاثة: حجم الدور متوسط، الترابط والتنظيم متوسط، الاختيار والتكيف بسيط.,false
COMM-041-OP002,COMM-041,شراء الاحتياجات البسيطة,2,,,معتمد مبدئيًا,community_opportunities_assistant_2,moderate,advanced,moderate,simple,حالة حدودية: اختلفت الأبعاد الثلاثة (حجم الدور متقدم، الترابط والتنظيم متوسط، الاختيار والتكيف بسيط)، واعتُمد المستوى المتوسط للمراجعة.,true
COMM-041-OP003,COMM-041,الدفع والمغادرة,3,,مرافقة,معتمد مبدئيًا,community_opportunities_assistant_2,moderate,advanced,moderate,simple,حالة حدودية: اختلفت الأبعاد الثلاثة (حجم الدور متقدم، الترابط والتنظيم متوسط، الاختيار والتكيف بسيط)، واعتُمد المستوى المتوسط للمراجعة.,true
COMM-042-OP001,COMM-042,التوجه للصيدلية الخارجية,1,,,معتمد مبدئيًا,community_opportunities_assistant_2,simple,simple,moderate,simple,اعتُمد مستوى بُعدين من ثلاثة: حجم الدور بسيط، الترابط والتنظيم متوسط، الاختيار والتكيف بسيط.,false
COMM-042-OP002,COMM-042,سؤال الصيدلي عن الدواء,2,,,معتمد مبدئيًا,community_opportunities_assistant_2,moderate,moderate,moderate,simple,اعتُمد مستوى بُعدين من ثلاثة: حجم الدور متوسط، الترابط والتنظيم متوسط، الاختيار والتكيف بسيط.,false
COMM-042-OP003,COMM-042,دفع القيمة المالية,3,,,معتمد مبدئيًا,community_opportunities_assistant_2,moderate,advanced,moderate,simple,حالة حدودية: اختلفت الأبعاد الثلاثة (حجم الدور متقدم، الترابط والتنظيم متوسط، الاختيار والتكيف بسيط)، واعتُمد المستوى المتوسط للمراجعة.,true
COMM-043-OP001,COMM-043,البحث عن دورة مياه عامة,1,,,معتمد مبدئيًا,community_opportunities_assistant_2,moderate,moderate,moderate,simple,اعتُمد مستوى بُعدين من ثلاثة: حجم الدور متوسط، الترابط والتنظيم متوسط، الاختيار والتكيف بسيط.,false
COMM-043-OP002,COMM-043,استخدام المرفق بشكل صحيح,2,,,معتمد مبدئيًا,community_opportunities_assistant_2,simple,moderate,simple,simple,اعتُمد مستوى بُعدين من ثلاثة: حجم الدور متوسط، الترابط والتنظيم بسيط، الاختيار والتكيف بسيط.,false
COMM-043-OP003,COMM-043,غسل اليدين بعد الاستخدام,3,,,معتمد مبدئيًا,community_opportunities_assistant_2,moderate,moderate,moderate,simple,اعتُمد مستوى بُعدين من ثلاثة: حجم الدور متوسط، الترابط والتنظيم متوسط، الاختيار والتكيف بسيط.,false
COMM-044-OP001,COMM-044,الانضمام لنهاية الطابور,1,,,معتمد مبدئيًا,community_opportunities_assistant_2,simple,simple,simple,simple,تطابقت الأبعاد الثلاثة: حجم الدور بسيط، الترابط والتنظيم بسيط، الاختيار والتكيف بسيط.,false
COMM-044-OP002,COMM-044,الانتظار بانتظام,2,,,معتمد مبدئيًا,community_opportunities_assistant_2,simple,simple,moderate,simple,اعتُمد مستوى بُعدين من ثلاثة: حجم الدور بسيط، الترابط والتنظيم متوسط، الاختيار والتكيف بسيط.,false
COMM-044-OP003,COMM-044,إنهاء الخدمة المطلوبة,3,,,معتمد مبدئيًا,community_opportunities_assistant_2,moderate,simple,moderate,moderate,اعتُمد مستوى بُعدين من ثلاثة: حجم الدور بسيط، الترابط والتنظيم متوسط، الاختيار والتكيف متوسط.,false
COMM-045-OP001,COMM-045,البحث عن موظف في المكان,1,,,معتمد مبدئيًا,community_opportunities_assistant_2,moderate,moderate,moderate,simple,اعتُمد مستوى بُعدين من ثلاثة: حجم الدور متوسط، الترابط والتنظيم متوسط، الاختيار والتكيف بسيط.,false
COMM-045-OP002,COMM-045,طلب المساعدة أو التوجيه بوضوح,2,,,معتمد مبدئيًا,community_opportunities_assistant_2,moderate,advanced,moderate,simple,حالة حدودية: اختلفت الأبعاد الثلاثة (حجم الدور متقدم، الترابط والتنظيم متوسط، الاختيار والتكيف بسيط)، واعتُمد المستوى المتوسط للمراجعة.,true
COMM-045-OP003,COMM-045,شكر الموظف بعد المساعدة,3,,,معتمد مبدئيًا,community_opportunities_assistant_2,simple,moderate,simple,simple,اعتُمد مستوى بُعدين من ثلاثة: حجم الدور متوسط، الترابط والتنظيم بسيط، الاختيار والتكيف بسيط.,false
COMM-046-OP001,COMM-046,اختيار شخص مناسب للاستفسار,1,,,معتمد مبدئيًا,community_opportunities_assistant_2,moderate,moderate,moderate,advanced,اعتُمد مستوى بُعدين من ثلاثة: حجم الدور متوسط، الترابط والتنظيم متوسط، الاختيار والتكيف متقدم.,false
COMM-046-OP002,COMM-046,الاستفسار عن الاتجاه,2,,,معتمد مبدئيًا,community_opportunities_assistant_2,simple,simple,moderate,simple,اعتُمد مستوى بُعدين من ثلاثة: حجم الدور بسيط، الترابط والتنظيم متوسط، الاختيار والتكيف بسيط.,false
COMM-046-OP003,COMM-046,شكر الشخص والمتابعة,3,,,معتمد مبدئيًا,community_opportunities_assistant_2,moderate,advanced,moderate,simple,حالة حدودية: اختلفت الأبعاد الثلاثة (حجم الدور متقدم، الترابط والتنظيم متوسط، الاختيار والتكيف بسيط)، واعتُمد المستوى المتوسط للمراجعة.,true
COMM-047-OP001,COMM-047,الضغط على زر استدعاء المصعد,1,,,معتمد مبدئيًا,community_opportunities_assistant_2,simple,simple,moderate,simple,اعتُمد مستوى بُعدين من ثلاثة: حجم الدور بسيط، الترابط والتنظيم متوسط، الاختيار والتكيف بسيط.,false
COMM-047-OP002,COMM-047,الدخول والضغط على زر الطابق,2,,,معتمد مبدئيًا,community_opportunities_assistant_2,simple,simple,moderate,simple,اعتُمد مستوى بُعدين من ثلاثة: حجم الدور بسيط، الترابط والتنظيم متوسط، الاختيار والتكيف بسيط.,false
COMM-047-OP003,COMM-047,الخروج بعد الوصول,3,,,معتمد مبدئيًا,community_opportunities_assistant_2,simple,simple,moderate,simple,اعتُمد مستوى بُعدين من ثلاثة: حجم الدور بسيط، الترابط والتنظيم متوسط، الاختيار والتكيف بسيط.,false
COMM-048-OP001,COMM-048,وضع الأغراض في جهاز التفتيش,1,,,معتمد مبدئيًا,community_opportunities_assistant_2,simple,simple,simple,simple,تطابقت الأبعاد الثلاثة: حجم الدور بسيط، الترابط والتنظيم بسيط، الاختيار والتكيف بسيط.,false
COMM-048-OP002,COMM-048,المرور عبر البوابة الأمنية,2,,,معتمد مبدئيًا,community_opportunities_assistant_2,simple,moderate,simple,simple,اعتُمد مستوى بُعدين من ثلاثة: حجم الدور متوسط، الترابط والتنظيم بسيط، الاختيار والتكيف بسيط.,false
COMM-048-OP003,COMM-048,استلام الأغراض بعد الفحص,3,,,معتمد مبدئيًا,community_opportunities_assistant_2,moderate,moderate,moderate,simple,اعتُمد مستوى بُعدين من ثلاثة: حجم الدور متوسط، الترابط والتنظيم متوسط، الاختيار والتكيف بسيط.,false
COMM-049-OP001,COMM-049,إدخال السيارة في الموقف المخصص,1,,إشراف مباشر,معتمد مبدئيًا,community_opportunities_assistant_2,moderate,moderate,moderate,simple,اعتُمد مستوى بُعدين من ثلاثة: حجم الدور متوسط، الترابط والتنظيم متوسط، الاختيار والتكيف بسيط.,false
COMM-049-OP002,COMM-049,دفع رسوم الموقف عند الحاجة,2,,مرافقة,معتمد مبدئيًا,community_opportunities_assistant_2,moderate,advanced,simple,moderate,حالة حدودية: اختلفت الأبعاد الثلاثة (حجم الدور متقدم، الترابط والتنظيم بسيط، الاختيار والتكيف متوسط)، واعتُمد المستوى المتوسط للمراجعة.,true
COMM-049-OP003,COMM-049,مغادرة الموقف عند انتهاء الوقت,3,,إشراف مباشر,معتمد مبدئيًا,community_opportunities_assistant_2,moderate,moderate,moderate,simple,اعتُمد مستوى بُعدين من ثلاثة: حجم الدور متوسط، الترابط والتنظيم متوسط، الاختيار والتكيف بسيط.,false
COMM-050-OP001,COMM-050,البحث عن مقعد انتظار,1,,,معتمد مبدئيًا,community_opportunities_assistant_2,moderate,moderate,moderate,simple,اعتُمد مستوى بُعدين من ثلاثة: حجم الدور متوسط، الترابط والتنظيم متوسط، الاختيار والتكيف بسيط.,false
COMM-050-OP002,COMM-050,الانتظار بهدوء,2,,,معتمد مبدئيًا,community_opportunities_assistant_2,simple,simple,moderate,simple,اعتُمد مستوى بُعدين من ثلاثة: حجم الدور بسيط، الترابط والتنظيم متوسط، الاختيار والتكيف بسيط.,false
COMM-050-OP003,COMM-050,المغادرة عند نداء الاسم,3,,,معتمد مبدئيًا,community_opportunities_assistant_2,moderate,moderate,moderate,simple,اعتُمد مستوى بُعدين من ثلاثة: حجم الدور متوسط، الترابط والتنظيم متوسط، الاختيار والتكيف بسيط.,false
COMM-051-OP001,COMM-051,جمع المخلفات الخاصة,1,,,معتمد مبدئيًا,community_opportunities_assistant_2,simple,simple,simple,simple,تطابقت الأبعاد الثلاثة: حجم الدور بسيط، الترابط والتنظيم بسيط، الاختيار والتكيف بسيط.,false
COMM-051-OP002,COMM-051,رمي المخلفات في السلة العامة,2,,,معتمد مبدئيًا,community_opportunities_assistant_2,simple,simple,moderate,simple,اعتُمد مستوى بُعدين من ثلاثة: حجم الدور بسيط، الترابط والتنظيم متوسط، الاختيار والتكيف بسيط.,false
COMM-052-OP001,COMM-052,جمع الأغراض الشخصية,1,,,معتمد مبدئيًا,community_opportunities_assistant_2,simple,simple,simple,simple,تطابقت الأبعاد الثلاثة: حجم الدور بسيط، الترابط والتنظيم بسيط، الاختيار والتكيف بسيط.,false
COMM-052-OP002,COMM-052,إعادة الكرسي لمكانه,2,,,معتمد مبدئيًا,community_opportunities_assistant_2,simple,simple,simple,simple,تطابقت الأبعاد الثلاثة: حجم الدور بسيط، الترابط والتنظيم بسيط، الاختيار والتكيف بسيط.,false
COMM-052-OP003,COMM-052,تنظيف سطح الطاولة إن لزم,3,,,معتمد مبدئيًا,community_opportunities_assistant_2,moderate,moderate,simple,moderate,اعتُمد مستوى بُعدين من ثلاثة: حجم الدور متوسط، الترابط والتنظيم بسيط، الاختيار والتكيف متوسط.,false
COMM-053-OP001,COMM-053,الاستعداد للمشاركة في النشاط الجماعي,1,,,معتمد مبدئيًا,community_opportunities_assistant_2,moderate,moderate,moderate,simple,اعتُمد مستوى بُعدين من ثلاثة: حجم الدور متوسط، الترابط والتنظيم متوسط، الاختيار والتكيف بسيط.,false
COMM-053-OP002,COMM-053,التفاعل مع المجموعة أثناء النشاط,2,,,معتمد مبدئيًا,community_opportunities_assistant_2,simple,moderate,simple,simple,اعتُمد مستوى بُعدين من ثلاثة: حجم الدور متوسط، الترابط والتنظيم بسيط، الاختيار والتكيف بسيط.,false
COMM-053-OP003,COMM-053,مغادرة المكان بانتظام,3,,,معتمد مبدئيًا,community_opportunities_assistant_2,simple,simple,moderate,simple,اعتُمد مستوى بُعدين من ثلاثة: حجم الدور بسيط، الترابط والتنظيم متوسط، الاختيار والتكيف بسيط.,false
COMM-054-OP001,COMM-054,حمل أغراض النزهة,1,,,معتمد مبدئيًا,community_opportunities_assistant_2,simple,simple,simple,simple,تطابقت الأبعاد الثلاثة: حجم الدور بسيط، الترابط والتنظيم بسيط، الاختيار والتكيف بسيط.,false
COMM-054-OP002,COMM-054,المشاركة في الجلسة الخارجية,2,,,معتمد مبدئيًا,community_opportunities_assistant_2,moderate,moderate,moderate,moderate,تطابقت الأبعاد الثلاثة: حجم الدور متوسط، الترابط والتنظيم متوسط، الاختيار والتكيف متوسط.,false
COMM-054-OP003,COMM-054,جمع الأغراض قبل المغادرة,3,,,معتمد مبدئيًا,community_opportunities_assistant_2,simple,simple,moderate,simple,اعتُمد مستوى بُعدين من ثلاثة: حجم الدور بسيط، الترابط والتنظيم متوسط، الاختيار والتكيف بسيط.,false
COMM-055-OP001,COMM-055,تجهيز حقيبة احتياجات الرحلة,1,,,معتمد مبدئيًا,community_opportunities_assistant_2,simple,advanced,simple,simple,اعتُمد مستوى بُعدين من ثلاثة: حجم الدور متقدم، الترابط والتنظيم بسيط، الاختيار والتكيف بسيط.,false
COMM-055-OP002,COMM-055,المشاركة في التنقل للوجهة,2,,,معتمد مبدئيًا,community_opportunities_assistant_2,simple,simple,moderate,simple,اعتُمد مستوى بُعدين من ثلاثة: حجم الدور بسيط، الترابط والتنظيم متوسط، الاختيار والتكيف بسيط.,false
COMM-055-OP003,COMM-055,استكشاف المعالم في الرحلة,3,,,معتمد مبدئيًا,community_opportunities_assistant_2,moderate,advanced,moderate,moderate,اعتُمد مستوى بُعدين من ثلاثة: حجم الدور متقدم، الترابط والتنظيم متوسط، الاختيار والتكيف متوسط.,false
COMM-055-OP004,COMM-055,العودة من الرحلة بسلام,4,,,معتمد مبدئيًا,community_opportunities_assistant_2,moderate,advanced,moderate,simple,حالة حدودية: اختلفت الأبعاد الثلاثة (حجم الدور متقدم، الترابط والتنظيم متوسط، الاختيار والتكيف بسيط)، واعتُمد المستوى المتوسط للمراجعة.,true
COMM-056-OP001,COMM-056,التسجيل في معرض التوظيف,1,,,معتمد مبدئيًا,community_opportunities_assistant_2,moderate,advanced,moderate,simple,حالة حدودية: اختلفت الأبعاد الثلاثة (حجم الدور متقدم، الترابط والتنظيم متوسط، الاختيار والتكيف بسيط)، واعتُمد المستوى المتوسط للمراجعة.,true
COMM-056-OP002,COMM-056,زيارة أجنحة الشركات,2,,,معتمد مبدئيًا,community_opportunities_assistant_2,moderate,advanced,moderate,moderate,اعتُمد مستوى بُعدين من ثلاثة: حجم الدور متقدم، الترابط والتنظيم متوسط، الاختيار والتكيف متوسط.,false
COMM-056-OP003,COMM-056,أخذ مطوية تعريفية,3,,,معتمد مبدئيًا,community_opportunities_assistant_2,simple,simple,moderate,simple,اعتُمد مستوى بُعدين من ثلاثة: حجم الدور بسيط، الترابط والتنظيم متوسط، الاختيار والتكيف بسيط.,false
COMM-057-OP001,COMM-057,التوجه لمكان العمل,1,,,معتمد مبدئيًا,community_opportunities_assistant_2,simple,simple,moderate,simple,اعتُمد مستوى بُعدين من ثلاثة: حجم الدور بسيط، الترابط والتنظيم متوسط، الاختيار والتكيف بسيط.,false
COMM-057-OP002,COMM-057,إلقاء التحية على الزملاء,2,,,معتمد مبدئيًا,community_opportunities_assistant_2,simple,simple,moderate,simple,اعتُمد مستوى بُعدين من ثلاثة: حجم الدور بسيط، الترابط والتنظيم متوسط، الاختيار والتكيف بسيط.,false
COMM-057-OP003,COMM-057,المغادرة بعد إتمام الزيارة,3,,,معتمد مبدئيًا,community_opportunities_assistant_2,moderate,advanced,moderate,simple,حالة حدودية: اختلفت الأبعاد الثلاثة (حجم الدور متقدم، الترابط والتنظيم متوسط، الاختيار والتكيف بسيط)، واعتُمد المستوى المتوسط للمراجعة.,true
COMM-058-OP001,COMM-058,الوصول للقاء التعريفي,1,,,معتمد مبدئيًا,community_opportunities_assistant_2,simple,simple,moderate,simple,اعتُمد مستوى بُعدين من ثلاثة: حجم الدور بسيط، الترابط والتنظيم متوسط، الاختيار والتكيف بسيط.,false
COMM-058-OP002,COMM-058,الاستماع للشرح والتوجيهات,2,,,معتمد مبدئيًا,community_opportunities_assistant_2,simple,simple,moderate,simple,اعتُمد مستوى بُعدين من ثلاثة: حجم الدور بسيط، الترابط والتنظيم متوسط، الاختيار والتكيف بسيط.,false
COMM-058-OP003,COMM-058,أخذ كتيب المعلومات,3,,,معتمد مبدئيًا,community_opportunities_assistant_2,simple,simple,moderate,simple,اعتُمد مستوى بُعدين من ثلاثة: حجم الدور بسيط، الترابط والتنظيم متوسط، الاختيار والتكيف بسيط.,false
COMM-059-OP001,COMM-059,تحديد نوع الهدية,1,,,معتمد مبدئيًا,community_opportunities_assistant_2,moderate,moderate,moderate,advanced,اعتُمد مستوى بُعدين من ثلاثة: حجم الدور متوسط، الترابط والتنظيم متوسط، الاختيار والتكيف متقدم.,false
COMM-059-OP002,COMM-059,حمل الهدية وتغليفها,2,,,معتمد مبدئيًا,community_opportunities_assistant_2,simple,simple,moderate,simple,اعتُمد مستوى بُعدين من ثلاثة: حجم الدور بسيط، الترابط والتنظيم متوسط، الاختيار والتكيف بسيط.,false
COMM-059-OP003,COMM-059,دفع ثمن الهدية,3,,إشراف مباشر,معتمد مبدئيًا,community_opportunities_assistant_2,simple,advanced,simple,simple,اعتُمد مستوى بُعدين من ثلاثة: حجم الدور متقدم، الترابط والتنظيم بسيط، الاختيار والتكيف بسيط.,false
COMM-060-OP001,COMM-060,حمل الهدية للمكان,1,,,معتمد مبدئيًا,community_opportunities_assistant_2,simple,simple,simple,simple,تطابقت الأبعاد الثلاثة: حجم الدور بسيط، الترابط والتنظيم بسيط، الاختيار والتكيف بسيط.,false
COMM-060-OP002,COMM-060,تقديم التهنئة والهدية,2,,,معتمد مبدئيًا,community_opportunities_assistant_2,simple,simple,moderate,simple,اعتُمد مستوى بُعدين من ثلاثة: حجم الدور بسيط، الترابط والتنظيم متوسط، الاختيار والتكيف بسيط.,false
COMM-060-OP003,COMM-060,حضور المناسبة,3,,,معتمد مبدئيًا,community_opportunities_assistant_2,simple,simple,simple,moderate,اعتُمد مستوى بُعدين من ثلاثة: حجم الدور بسيط، الترابط والتنظيم بسيط، الاختيار والتكيف متوسط.,false
COMM-061-OP001,COMM-061,الدخول للمريض بهدوء,1,,,معتمد مبدئيًا,community_opportunities_assistant_2,simple,simple,moderate,simple,اعتُمد مستوى بُعدين من ثلاثة: حجم الدور بسيط، الترابط والتنظيم متوسط، الاختيار والتكيف بسيط.,false
COMM-061-OP002,COMM-061,الاطمئنان على المريض,2,,,معتمد مبدئيًا,community_opportunities_assistant_2,simple,simple,moderate,simple,اعتُمد مستوى بُعدين من ثلاثة: حجم الدور بسيط، الترابط والتنظيم متوسط، الاختيار والتكيف بسيط.,false
COMM-061-OP003,COMM-061,المغادرة في وقت مناسب,3,,,معتمد مبدئيًا,community_opportunities_assistant_2,moderate,moderate,moderate,moderate,تطابقت الأبعاد الثلاثة: حجم الدور متوسط، الترابط والتنظيم متوسط، الاختيار والتكيف متوسط.,false
COMM-062-OP001,COMM-062,عرض المساعدة على الجار,1,,,معتمد مبدئيًا,community_opportunities_assistant_2,moderate,moderate,moderate,simple,اعتُمد مستوى بُعدين من ثلاثة: حجم الدور متوسط، الترابط والتنظيم متوسط، الاختيار والتكيف بسيط.,false
COMM-062-OP002,COMM-062,حمل الأغراض للجار,2,,,معتمد مبدئيًا,community_opportunities_assistant_2,simple,simple,simple,simple,تطابقت الأبعاد الثلاثة: حجم الدور بسيط، الترابط والتنظيم بسيط، الاختيار والتكيف بسيط.,false
COMM-062-OP003,COMM-062,توديع الجار,3,,,معتمد مبدئيًا,community_opportunities_assistant_2,simple,simple,moderate,simple,اعتُمد مستوى بُعدين من ثلاثة: حجم الدور بسيط، الترابط والتنظيم متوسط، الاختيار والتكيف بسيط.,false
COMM-063-OP001,COMM-063,الحضور لمكان الاجتماع,1,,,معتمد مبدئيًا,community_opportunities_assistant_2,simple,simple,moderate,simple,اعتُمد مستوى بُعدين من ثلاثة: حجم الدور بسيط، الترابط والتنظيم متوسط، الاختيار والتكيف بسيط.,false
COMM-063-OP002,COMM-063,الجلوس والمشاركة في النقاش,2,,,معتمد مبدئيًا,community_opportunities_assistant_2,moderate,moderate,advanced,moderate,اعتُمد مستوى بُعدين من ثلاثة: حجم الدور متوسط، الترابط والتنظيم متقدم، الاختيار والتكيف متوسط.,false
COMM-063-OP003,COMM-063,المغادرة بعد ختام الاجتماع,3,,,معتمد مبدئيًا,community_opportunities_assistant_2,moderate,moderate,moderate,simple,اعتُمد مستوى بُعدين من ثلاثة: حجم الدور متوسط، الترابط والتنظيم متوسط، الاختيار والتكيف بسيط.,false
COMM-064-OP001,COMM-064,لمس الشاشة للخدمة,1,,,معتمد مبدئيًا,community_opportunities_assistant_2,simple,simple,moderate,simple,اعتُمد مستوى بُعدين من ثلاثة: حجم الدور بسيط، الترابط والتنظيم متوسط، الاختيار والتكيف بسيط.,false
COMM-064-OP002,COMM-064,إتمام الخدمة الرقمية,2,,,معتمد مبدئيًا,community_opportunities_assistant_2,simple,simple,simple,simple,تطابقت الأبعاد الثلاثة: حجم الدور بسيط، الترابط والتنظيم بسيط، الاختيار والتكيف بسيط.,false
COMM-064-OP003,COMM-064,استلام الناتج من الجهاز,3,,,معتمد مبدئيًا,community_opportunities_assistant_2,simple,simple,simple,simple,تطابقت الأبعاد الثلاثة: حجم الدور بسيط، الترابط والتنظيم بسيط، الاختيار والتكيف بسيط.,false
COMM-065-OP001,COMM-065,الضغط على زر الخدمة المطلوبة,1,,,معتمد مبدئيًا,community_opportunities_assistant_2,simple,simple,moderate,simple,اعتُمد مستوى بُعدين من ثلاثة: حجم الدور بسيط، الترابط والتنظيم متوسط، الاختيار والتكيف بسيط.,false
COMM-065-OP002,COMM-065,سحب تذكرة الانتظار,2,,,معتمد مبدئيًا,community_opportunities_assistant_2,simple,simple,moderate,simple,اعتُمد مستوى بُعدين من ثلاثة: حجم الدور بسيط، الترابط والتنظيم متوسط، الاختيار والتكيف بسيط.,false
COMM-065-OP003,COMM-065,الانتظار في المقعد المخصص,3,,,معتمد مبدئيًا,community_opportunities_assistant_2,moderate,moderate,moderate,simple,اعتُمد مستوى بُعدين من ثلاثة: حجم الدور متوسط، الترابط والتنظيم متوسط، الاختيار والتكيف بسيط.,false
COMM-066-OP001,COMM-066,استخدام كشك الخدمة الذاتية,1,,,معتمد مبدئيًا,community_opportunities_assistant_2,moderate,moderate,moderate,simple,اعتُمد مستوى بُعدين من ثلاثة: حجم الدور متوسط، الترابط والتنظيم متوسط، الاختيار والتكيف بسيط.,false
COMM-066-OP002,COMM-066,إتمام الطلب,2,,,معتمد مبدئيًا,community_opportunities_assistant_2,moderate,advanced,simple,moderate,حالة حدودية: اختلفت الأبعاد الثلاثة (حجم الدور متقدم، الترابط والتنظيم بسيط، الاختيار والتكيف متوسط)، واعتُمد المستوى المتوسط للمراجعة.,true
COMM-066-OP003,COMM-066,استلام الإيصال,3,,,معتمد مبدئيًا,community_opportunities_assistant_2,simple,simple,simple,simple,تطابقت الأبعاد الثلاثة: حجم الدور بسيط، الترابط والتنظيم بسيط، الاختيار والتكيف بسيط.,false
COMM-067-OP001,COMM-067,طلب التسجيل للنشاط,1,,,معتمد مبدئيًا,community_opportunities_assistant_2,moderate,advanced,moderate,simple,حالة حدودية: اختلفت الأبعاد الثلاثة (حجم الدور متقدم، الترابط والتنظيم متوسط، الاختيار والتكيف بسيط)، واعتُمد المستوى المتوسط للمراجعة.,true
COMM-067-OP002,COMM-067,تعبئة البيانات,2,,,معتمد مبدئيًا,community_opportunities_assistant_2,moderate,moderate,moderate,simple,اعتُمد مستوى بُعدين من ثلاثة: حجم الدور متوسط، الترابط والتنظيم متوسط، الاختيار والتكيف بسيط.,false
COMM-067-OP003,COMM-067,استلام الجدول,3,,,معتمد مبدئيًا,community_opportunities_assistant_2,simple,simple,moderate,simple,اعتُمد مستوى بُعدين من ثلاثة: حجم الدور بسيط، الترابط والتنظيم متوسط، الاختيار والتكيف بسيط.,false
COMM-068-OP001,COMM-068,التوجه لصندوق التبرعات,1,,,معتمد مبدئيًا,community_opportunities_assistant_2,simple,simple,moderate,simple,اعتُمد مستوى بُعدين من ثلاثة: حجم الدور بسيط، الترابط والتنظيم متوسط، الاختيار والتكيف بسيط.,false
COMM-068-OP002,COMM-068,وضع التبرع في الصندوق,2,,,معتمد مبدئيًا,community_opportunities_assistant_2,simple,simple,simple,simple,تطابقت الأبعاد الثلاثة: حجم الدور بسيط، الترابط والتنظيم بسيط، الاختيار والتكيف بسيط.,false
COMM-068-OP003,COMM-068,شكر القائمين,3,,,معتمد مبدئيًا,community_opportunities_assistant_2,simple,simple,simple,simple,تطابقت الأبعاد الثلاثة: حجم الدور بسيط، الترابط والتنظيم بسيط، الاختيار والتكيف بسيط.,false
COMM-069-OP001,COMM-069,التوضؤ,1,,,معتمد مبدئيًا,community_opportunities_assistant_2,simple,simple,moderate,simple,اعتُمد مستوى بُعدين من ثلاثة: حجم الدور بسيط، الترابط والتنظيم متوسط، الاختيار والتكيف بسيط.,false
COMM-069-OP002,COMM-069,الدخول للمسجد,2,,,معتمد مبدئيًا,community_opportunities_assistant_2,moderate,simple,moderate,moderate,اعتُمد مستوى بُعدين من ثلاثة: حجم الدور بسيط، الترابط والتنظيم متوسط، الاختيار والتكيف متوسط.,false
COMM-069-OP003,COMM-069,الصلاة مع الجماعة,3,,,معتمد مبدئيًا,community_opportunities_assistant_2,simple,simple,simple,simple,تطابقت الأبعاد الثلاثة: حجم الدور بسيط، الترابط والتنظيم بسيط، الاختيار والتكيف بسيط.,false
COMM-070-OP001,COMM-070,التوجه للمقبرة,1,,,معتمد مبدئيًا,community_opportunities_assistant_2,simple,simple,moderate,simple,اعتُمد مستوى بُعدين من ثلاثة: حجم الدور بسيط، الترابط والتنظيم متوسط، الاختيار والتكيف بسيط.,false
COMM-070-OP002,COMM-070,الوقوف مع المعزين,2,,,معتمد مبدئيًا,community_opportunities_assistant_2,moderate,simple,moderate,advanced,حالة حدودية: اختلفت الأبعاد الثلاثة (حجم الدور بسيط، الترابط والتنظيم متوسط، الاختيار والتكيف متقدم)، واعتُمد المستوى المتوسط للمراجعة.,true
COMM-070-OP003,COMM-070,المغادرة بوقار,3,,,معتمد مبدئيًا,community_opportunities_assistant_2,simple,simple,moderate,simple,اعتُمد مستوى بُعدين من ثلاثة: حجم الدور بسيط، الترابط والتنظيم متوسط، الاختيار والتكيف بسيط.,false
COMM-071-OP001,COMM-071,حضور الدرس الديني,1,,,معتمد مبدئيًا,community_opportunities_assistant_2,simple,simple,moderate,simple,اعتُمد مستوى بُعدين من ثلاثة: حجم الدور بسيط، الترابط والتنظيم متوسط، الاختيار والتكيف بسيط.,false
COMM-071-OP002,COMM-071,الجلوس والاستماع,2,,,معتمد مبدئيًا,community_opportunities_assistant_2,simple,simple,moderate,simple,اعتُمد مستوى بُعدين من ثلاثة: حجم الدور بسيط، الترابط والتنظيم متوسط، الاختيار والتكيف بسيط.,false
COMM-071-OP003,COMM-071,الخروج بعد انتهاء الدرس,3,,,معتمد مبدئيًا,community_opportunities_assistant_2,moderate,moderate,moderate,simple,اعتُمد مستوى بُعدين من ثلاثة: حجم الدور متوسط، الترابط والتنظيم متوسط، الاختيار والتكيف بسيط.,false
COMM-072-OP001,COMM-072,زيارة المركز بوقار,1,,,معتمد مبدئيًا,community_opportunities_assistant_2,moderate,advanced,moderate,simple,حالة حدودية: اختلفت الأبعاد الثلاثة (حجم الدور متقدم، الترابط والتنظيم متوسط، الاختيار والتكيف بسيط)، واعتُمد المستوى المتوسط للمراجعة.,true
COMM-072-OP002,COMM-072,السلام على المسنين,2,,,معتمد مبدئيًا,community_opportunities_assistant_2,simple,simple,moderate,simple,اعتُمد مستوى بُعدين من ثلاثة: حجم الدور بسيط، الترابط والتنظيم متوسط، الاختيار والتكيف بسيط.,false
COMM-072-OP003,COMM-072,الجلوس والحديث معهم,3,,,معتمد مبدئيًا,community_opportunities_assistant_2,moderate,simple,moderate,advanced,حالة حدودية: اختلفت الأبعاد الثلاثة (حجم الدور بسيط، الترابط والتنظيم متوسط، الاختيار والتكيف متقدم)، واعتُمد المستوى المتوسط للمراجعة.,true
COMM-073-OP001,COMM-073,التوجه لموقع الحملة,1,,,معتمد مبدئيًا,community_opportunities_assistant_2,simple,simple,moderate,simple,اعتُمد مستوى بُعدين من ثلاثة: حجم الدور بسيط، الترابط والتنظيم متوسط، الاختيار والتكيف بسيط.,false
COMM-073-OP002,COMM-073,أخذ المنشورات التوعوية,2,,,معتمد مبدئيًا,community_opportunities_assistant_2,simple,simple,moderate,simple,اعتُمد مستوى بُعدين من ثلاثة: حجم الدور بسيط، الترابط والتنظيم متوسط، الاختيار والتكيف بسيط.,false
COMM-073-OP003,COMM-073,الاستماع للمنظمين,3,,,معتمد مبدئيًا,community_opportunities_assistant_2,simple,simple,moderate,simple,اعتُمد مستوى بُعدين من ثلاثة: حجم الدور بسيط، الترابط والتنظيم متوسط، الاختيار والتكيف بسيط.,false
COMM-074-OP001,COMM-074,المشي في الحديقة,1,,,معتمد مبدئيًا,community_opportunities_assistant_2,simple,simple,moderate,simple,اعتُمد مستوى بُعدين من ثلاثة: حجم الدور بسيط، الترابط والتنظيم متوسط، الاختيار والتكيف بسيط.,false
COMM-074-OP002,COMM-074,استخدام المرافق العامة,2,,,معتمد مبدئيًا,community_opportunities_assistant_2,simple,simple,moderate,simple,اعتُمد مستوى بُعدين من ثلاثة: حجم الدور بسيط، الترابط والتنظيم متوسط، الاختيار والتكيف بسيط.,false
COMM-074-OP003,COMM-074,المغادرة بعد وقت الراحة,3,,,معتمد مبدئيًا,community_opportunities_assistant_2,moderate,moderate,moderate,simple,اعتُمد مستوى بُعدين من ثلاثة: حجم الدور متوسط، الترابط والتنظيم متوسط، الاختيار والتكيف بسيط.,false
COMM-075-OP001,COMM-075,دخول النادي الاجتماعي,1,,,معتمد مبدئيًا,community_opportunities_assistant_2,simple,simple,moderate,simple,اعتُمد مستوى بُعدين من ثلاثة: حجم الدور بسيط، الترابط والتنظيم متوسط، الاختيار والتكيف بسيط.,false
COMM-075-OP002,COMM-075,المشاركة في الأنشطة,2,,,معتمد مبدئيًا,community_opportunities_assistant_2,simple,simple,simple,moderate,اعتُمد مستوى بُعدين من ثلاثة: حجم الدور بسيط، الترابط والتنظيم بسيط، الاختيار والتكيف متوسط.,false
COMM-075-OP003,COMM-075,إعادة أغراض اللعب للمكان,3,,,معتمد مبدئيًا,community_opportunities_assistant_2,moderate,moderate,moderate,simple,اعتُمد مستوى بُعدين من ثلاثة: حجم الدور متوسط، الترابط والتنظيم متوسط، الاختيار والتكيف بسيط.,false
COMM-076-OP001,COMM-076,التوجه لقاعة المحاضرة,1,,,معتمد مبدئيًا,community_opportunities_assistant_2,simple,simple,moderate,simple,اعتُمد مستوى بُعدين من ثلاثة: حجم الدور بسيط، الترابط والتنظيم متوسط، الاختيار والتكيف بسيط.,false
COMM-076-OP002,COMM-076,الجلوس والاستماع,2,,,معتمد مبدئيًا,community_opportunities_assistant_2,simple,simple,moderate,simple,اعتُمد مستوى بُعدين من ثلاثة: حجم الدور بسيط، الترابط والتنظيم متوسط، الاختيار والتكيف بسيط.,false
COMM-076-OP003,COMM-076,شكر المحاضر بعد الانتهاء,3,,,معتمد مبدئيًا,community_opportunities_assistant_2,moderate,moderate,moderate,simple,اعتُمد مستوى بُعدين من ثلاثة: حجم الدور متوسط، الترابط والتنظيم متوسط، الاختيار والتكيف بسيط.,false
COMM-077-OP001,COMM-077,التوجه للاستقبال,1,,,معتمد مبدئيًا,community_opportunities_assistant_2,simple,simple,moderate,simple,اعتُمد مستوى بُعدين من ثلاثة: حجم الدور بسيط، الترابط والتنظيم متوسط، الاختيار والتكيف بسيط.,false
COMM-077-OP002,COMM-077,الانتظار لدور الفحص,2,,,معتمد مبدئيًا,community_opportunities_assistant_2,moderate,moderate,moderate,simple,اعتُمد مستوى بُعدين من ثلاثة: حجم الدور متوسط، الترابط والتنظيم متوسط، الاختيار والتكيف بسيط.,false
COMM-077-OP003,COMM-077,مقابلة الطبيب,3,,,معتمد مبدئيًا,community_opportunities_assistant_2,moderate,simple,moderate,moderate,اعتُمد مستوى بُعدين من ثلاثة: حجم الدور بسيط، الترابط والتنظيم متوسط، الاختيار والتكيف متوسط.,false
COMM-078-OP001,COMM-078,انتظار وسيلة النقل في الموقف,1,,,معتمد مبدئيًا,community_opportunities_assistant_2,simple,simple,moderate,simple,اعتُمد مستوى بُعدين من ثلاثة: حجم الدور بسيط، الترابط والتنظيم متوسط، الاختيار والتكيف بسيط.,false
COMM-078-OP002,COMM-078,صعود المركبة,2,,,معتمد مبدئيًا,community_opportunities_assistant_2,simple,simple,moderate,simple,اعتُمد مستوى بُعدين من ثلاثة: حجم الدور بسيط، الترابط والتنظيم متوسط، الاختيار والتكيف بسيط.,false
COMM-078-OP003,COMM-078,النزول في المحطة المطلوبة,3,,إشراف مباشر,معتمد مبدئيًا,community_opportunities_assistant_2,moderate,moderate,moderate,simple,اعتُمد مستوى بُعدين من ثلاثة: حجم الدور متوسط، الترابط والتنظيم متوسط، الاختيار والتكيف بسيط.,false
COMM-079-OP001,COMM-079,طلب التذكرة من الموظف,1,,,معتمد مبدئيًا,community_opportunities_assistant_2,moderate,advanced,moderate,simple,حالة حدودية: اختلفت الأبعاد الثلاثة (حجم الدور متقدم، الترابط والتنظيم متوسط، الاختيار والتكيف بسيط)، واعتُمد المستوى المتوسط للمراجعة.,true
COMM-079-OP002,COMM-079,دفع القيمة المالية,2,,مرافقة,معتمد مبدئيًا,community_opportunities_assistant_2,simple,advanced,simple,simple,اعتُمد مستوى بُعدين من ثلاثة: حجم الدور متقدم، الترابط والتنظيم بسيط، الاختيار والتكيف بسيط.,false
COMM-079-OP003,COMM-079,استلام التذكرة,3,,,معتمد مبدئيًا,community_opportunities_assistant_2,simple,simple,moderate,simple,اعتُمد مستوى بُعدين من ثلاثة: حجم الدور بسيط، الترابط والتنظيم متوسط، الاختيار والتكيف بسيط.,false
COMM-080-OP001,COMM-080,التوجه للمكان المخصص للجهاز,1,,,معتمد مبدئيًا,community_opportunities_assistant_2,moderate,moderate,moderate,simple,اعتُمد مستوى بُعدين من ثلاثة: حجم الدور متوسط، الترابط والتنظيم متوسط، الاختيار والتكيف بسيط.,false
COMM-080-OP002,COMM-080,تصفح الإنترنت,2,,,معتمد مبدئيًا,community_opportunities_assistant_2,moderate,simple,moderate,moderate,اعتُمد مستوى بُعدين من ثلاثة: حجم الدور بسيط، الترابط والتنظيم متوسط، الاختيار والتكيف متوسط.,false
COMM-080-OP003,COMM-080,تسجيل الخروج,3,,,معتمد مبدئيًا,community_opportunities_assistant_2,simple,advanced,simple,simple,اعتُمد مستوى بُعدين من ثلاثة: حجم الدور متقدم، الترابط والتنظيم بسيط، الاختيار والتكيف بسيط.,false
FOOD-001-OP001,FOOD-001,إخراج المكونات من الثلاجة,1,,,معتمد مبدئيًا,Pasted text (3)(2).txt,moderate,moderate,advanced,simple,حالة حدودية: اختلفت الأبعاد الثلاثة (حجم الدور متوسط، الترابط والتنظيم متقدم، الاختيار والتكيف بسيط)، واعتُمد المستوى المتوسط للمراجعة.,true
FOOD-001-OP002,FOOD-001,تحضير الأطباق والأكواب,2,,,معتمد مبدئيًا,Pasted text (3)(2).txt,simple,moderate,simple,simple,اعتُمد مستوى بُعدين من ثلاثة: حجم الدور متوسط، الترابط والتنظيم بسيط، الاختيار والتكيف بسيط.,false
FOOD-001-OP003,FOOD-001,تقطيع الخبز,3,,,معتمد مبدئيًا,Pasted text (3)(2).txt,moderate,moderate,advanced,simple,حالة حدودية: اختلفت الأبعاد الثلاثة (حجم الدور متوسط، الترابط والتنظيم متقدم، الاختيار والتكيف بسيط)، واعتُمد المستوى المتوسط للمراجعة.,true
FOOD-001-OP004,FOOD-001,تحضير المشروبات المرافقة,4,,,معتمد مبدئيًا,Pasted text (3)(2).txt,moderate,moderate,advanced,simple,حالة حدودية: اختلفت الأبعاد الثلاثة (حجم الدور متوسط، الترابط والتنظيم متقدم، الاختيار والتكيف بسيط)، واعتُمد المستوى المتوسط للمراجعة.,true
FOOD-002-OP001,FOOD-002,إخراج المكونات وتجهيزها,1,,,معتمد مبدئيًا,Pasted text (3)(2).txt,simple,moderate,simple,simple,اعتُمد مستوى بُعدين من ثلاثة: حجم الدور متوسط، الترابط والتنظيم بسيط، الاختيار والتكيف بسيط.,false
FOOD-002-OP002,FOOD-002,غسل الخضروات,2,,,معتمد مبدئيًا,Pasted text (3)(2).txt,moderate,moderate,advanced,simple,حالة حدودية: اختلفت الأبعاد الثلاثة (حجم الدور متوسط، الترابط والتنظيم متقدم، الاختيار والتكيف بسيط)، واعتُمد المستوى المتوسط للمراجعة.,true
FOOD-002-OP003,FOOD-002,إحضار أدوات الطهي,3,,,معتمد مبدئيًا,Pasted text (3)(2).txt,simple,simple,simple,simple,تطابقت الأبعاد الثلاثة: حجم الدور بسيط، الترابط والتنظيم بسيط، الاختيار والتكيف بسيط.,false
FOOD-002-OP004,FOOD-002,ترتيب سطح العمل,4,,,معتمد مبدئيًا,Pasted text (3)(2).txt,moderate,moderate,advanced,simple,حالة حدودية: اختلفت الأبعاد الثلاثة (حجم الدور متوسط، الترابط والتنظيم متقدم، الاختيار والتكيف بسيط)، واعتُمد المستوى المتوسط للمراجعة.,true
FOOD-002-OP005,FOOD-002,سكب الطعام في الأطباق,5,,,معتمد مبدئيًا,Pasted text (3)(2).txt,simple,simple,advanced,simple,اعتُمد مستوى بُعدين من ثلاثة: حجم الدور بسيط، الترابط والتنظيم متقدم، الاختيار والتكيف بسيط.,false
FOOD-003-OP001,FOOD-003,تقطيع المكونات البسيطة,1,,,معتمد مبدئيًا,Pasted text (3)(2).txt,moderate,moderate,advanced,moderate,اعتُمد مستوى بُعدين من ثلاثة: حجم الدور متوسط، الترابط والتنظيم متقدم، الاختيار والتكيف متوسط.,false
FOOD-003-OP002,FOOD-003,تجهيز أدوات المائدة,2,,,معتمد مبدئيًا,Pasted text (3)(2).txt,simple,moderate,simple,simple,اعتُمد مستوى بُعدين من ثلاثة: حجم الدور متوسط، الترابط والتنظيم بسيط، الاختيار والتكيف بسيط.,false
FOOD-003-OP003,FOOD-003,سكب الطعام,3,,,معتمد مبدئيًا,Pasted text (3)(2).txt,simple,simple,moderate,simple,اعتُمد مستوى بُعدين من ثلاثة: حجم الدور بسيط، الترابط والتنظيم متوسط، الاختيار والتكيف بسيط.,false
FOOD-003-OP004,FOOD-003,تقديم الطعام,4,,,معتمد مبدئيًا,Pasted text (3)(2).txt,simple,simple,advanced,simple,اعتُمد مستوى بُعدين من ثلاثة: حجم الدور بسيط، الترابط والتنظيم متقدم، الاختيار والتكيف بسيط.,false
FOOD-004-OP001,FOOD-004,تعبئة الغلاية بالماء,1,,,معتمد مبدئيًا,Pasted text (3)(2).txt,moderate,moderate,advanced,simple,حالة حدودية: اختلفت الأبعاد الثلاثة (حجم الدور متوسط، الترابط والتنظيم متقدم، الاختيار والتكيف بسيط)، واعتُمد المستوى المتوسط للمراجعة.,true
FOOD-004-OP002,FOOD-004,إحضار الأكواب,2,,,معتمد مبدئيًا,Pasted text (3)(2).txt,simple,simple,advanced,simple,اعتُمد مستوى بُعدين من ثلاثة: حجم الدور بسيط، الترابط والتنظيم متقدم، الاختيار والتكيف بسيط.,false
FOOD-004-OP003,FOOD-004,وضع أكياس الشاي أو البن,3,,,معتمد مبدئيًا,Pasted text (3)(2).txt,moderate,moderate,moderate,simple,اعتُمد مستوى بُعدين من ثلاثة: حجم الدور متوسط، الترابط والتنظيم متوسط، الاختيار والتكيف بسيط.,false
FOOD-004-OP004,FOOD-004,تقديم المشروبات,4,,,معتمد مبدئيًا,Pasted text (3)(2).txt,simple,simple,advanced,simple,اعتُمد مستوى بُعدين من ثلاثة: حجم الدور بسيط، الترابط والتنظيم متقدم، الاختيار والتكيف بسيط.,false
FOOD-005-OP001,FOOD-005,إخراج الثلج من الفريزر,1,,,معتمد مبدئيًا,Pasted text (3)(2).txt,moderate,moderate,advanced,simple,حالة حدودية: اختلفت الأبعاد الثلاثة (حجم الدور متوسط، الترابط والتنظيم متقدم، الاختيار والتكيف بسيط)، واعتُمد المستوى المتوسط للمراجعة.,true
FOOD-005-OP002,FOOD-005,سكب العصائر أو الماء,2,,,معتمد مبدئيًا,Pasted text (3)(2).txt,simple,simple,advanced,simple,اعتُمد مستوى بُعدين من ثلاثة: حجم الدور بسيط، الترابط والتنظيم متقدم، الاختيار والتكيف بسيط.,false
FOOD-005-OP003,FOOD-005,تجهيز الأكواب,3,,,معتمد مبدئيًا,Pasted text (3)(2).txt,moderate,moderate,advanced,simple,حالة حدودية: اختلفت الأبعاد الثلاثة (حجم الدور متوسط، الترابط والتنظيم متقدم، الاختيار والتكيف بسيط)، واعتُمد المستوى المتوسط للمراجعة.,true
FOOD-005-OP004,FOOD-005,تقديم المشروبات,4,,,معتمد مبدئيًا,Pasted text (3)(2).txt,simple,simple,advanced,simple,اعتُمد مستوى بُعدين من ثلاثة: حجم الدور بسيط، الترابط والتنظيم متقدم، الاختيار والتكيف بسيط.,false
FOOD-006-OP001,FOOD-006,ترتيب صينية الضيافة,1,,,معتمد مبدئيًا,Pasted text (3)(2).txt,simple,moderate,simple,simple,اعتُمد مستوى بُعدين من ثلاثة: حجم الدور متوسط، الترابط والتنظيم بسيط، الاختيار والتكيف بسيط.,false
FOOD-006-OP002,FOOD-006,توزيع الأكواب والأطباق الصغيرة,2,,,معتمد مبدئيًا,Pasted text (3)(2).txt,moderate,moderate,moderate,simple,اعتُمد مستوى بُعدين من ثلاثة: حجم الدور متوسط، الترابط والتنظيم متوسط، الاختيار والتكيف بسيط.,false
FOOD-006-OP003,FOOD-006,تقديم المشروبات والمأكولات للضيوف,3,,,معتمد مبدئيًا,Pasted text (3)(2).txt,simple,simple,advanced,simple,اعتُمد مستوى بُعدين من ثلاثة: حجم الدور بسيط، الترابط والتنظيم متقدم، الاختيار والتكيف بسيط.,false
FOOD-006-OP004,FOOD-006,جمع الأكواب والأطباق بعد الانتهاء,4,,,معتمد مبدئيًا,Pasted text (3)(2).txt,simple,simple,moderate,simple,اعتُمد مستوى بُعدين من ثلاثة: حجم الدور بسيط، الترابط والتنظيم متوسط، الاختيار والتكيف بسيط.,false
FOOD-007-OP001,FOOD-007,تجميع العلب والحوافظ,1,,,معتمد مبدئيًا,Pasted text (3)(2).txt,moderate,moderate,advanced,simple,حالة حدودية: اختلفت الأبعاد الثلاثة (حجم الدور متوسط، الترابط والتنظيم متقدم، الاختيار والتكيف بسيط)، واعتُمد المستوى المتوسط للمراجعة.,true
FOOD-007-OP002,FOOD-007,تعبئة الطعام في العلب,2,,,معتمد مبدئيًا,Pasted text (3)(2).txt,moderate,moderate,advanced,simple,حالة حدودية: اختلفت الأبعاد الثلاثة (حجم الدور متوسط، الترابط والتنظيم متقدم، الاختيار والتكيف بسيط)، واعتُمد المستوى المتوسط للمراجعة.,true
FOOD-007-OP003,FOOD-007,إغلاق الحوافظ بإحكام,3,,,معتمد مبدئيًا,Pasted text (3)(2).txt,simple,simple,moderate,simple,اعتُمد مستوى بُعدين من ثلاثة: حجم الدور بسيط، الترابط والتنظيم متوسط، الاختيار والتكيف بسيط.,false
FOOD-007-OP004,FOOD-007,ترتيب الحوافظ في حقيبة السفر,4,,,معتمد مبدئيًا,Pasted text (3)(2).txt,moderate,moderate,moderate,simple,اعتُمد مستوى بُعدين من ثلاثة: حجم الدور متوسط، الترابط والتنظيم متوسط، الاختيار والتكيف بسيط.,false
FOOD-008-OP001,FOOD-008,إخراج صندوق الطعام,1,,,معتمد مبدئيًا,Pasted text (3)(2).txt,simple,simple,advanced,simple,اعتُمد مستوى بُعدين من ثلاثة: حجم الدور بسيط، الترابط والتنظيم متقدم، الاختيار والتكيف بسيط.,false
FOOD-008-OP002,FOOD-008,تعبئة الصندوق بالوجبات,2,,,معتمد مبدئيًا,Pasted text (3)(2).txt,simple,moderate,simple,simple,اعتُمد مستوى بُعدين من ثلاثة: حجم الدور متوسط، الترابط والتنظيم بسيط، الاختيار والتكيف بسيط.,false
FOOD-008-OP003,FOOD-008,تعبئة زجاجة الماء,3,,,معتمد مبدئيًا,Pasted text (3)(2).txt,moderate,moderate,advanced,simple,حالة حدودية: اختلفت الأبعاد الثلاثة (حجم الدور متوسط، الترابط والتنظيم متقدم، الاختيار والتكيف بسيط)، واعتُمد المستوى المتوسط للمراجعة.,true
FOOD-008-OP004,FOOD-008,وضع الصندوق في الحقيبة,4,,,معتمد مبدئيًا,Pasted text (3)(2).txt,simple,simple,advanced,simple,اعتُمد مستوى بُعدين من ثلاثة: حجم الدور بسيط، الترابط والتنظيم متقدم، الاختيار والتكيف بسيط.,false
FOOD-009-OP001,FOOD-009,اختيار مكونات الوجبة,1,,,معتمد مبدئيًا,Pasted text (3)(2).txt,moderate,moderate,moderate,advanced,اعتُمد مستوى بُعدين من ثلاثة: حجم الدور متوسط، الترابط والتنظيم متوسط، الاختيار والتكيف متقدم.,false
FOOD-009-OP002,FOOD-009,تجميع مكونات الساندويتش أو الوجبة,2,,,معتمد مبدئيًا,Pasted text (3)(2).txt,simple,moderate,simple,simple,اعتُمد مستوى بُعدين من ثلاثة: حجم الدور متوسط، الترابط والتنظيم بسيط، الاختيار والتكيف بسيط.,false
FOOD-009-OP003,FOOD-009,إحضار طبق التقديم,3,,,معتمد مبدئيًا,Pasted text (3)(2).txt,simple,simple,advanced,simple,اعتُمد مستوى بُعدين من ثلاثة: حجم الدور بسيط، الترابط والتنظيم متقدم، الاختيار والتكيف بسيط.,false
FOOD-009-OP004,FOOD-009,تنظيف المكان بعد التحضير,4,,,معتمد مبدئيًا,Pasted text (3)(2).txt,moderate,moderate,moderate,simple,اعتُمد مستوى بُعدين من ثلاثة: حجم الدور متوسط، الترابط والتنظيم متوسط، الاختيار والتكيف بسيط.,false
FOOD-010-OP001,FOOD-010,إخراج البقايا من الثلاجة,1,,,معتمد مبدئيًا,Pasted text (3)(2).txt,moderate,moderate,advanced,simple,حالة حدودية: اختلفت الأبعاد الثلاثة (حجم الدور متوسط، الترابط والتنظيم متقدم، الاختيار والتكيف بسيط)، واعتُمد المستوى المتوسط للمراجعة.,true
FOOD-010-OP002,FOOD-010,تسخين الطعام,2,,,معتمد مبدئيًا,Pasted text (3)(2).txt,simple,simple,advanced,simple,اعتُمد مستوى بُعدين من ثلاثة: حجم الدور بسيط، الترابط والتنظيم متقدم، الاختيار والتكيف بسيط.,false
FOOD-010-OP003,FOOD-010,دمج البقايا في أطباق جديدة,3,,,معتمد مبدئيًا,Pasted text (3)(2).txt,moderate,moderate,advanced,moderate,اعتُمد مستوى بُعدين من ثلاثة: حجم الدور متوسط، الترابط والتنظيم متقدم، الاختيار والتكيف متوسط.,false
FOOD-010-OP004,FOOD-010,تقديم الوجبة المعدلة,4,,,معتمد مبدئيًا,Pasted text (3)(2).txt,simple,simple,advanced,simple,اعتُمد مستوى بُعدين من ثلاثة: حجم الدور بسيط، الترابط والتنظيم متقدم، الاختيار والتكيف بسيط.,false
FOOD-011-OP001,FOOD-011,إحضار علب الحفظ,1,,,معتمد مبدئيًا,Pasted text (3)(2).txt,moderate,moderate,moderate,simple,اعتُمد مستوى بُعدين من ثلاثة: حجم الدور متوسط، الترابط والتنظيم متوسط، الاختيار والتكيف بسيط.,false
FOOD-011-OP002,FOOD-011,نقل البقايا إلى العلب,2,,,معتمد مبدئيًا,Pasted text (3)(2).txt,simple,simple,moderate,simple,اعتُمد مستوى بُعدين من ثلاثة: حجم الدور بسيط، الترابط والتنظيم متوسط، الاختيار والتكيف بسيط.,false
FOOD-011-OP003,FOOD-011,إغلاق العلب بإحكام,3,,,معتمد مبدئيًا,Pasted text (3)(2).txt,simple,simple,moderate,simple,اعتُمد مستوى بُعدين من ثلاثة: حجم الدور بسيط، الترابط والتنظيم متوسط، الاختيار والتكيف بسيط.,false
FOOD-011-OP004,FOOD-011,ترتيب العلب في الثلاجة,4,,,معتمد مبدئيًا,Pasted text (3)(2).txt,moderate,moderate,advanced,simple,حالة حدودية: اختلفت الأبعاد الثلاثة (حجم الدور متوسط، الترابط والتنظيم متقدم، الاختيار والتكيف بسيط)، واعتُمد المستوى المتوسط للمراجعة.,true
FOOD-012-OP001,FOOD-012,تحديد المكونات المطلوبة للطبخ,1,,,معتمد مبدئيًا,Pasted text (3)(2).txt,moderate,moderate,moderate,advanced,اعتُمد مستوى بُعدين من ثلاثة: حجم الدور متوسط، الترابط والتنظيم متوسط، الاختيار والتكيف متقدم.,false
FOOD-012-OP002,FOOD-012,إخراج الأكياس أو العلب من الفريزر,2,,,معتمد مبدئيًا,Pasted text (3)(2).txt,moderate,moderate,advanced,simple,حالة حدودية: اختلفت الأبعاد الثلاثة (حجم الدور متوسط، الترابط والتنظيم متقدم، الاختيار والتكيف بسيط)، واعتُمد المستوى المتوسط للمراجعة.,true
FOOD-012-OP003,FOOD-012,وضع المكونات في وعاء الإذابة المناسب,3,,,معتمد مبدئيًا,Pasted text (3)(2).txt,moderate,simple,moderate,advanced,حالة حدودية: اختلفت الأبعاد الثلاثة (حجم الدور بسيط، الترابط والتنظيم متوسط، الاختيار والتكيف متقدم)، واعتُمد المستوى المتوسط للمراجعة.,true
FOOD-013-OP001,FOOD-013,جرد سريع للمتاح في الثلاجة,1,,,معتمد مبدئيًا,Pasted text (3)(2).txt,moderate,moderate,moderate,simple,اعتُمد مستوى بُعدين من ثلاثة: حجم الدور متوسط، الترابط والتنظيم متوسط، الاختيار والتكيف بسيط.,false
FOOD-013-OP002,FOOD-013,إخراج المكونات الضرورية,2,,,معتمد مبدئيًا,Pasted text (3)(2).txt,simple,simple,simple,simple,تطابقت الأبعاد الثلاثة: حجم الدور بسيط، الترابط والتنظيم بسيط، الاختيار والتكيف بسيط.,false
FOOD-013-OP003,FOOD-013,إعادة ترتيب الرفوف لتوفير مساحة,3,,,معتمد مبدئيًا,Pasted text (3)(2).txt,simple,moderate,simple,simple,اعتُمد مستوى بُعدين من ثلاثة: حجم الدور متوسط، الترابط والتنظيم بسيط، الاختيار والتكيف بسيط.,false
FOOD-014-OP001,FOOD-014,كتابة أو مراجعة قائمة النواقص,1,,,معتمد مبدئيًا,Pasted text (3)(2).txt,moderate,advanced,moderate,simple,حالة حدودية: اختلفت الأبعاد الثلاثة (حجم الدور متقدم، الترابط والتنظيم متوسط، الاختيار والتكيف بسيط)، واعتُمد المستوى المتوسط للمراجعة.,true
FOOD-014-OP002,FOOD-014,اختيار المكونات من الرفوف في المتجر,2,,,معتمد مبدئيًا,Pasted text (3)(2).txt,moderate,moderate,moderate,moderate,تطابقت الأبعاد الثلاثة: حجم الدور متوسط، الترابط والتنظيم متوسط، الاختيار والتكيف متوسط.,false
FOOD-014-OP003,FOOD-014,حمل الأكياس والمشتريات,3,,,معتمد مبدئيًا,Pasted text (3)(2).txt,moderate,moderate,moderate,simple,اعتُمد مستوى بُعدين من ثلاثة: حجم الدور متوسط، الترابط والتنظيم متوسط، الاختيار والتكيف بسيط.,false
FOOD-014-OP004,FOOD-014,ترتيب المشتريات عند العودة,4,,,معتمد مبدئيًا,Pasted text (3)(2).txt,moderate,moderate,moderate,simple,اعتُمد مستوى بُعدين من ثلاثة: حجم الدور متوسط، الترابط والتنظيم متوسط، الاختيار والتكيف بسيط.,false
FOOD-015-OP001,FOOD-015,مسح طاولة الطعام,1,,,معتمد مبدئيًا,Pasted text (3)(2).txt,simple,simple,simple,simple,تطابقت الأبعاد الثلاثة: حجم الدور بسيط، الترابط والتنظيم بسيط، الاختيار والتكيف بسيط.,false
FOOD-015-OP002,FOOD-015,توزيع المفارش,2,,,معتمد مبدئيًا,Pasted text (3)(2).txt,moderate,moderate,moderate,simple,اعتُمد مستوى بُعدين من ثلاثة: حجم الدور متوسط، الترابط والتنظيم متوسط، الاختيار والتكيف بسيط.,false
FOOD-015-OP003,FOOD-015,ترتيب الأطباق والأدوات والأكواب,3,,,معتمد مبدئيًا,Pasted text (3)(2).txt,simple,moderate,simple,simple,اعتُمد مستوى بُعدين من ثلاثة: حجم الدور متوسط، الترابط والتنظيم بسيط، الاختيار والتكيف بسيط.,false
FOOD-015-OP004,FOOD-015,وضع المناديل,4,,,معتمد مبدئيًا,Pasted text (3)(2).txt,simple,simple,moderate,simple,اعتُمد مستوى بُعدين من ثلاثة: حجم الدور بسيط، الترابط والتنظيم متوسط، الاختيار والتكيف بسيط.,false
FOOD-016-OP001,FOOD-016,جمع الأطباق الفارغة,1,,,معتمد مبدئيًا,Pasted text (3)(2).txt,simple,simple,moderate,simple,اعتُمد مستوى بُعدين من ثلاثة: حجم الدور بسيط، الترابط والتنظيم متوسط، الاختيار والتكيف بسيط.,false
FOOD-016-OP002,FOOD-016,نقل الأكواب والأدوات للمطبخ,2,,,معتمد مبدئيًا,Pasted text (3)(2).txt,simple,simple,moderate,simple,اعتُمد مستوى بُعدين من ثلاثة: حجم الدور بسيط، الترابط والتنظيم متوسط، الاختيار والتكيف بسيط.,false
FOOD-016-OP003,FOOD-016,مسح الطاولة,3,,,معتمد مبدئيًا,Pasted text (3)(2).txt,simple,simple,simple,simple,تطابقت الأبعاد الثلاثة: حجم الدور بسيط، الترابط والتنظيم بسيط، الاختيار والتكيف بسيط.,false
FOOD-016-OP004,FOOD-016,التخلص من المناديل المستعملة,4,,,معتمد مبدئيًا,Pasted text (3)(2).txt,moderate,moderate,moderate,simple,اعتُمد مستوى بُعدين من ثلاثة: حجم الدور متوسط، الترابط والتنظيم متوسط، الاختيار والتكيف بسيط.,false
FOOD-017-OP001,FOOD-017,جمع قشور الخضروات وبقايا التحضير,1,,,معتمد مبدئيًا,Pasted text (3)(2).txt,moderate,moderate,moderate,simple,اعتُمد مستوى بُعدين من ثلاثة: حجم الدور متوسط، الترابط والتنظيم متوسط، الاختيار والتكيف بسيط.,false
FOOD-017-OP002,FOOD-017,مسح سطح العمل,2,,,معتمد مبدئيًا,Pasted text (3)(2).txt,simple,simple,simple,simple,تطابقت الأبعاد الثلاثة: حجم الدور بسيط، الترابط والتنظيم بسيط، الاختيار والتكيف بسيط.,false
FOOD-017-OP003,FOOD-017,تجفيف حوض المطبخ,3,,,معتمد مبدئيًا,Pasted text (3)(2).txt,simple,simple,simple,simple,تطابقت الأبعاد الثلاثة: حجم الدور بسيط، الترابط والتنظيم بسيط، الاختيار والتكيف بسيط.,false
FOOD-018-OP001,FOOD-018,نقع القدور والمقالي بالماء,1,,,معتمد مبدئيًا,Pasted text (3)(2).txt,moderate,moderate,moderate,simple,اعتُمد مستوى بُعدين من ثلاثة: حجم الدور متوسط، الترابط والتنظيم متوسط، الاختيار والتكيف بسيط.,false
FOOD-018-OP002,FOOD-018,غسل الأدوات بالإسفنجة والصابون,2,,,معتمد مبدئيًا,Pasted text (3)(2).txt,simple,moderate,simple,simple,اعتُمد مستوى بُعدين من ثلاثة: حجم الدور متوسط، الترابط والتنظيم بسيط، الاختيار والتكيف بسيط.,false
FOOD-018-OP003,FOOD-018,شطف الأدوات بالماء,3,,,معتمد مبدئيًا,Pasted text (3)(2).txt,simple,simple,simple,simple,تطابقت الأبعاد الثلاثة: حجم الدور بسيط، الترابط والتنظيم بسيط، الاختيار والتكيف بسيط.,false
FOOD-018-OP004,FOOD-018,وضع الأدوات في شبك التجفيف,4,,,معتمد مبدئيًا,Pasted text (3)(2).txt,simple,simple,moderate,simple,اعتُمد مستوى بُعدين من ثلاثة: حجم الدور بسيط، الترابط والتنظيم متوسط، الاختيار والتكيف بسيط.,false
FOOD-019-OP001,FOOD-019,جمع الأدوات النظيفة والجافة,1,,,معتمد مبدئيًا,Pasted text (3)(2).txt,simple,simple,moderate,simple,اعتُمد مستوى بُعدين من ثلاثة: حجم الدور بسيط، الترابط والتنظيم متوسط، الاختيار والتكيف بسيط.,false
FOOD-019-OP002,FOOD-019,فرز الملاعق والشوك,2,,,معتمد مبدئيًا,Pasted text (3)(2).txt,moderate,moderate,moderate,simple,اعتُمد مستوى بُعدين من ثلاثة: حجم الدور متوسط، الترابط والتنظيم متوسط، الاختيار والتكيف بسيط.,false
FOOD-019-OP003,FOOD-019,إعادة القدور والأواني لأماكنها في الخزائن,3,,,معتمد مبدئيًا,Pasted text (3)(2).txt,advanced,advanced,advanced,simple,اعتُمد مستوى بُعدين من ثلاثة: حجم الدور متقدم، الترابط والتنظيم متقدم، الاختيار والتكيف بسيط.,false
FOOD-020-OP001,FOOD-020,فرز البقايا الفاسدة,1,,,معتمد مبدئيًا,Pasted text (3)(2).txt,moderate,moderate,moderate,moderate,تطابقت الأبعاد الثلاثة: حجم الدور متوسط، الترابط والتنظيم متوسط، الاختيار والتكيف متوسط.,false
FOOD-020-OP002,FOOD-020,تفريغ الأطباق في سلة المهملات,2,,,معتمد مبدئيًا,Pasted text (3)(2).txt,moderate,moderate,moderate,simple,اعتُمد مستوى بُعدين من ثلاثة: حجم الدور متوسط، الترابط والتنظيم متوسط، الاختيار والتكيف بسيط.,false
FOOD-020-OP003,FOOD-020,ربط كيس المهملات,3,,,معتمد مبدئيًا,Pasted text (3)(2).txt,moderate,moderate,moderate,simple,اعتُمد مستوى بُعدين من ثلاثة: حجم الدور متوسط، الترابط والتنظيم متوسط، الاختيار والتكيف بسيط.,false
FOOD-021-OP001,FOOD-021,حصر احتياجات المخزن من السلع,1,,,معتمد مبدئيًا,Pasted text (3)(2).txt,moderate,moderate,advanced,simple,حالة حدودية: اختلفت الأبعاد الثلاثة (حجم الدور متوسط، الترابط والتنظيم متقدم، الاختيار والتكيف بسيط)، واعتُمد المستوى المتوسط للمراجعة.,true
FOOD-021-OP002,FOOD-021,ترتيب المشتريات في الرفوف,2,,,معتمد مبدئيًا,Pasted text (3)(2).txt,moderate,moderate,moderate,simple,اعتُمد مستوى بُعدين من ثلاثة: حجم الدور متوسط، الترابط والتنظيم متوسط، الاختيار والتكيف بسيط.,false
FOOD-021-OP003,FOOD-021,تعبئة الحبوب والبهارات في العلب,3,,,معتمد مبدئيًا,Pasted text (3)(2).txt,moderate,moderate,advanced,simple,حالة حدودية: اختلفت الأبعاد الثلاثة (حجم الدور متوسط، الترابط والتنظيم متقدم، الاختيار والتكيف بسيط)، واعتُمد المستوى المتوسط للمراجعة.,true
FOOD-022-OP001,FOOD-022,تجهيز التمور وتوزيعها في أطباق,1,,,معتمد مبدئيًا,Pasted text (3)(2).txt,moderate,moderate,moderate,simple,اعتُمد مستوى بُعدين من ثلاثة: حجم الدور متوسط، الترابط والتنظيم متوسط، الاختيار والتكيف بسيط.,false
FOOD-022-OP002,FOOD-022,سكب العصائر وتجهيز الأكواب,2,,,معتمد مبدئيًا,Pasted text (3)(2).txt,moderate,moderate,moderate,simple,اعتُمد مستوى بُعدين من ثلاثة: حجم الدور متوسط، الترابط والتنظيم متوسط، الاختيار والتكيف بسيط.,false
FOOD-022-OP003,FOOD-022,نقل أطباق الشوربة للمائدة,3,,,معتمد مبدئيًا,Pasted text (3)(2).txt,simple,simple,advanced,simple,اعتُمد مستوى بُعدين من ثلاثة: حجم الدور بسيط، الترابط والتنظيم متقدم، الاختيار والتكيف بسيط.,false
FOOD-022-OP004,FOOD-022,ترتيب المائدة,4,,,معتمد مبدئيًا,Pasted text (3)(2).txt,simple,moderate,simple,simple,اعتُمد مستوى بُعدين من ثلاثة: حجم الدور متوسط، الترابط والتنظيم بسيط، الاختيار والتكيف بسيط.,false
FOOD-023-OP001,FOOD-023,تجهيز الأطباق الكبيرة للتقديم,1,,,معتمد مبدئيًا,Pasted text (3)(2).txt,moderate,moderate,moderate,simple,اعتُمد مستوى بُعدين من ثلاثة: حجم الدور متوسط، الترابط والتنظيم متوسط، الاختيار والتكيف بسيط.,false
FOOD-023-OP002,FOOD-023,المساعدة في سكب الطعام,2,,,معتمد مبدئيًا,Pasted text (3)(2).txt,simple,simple,moderate,simple,اعتُمد مستوى بُعدين من ثلاثة: حجم الدور بسيط، الترابط والتنظيم متوسط، الاختيار والتكيف بسيط.,false
FOOD-023-OP003,FOOD-023,تزيين الأطباق بلمسات نهائية,3,,,معتمد مبدئيًا,Pasted text (3)(2).txt,simple,moderate,simple,simple,اعتُمد مستوى بُعدين من ثلاثة: حجم الدور متوسط، الترابط والتنظيم بسيط، الاختيار والتكيف بسيط.,false
FOOD-023-OP004,FOOD-023,نقل الأطباق لمكان الضيوف,4,,,معتمد مبدئيًا,Pasted text (3)(2).txt,simple,simple,advanced,simple,اعتُمد مستوى بُعدين من ثلاثة: حجم الدور بسيط، الترابط والتنظيم متقدم، الاختيار والتكيف بسيط.,false
FOOD-024-OP001,FOOD-024,إخراج المنتجات من الرفوف أو الثلاجة,1,,,معتمد مبدئيًا,Pasted text (3)(2).txt,moderate,advanced,moderate,simple,حالة حدودية: اختلفت الأبعاد الثلاثة (حجم الدور متقدم، الترابط والتنظيم متوسط، الاختيار والتكيف بسيط)، واعتُمد المستوى المتوسط للمراجعة.,true
FOOD-024-OP002,FOOD-024,قراءة تواريخ الصلاحية,2,,,معتمد مبدئيًا,Pasted text (3)(2).txt,simple,simple,moderate,simple,اعتُمد مستوى بُعدين من ثلاثة: حجم الدور بسيط، الترابط والتنظيم متوسط، الاختيار والتكيف بسيط.,false
FOOD-024-OP003,FOOD-024,عزل أو التخلص من المنتجات المنتهية,3,,,معتمد مبدئيًا,Pasted text (3)(2).txt,moderate,advanced,moderate,simple,حالة حدودية: اختلفت الأبعاد الثلاثة (حجم الدور متقدم، الترابط والتنظيم متوسط، الاختيار والتكيف بسيط)، واعتُمد المستوى المتوسط للمراجعة.,true
FOOD-025-OP001,FOOD-025,وضع الطعام في طبق التسخين المناسب,1,,,معتمد مبدئيًا,Pasted text (3)(2).txt,simple,simple,simple,advanced,اعتُمد مستوى بُعدين من ثلاثة: حجم الدور بسيط، الترابط والتنظيم بسيط، الاختيار والتكيف متقدم.,false
FOOD-025-OP002,FOOD-025,إدخال الطبق لفرن الميكروويف أو الفرن العادي,2,,,معتمد مبدئيًا,Pasted text (3)(2).txt,advanced,advanced,advanced,moderate,اعتُمد مستوى بُعدين من ثلاثة: حجم الدور متقدم، الترابط والتنظيم متقدم، الاختيار والتكيف متوسط.,false
FOOD-025-OP003,FOOD-025,ضبط مؤقت التسخين,3,,,معتمد مبدئيًا,Pasted text (3)(2).txt,simple,simple,moderate,simple,اعتُمد مستوى بُعدين من ثلاثة: حجم الدور بسيط، الترابط والتنظيم متوسط، الاختيار والتكيف بسيط.,false
FOOD-025-OP004,FOOD-025,إخراج الطبق بحذر,4,,,معتمد مبدئيًا,Pasted text (3)(2).txt,moderate,simple,moderate,moderate,اعتُمد مستوى بُعدين من ثلاثة: حجم الدور بسيط، الترابط والتنظيم متوسط، الاختيار والتكيف متوسط.,false
FOOD-026-OP001,FOOD-026,إحضار زجاجة الرضاعة أو وعاء الطعام,1,,,معتمد مبدئيًا,Pasted text (3)(2).txt,simple,simple,moderate,simple,اعتُمد مستوى بُعدين من ثلاثة: حجم الدور بسيط، الترابط والتنظيم متوسط، الاختيار والتكيف بسيط.,false
FOOD-026-OP002,FOOD-026,هرس الطعام,2,,,معتمد مبدئيًا,Pasted text (3)(2).txt,simple,simple,moderate,simple,اعتُمد مستوى بُعدين من ثلاثة: حجم الدور بسيط، الترابط والتنظيم متوسط، الاختيار والتكيف بسيط.,false
FOOD-026-OP003,FOOD-026,قياس درجة حرارة الطعام أو الحليب,3,,,معتمد مبدئيًا,Pasted text (3)(2).txt,moderate,advanced,moderate,simple,حالة حدودية: اختلفت الأبعاد الثلاثة (حجم الدور متقدم، الترابط والتنظيم متوسط، الاختيار والتكيف بسيط)، واعتُمد المستوى المتوسط للمراجعة.,true
FOOD-026-OP004,FOOD-026,إطعام الرضيع,4,,,معتمد مبدئيًا,Pasted text (3)(2).txt,simple,simple,moderate,simple,اعتُمد مستوى بُعدين من ثلاثة: حجم الدور بسيط، الترابط والتنظيم متوسط، الاختيار والتكيف بسيط.,false
FOOD-027-OP001,FOOD-027,وضع الخضار أو الفاكهة في المصفاة,1,,,معتمد مبدئيًا,Pasted text (3)(2).txt,simple,simple,moderate,simple,اعتُمد مستوى بُعدين من ثلاثة: حجم الدور بسيط، الترابط والتنظيم متوسط، الاختيار والتكيف بسيط.,false
FOOD-027-OP002,FOOD-027,غسل الحبات بالماء الجاري,2,,,معتمد مبدئيًا,Pasted text (3)(2).txt,moderate,moderate,moderate,simple,اعتُمد مستوى بُعدين من ثلاثة: حجم الدور متوسط، الترابط والتنظيم متوسط، الاختيار والتكيف بسيط.,false
FOOD-027-OP003,FOOD-027,تجفيف الفواكه أو الخضروات ووضعها في سلة,3,,,معتمد مبدئيًا,Pasted text (3)(2).txt,simple,simple,moderate,simple,اعتُمد مستوى بُعدين من ثلاثة: حجم الدور بسيط، الترابط والتنظيم متوسط، الاختيار والتكيف بسيط.,false
FOOD-028-OP001,FOOD-028,إحضار لوح التقطيع,1,,,معتمد مبدئيًا,Pasted text (3)(2).txt,moderate,moderate,moderate,simple,اعتُمد مستوى بُعدين من ثلاثة: حجم الدور متوسط، الترابط والتنظيم متوسط، الاختيار والتكيف بسيط.,false
FOOD-028-OP002,FOOD-028,تقطيع الخضروات لأحجام مناسبة,2,,,معتمد مبدئيًا,Pasted text (3)(2).txt,moderate,moderate,moderate,moderate,تطابقت الأبعاد الثلاثة: حجم الدور متوسط، الترابط والتنظيم متوسط، الاختيار والتكيف متوسط.,false
FOOD-028-OP003,FOOD-028,فرز المكونات المقطعة في أطباق صغيرة,3,,,معتمد مبدئيًا,Pasted text (3)(2).txt,simple,moderate,simple,simple,اعتُمد مستوى بُعدين من ثلاثة: حجم الدور متوسط، الترابط والتنظيم بسيط، الاختيار والتكيف بسيط.,false
FOOD-029-OP001,FOOD-029,قياس مقادير الدقيق والمكونات,1,,,معتمد مبدئيًا,Pasted text (3)(2).txt,moderate,moderate,moderate,simple,اعتُمد مستوى بُعدين من ثلاثة: حجم الدور متوسط، الترابط والتنظيم متوسط، الاختيار والتكيف بسيط.,false
FOOD-029-OP002,FOOD-029,عجن أو خلط المكونات,2,,,معتمد مبدئيًا,Pasted text (3)(2).txt,simple,moderate,simple,simple,اعتُمد مستوى بُعدين من ثلاثة: حجم الدور متوسط، الترابط والتنظيم بسيط، الاختيار والتكيف بسيط.,false
FOOD-029-OP003,FOOD-029,تشكيل العجين,3,,,معتمد مبدئيًا,Pasted text (3)(2).txt,moderate,moderate,moderate,simple,اعتُمد مستوى بُعدين من ثلاثة: حجم الدور متوسط، الترابط والتنظيم متوسط، الاختيار والتكيف بسيط.,false
FOOD-029-OP004,FOOD-029,ترتيب القطع في صينية الخبز,4,,,معتمد مبدئيًا,Pasted text (3)(2).txt,moderate,moderate,moderate,moderate,تطابقت الأبعاد الثلاثة: حجم الدور متوسط، الترابط والتنظيم متوسط، الاختيار والتكيف متوسط.,false
FOOD-030-OP001,FOOD-030,تجهيز الشواية أو صينية الفرن,1,,,معتمد مبدئيًا,Pasted text (3)(2).txt,moderate,moderate,advanced,simple,حالة حدودية: اختلفت الأبعاد الثلاثة (حجم الدور متوسط، الترابط والتنظيم متقدم، الاختيار والتكيف بسيط)، واعتُمد المستوى المتوسط للمراجعة.,true
FOOD-030-OP002,FOOD-030,ترتيب قطع اللحم أو الخضار,2,,,معتمد مبدئيًا,Pasted text (3)(2).txt,moderate,moderate,moderate,simple,اعتُمد مستوى بُعدين من ثلاثة: حجم الدور متوسط، الترابط والتنظيم متوسط، الاختيار والتكيف بسيط.,false
FOOD-030-OP003,FOOD-030,تقليب الطعام أثناء الشوي,3,,,معتمد مبدئيًا,Pasted text (3)(2).txt,moderate,moderate,moderate,simple,اعتُمد مستوى بُعدين من ثلاثة: حجم الدور متوسط، الترابط والتنظيم متوسط، الاختيار والتكيف بسيط.,false
FOOD-030-OP004,FOOD-030,نقل الطعام المشوي لطبق التقديم,4,,,معتمد مبدئيًا,Pasted text (3)(2).txt,simple,simple,moderate,simple,اعتُمد مستوى بُعدين من ثلاثة: حجم الدور بسيط، الترابط والتنظيم متوسط، الاختيار والتكيف بسيط.,false
FOOD-031-OP001,FOOD-031,تحريك الطعام بالملعقة أثناء الطهي,1,,,معتمد مبدئيًا,Pasted text (3)(2).txt,moderate,moderate,moderate,simple,اعتُمد مستوى بُعدين من ثلاثة: حجم الدور متوسط، الترابط والتنظيم متوسط، الاختيار والتكيف بسيط.,false
FOOD-031-OP002,FOOD-031,إضافة البهارات أو المكونات تدريجياً,2,,,معتمد مبدئيًا,Pasted text (3)(2).txt,moderate,moderate,moderate,simple,اعتُمد مستوى بُعدين من ثلاثة: حجم الدور متوسط، الترابط والتنظيم متوسط، الاختيار والتكيف بسيط.,false
FOOD-031-OP003,FOOD-031,مراقبة الطعام لتجنب الاحتراق,3,,,معتمد مبدئيًا,Pasted text (3)(2).txt,moderate,moderate,moderate,simple,اعتُمد مستوى بُعدين من ثلاثة: حجم الدور متوسط، الترابط والتنظيم متوسط، الاختيار والتكيف بسيط.,false
FOOD-032-OP001,FOOD-032,غسل مكونات السلطة,1,,,معتمد مبدئيًا,Pasted text (3)(2).txt,moderate,moderate,moderate,simple,اعتُمد مستوى بُعدين من ثلاثة: حجم الدور متوسط، الترابط والتنظيم متوسط، الاختيار والتكيف بسيط.,false
FOOD-032-OP002,FOOD-032,بشر أو تقطيع المكونات,2,,,معتمد مبدئيًا,Pasted text (3)(2).txt,moderate,moderate,moderate,moderate,تطابقت الأبعاد الثلاثة: حجم الدور متوسط، الترابط والتنظيم متوسط، الاختيار والتكيف متوسط.,false
FOOD-032-OP003,FOOD-032,خلط المكونات في الوعاء المخصص,3,,,معتمد مبدئيًا,Pasted text (3)(2).txt,moderate,moderate,moderate,simple,اعتُمد مستوى بُعدين من ثلاثة: حجم الدور متوسط، الترابط والتنظيم متوسط، الاختيار والتكيف بسيط.,false
FOOD-032-OP004,FOOD-032,سكب صلصة السلطة,4,,,معتمد مبدئيًا,Pasted text (3)(2).txt,moderate,simple,moderate,advanced,حالة حدودية: اختلفت الأبعاد الثلاثة (حجم الدور بسيط، الترابط والتنظيم متوسط، الاختيار والتكيف متقدم)، واعتُمد المستوى المتوسط للمراجعة.,true
FOOD-033-OP001,FOOD-033,ترتيب الأطباق والأكواب البلاستيكية في السلة,1,,,معتمد مبدئيًا,Pasted text (3)(2).txt,simple,moderate,simple,simple,اعتُمد مستوى بُعدين من ثلاثة: حجم الدور متوسط، الترابط والتنظيم بسيط، الاختيار والتكيف بسيط.,false
FOOD-033-OP002,FOOD-033,تغليف الأطعمة بالقصدير,2,,,معتمد مبدئيًا,Pasted text (3)(2).txt,simple,simple,moderate,simple,اعتُمد مستوى بُعدين من ثلاثة: حجم الدور بسيط، الترابط والتنظيم متوسط، الاختيار والتكيف بسيط.,false
FOOD-033-OP003,FOOD-033,حمل السلة وحوافظ الطعام,3,,,معتمد مبدئيًا,Pasted text (3)(2).txt,simple,simple,moderate,simple,اعتُمد مستوى بُعدين من ثلاثة: حجم الدور بسيط، الترابط والتنظيم متوسط، الاختيار والتكيف بسيط.,false
FOOD-034-OP001,FOOD-034,تقسيم الطعام لأسهم أو حصص,1,,,معتمد مبدئيًا,Pasted text (3)(2).txt,simple,moderate,simple,simple,اعتُمد مستوى بُعدين من ثلاثة: حجم الدور متوسط، الترابط والتنظيم بسيط، الاختيار والتكيف بسيط.,false
FOOD-034-OP002,FOOD-034,وضع الحصص في أكياس التجميد,2,,,معتمد مبدئيًا,Pasted text (3)(2).txt,simple,moderate,simple,simple,اعتُمد مستوى بُعدين من ثلاثة: حجم الدور متوسط، الترابط والتنظيم بسيط، الاختيار والتكيف بسيط.,false
FOOD-034-OP003,FOOD-034,تفريغ الأكياس من الهواء وإغلاقها,3,,,معتمد مبدئيًا,Pasted text (3)(2).txt,moderate,moderate,moderate,simple,اعتُمد مستوى بُعدين من ثلاثة: حجم الدور متوسط، الترابط والتنظيم متوسط، الاختيار والتكيف بسيط.,false
FOOD-034-OP004,FOOD-034,ترتيب الأكياس في الفريزر,4,,,معتمد مبدئيًا,Pasted text (3)(2).txt,moderate,moderate,moderate,simple,اعتُمد مستوى بُعدين من ثلاثة: حجم الدور متوسط، الترابط والتنظيم متوسط، الاختيار والتكيف بسيط.,false
FOOD-035-OP001,FOOD-035,نقل الأكياس من الفريزر للثلاجة,1,,,معتمد مبدئيًا,Pasted text (3)(2).txt,moderate,moderate,advanced,moderate,اعتُمد مستوى بُعدين من ثلاثة: حجم الدور متوسط، الترابط والتنظيم متقدم، الاختيار والتكيف متوسط.,false
FOOD-035-OP002,FOOD-035,وضع الأكياس في وعاء مائي للإذابة,2,,,معتمد مبدئيًا,Pasted text (3)(2).txt,moderate,moderate,moderate,advanced,اعتُمد مستوى بُعدين من ثلاثة: حجم الدور متوسط، الترابط والتنظيم متوسط، الاختيار والتكيف متقدم.,false
FOOD-035-OP003,FOOD-035,فك التغليف عن الطعام المذاب,3,,,معتمد مبدئيًا,Pasted text (3)(2).txt,moderate,moderate,moderate,simple,اعتُمد مستوى بُعدين من ثلاثة: حجم الدور متوسط، الترابط والتنظيم متوسط، الاختيار والتكيف بسيط.,false
FOOD-036-OP001,FOOD-036,رش المنظف داخل الفرن أو الميكروويف,1,,,معتمد مبدئيًا,Pasted text (3)(2).txt,moderate,advanced,moderate,simple,حالة حدودية: اختلفت الأبعاد الثلاثة (حجم الدور متقدم، الترابط والتنظيم متوسط، الاختيار والتكيف بسيط)، واعتُمد المستوى المتوسط للمراجعة.,true
FOOD-036-OP002,FOOD-036,مسح الجدران الداخلية بقطعة قماش,2,,,معتمد مبدئيًا,Pasted text (3)(2).txt,simple,simple,simple,simple,تطابقت الأبعاد الثلاثة: حجم الدور بسيط، الترابط والتنظيم بسيط، الاختيار والتكيف بسيط.,false
FOOD-036-OP003,FOOD-036,غسل الطبق الزجاجي أو شبك الفرن,3,,,معتمد مبدئيًا,Pasted text (3)(2).txt,moderate,moderate,advanced,simple,حالة حدودية: اختلفت الأبعاد الثلاثة (حجم الدور متوسط، الترابط والتنظيم متقدم، الاختيار والتكيف بسيط)، واعتُمد المستوى المتوسط للمراجعة.,true
FOOD-037-OP001,FOOD-037,كشط بقايا الطعام بالفرشاة المخصصة,1,,,معتمد مبدئيًا,Pasted text (3)(2).txt,moderate,moderate,moderate,simple,اعتُمد مستوى بُعدين من ثلاثة: حجم الدور متوسط، الترابط والتنظيم متوسط، الاختيار والتكيف بسيط.,false
FOOD-037-OP002,FOOD-037,مسح الهيكل الخارجي,2,,,معتمد مبدئيًا,Pasted text (3)(2).txt,simple,simple,simple,simple,تطابقت الأبعاد الثلاثة: حجم الدور بسيط، الترابط والتنظيم بسيط، الاختيار والتكيف بسيط.,false
FOOD-037-OP003,FOOD-037,تفريغ بقايا الفحم أو الرماد,3,,,معتمد مبدئيًا,Pasted text (3)(2).txt,moderate,moderate,moderate,simple,اعتُمد مستوى بُعدين من ثلاثة: حجم الدور متوسط، الترابط والتنظيم متوسط، الاختيار والتكيف بسيط.,false
FOOD-039-OP001,FOOD-039,جرد المكونات المتاحة,1,,,معتمد مبدئيًا,Pasted text (3)(2).txt,simple,simple,moderate,simple,اعتُمد مستوى بُعدين من ثلاثة: حجم الدور بسيط، الترابط والتنظيم متوسط، الاختيار والتكيف بسيط.,false
FOOD-039-OP002,FOOD-039,اقتراح وجبات مقبلة,2,,,معتمد مبدئيًا,Pasted text (3)(2).txt,moderate,simple,moderate,advanced,حالة حدودية: اختلفت الأبعاد الثلاثة (حجم الدور بسيط، الترابط والتنظيم متوسط، الاختيار والتكيف متقدم)، واعتُمد المستوى المتوسط للمراجعة.,true
FOOD-039-OP003,FOOD-039,كتابة القائمة المطلوبة في ورقة أو ملاحظة,3,,,معتمد مبدئيًا,Pasted text (3)(2).txt,simple,advanced,simple,simple,اعتُمد مستوى بُعدين من ثلاثة: حجم الدور متقدم، الترابط والتنظيم بسيط، الاختيار والتكيف بسيط.,false
FOOD-040-OP001,FOOD-040,فرز وعزل المكونات المسموحة للحالة,1,,,معتمد مبدئيًا,Pasted text (3)(2).txt,moderate,moderate,moderate,simple,اعتُمد مستوى بُعدين من ثلاثة: حجم الدور متوسط، الترابط والتنظيم متوسط، الاختيار والتكيف بسيط.,false
FOOD-040-OP002,FOOD-040,وزن الكميات بدقة حسب المسموح,2,,,معتمد مبدئيًا,Pasted text (3)(2).txt,moderate,moderate,moderate,moderate,تطابقت الأبعاد الثلاثة: حجم الدور متوسط، الترابط والتنظيم متوسط، الاختيار والتكيف متوسط.,false
FOOD-040-OP003,FOOD-040,تجهيز الوجبة في طبق تقديم منفصل,3,,,معتمد مبدئيًا,Pasted text (3)(2).txt,moderate,moderate,moderate,moderate,تطابقت الأبعاد الثلاثة: حجم الدور متوسط، الترابط والتنظيم متوسط، الاختيار والتكيف متوسط.,false
FOOD-041-OP001,FOOD-041,تحضير مصادر البروتين المحددة,1,,,معتمد مبدئيًا,Pasted text (3)(2).txt,moderate,moderate,moderate,simple,اعتُمد مستوى بُعدين من ثلاثة: حجم الدور متوسط، الترابط والتنظيم متوسط، الاختيار والتكيف بسيط.,false
FOOD-041-OP002,FOOD-041,خلط مشروب أو مخفوق البروتين,2,,,معتمد مبدئيًا,Pasted text (3)(2).txt,moderate,moderate,advanced,simple,حالة حدودية: اختلفت الأبعاد الثلاثة (حجم الدور متوسط، الترابط والتنظيم متقدم، الاختيار والتكيف بسيط)، واعتُمد المستوى المتوسط للمراجعة.,true
FOOD-041-OP003,FOOD-041,إعداد وطهي الخضار المرافق,3,,,معتمد مبدئيًا,Pasted text (3)(2).txt,moderate,moderate,moderate,simple,اعتُمد مستوى بُعدين من ثلاثة: حجم الدور متوسط، الترابط والتنظيم متوسط، الاختيار والتكيف بسيط.,false
FOOD-042-OP001,FOOD-042,إحضار وعاء الحيوان,1,,,معتمد مبدئيًا,Pasted text (3)(2).txt,simple,simple,moderate,simple,اعتُمد مستوى بُعدين من ثلاثة: حجم الدور بسيط، الترابط والتنظيم متوسط، الاختيار والتكيف بسيط.,false
FOOD-042-OP002,FOOD-042,قياس كمية الطعام المخصصة ووضعها,2,,,معتمد مبدئيًا,Pasted text (3)(2).txt,moderate,moderate,moderate,simple,اعتُمد مستوى بُعدين من ثلاثة: حجم الدور متوسط، الترابط والتنظيم متوسط، الاختيار والتكيف بسيط.,false
FOOD-042-OP003,FOOD-042,سكب الماء النظيف في وعاء الشرب,3,,,معتمد مبدئيًا,Pasted text (3)(2).txt,simple,simple,simple,simple,تطابقت الأبعاد الثلاثة: حجم الدور بسيط، الترابط والتنظيم بسيط، الاختيار والتكيف بسيط.,false
FOOD-042-OP004,FOOD-042,تنظيف منطقة طعام الحيوان بعد انتهائه,4,,,معتمد مبدئيًا,Pasted text (3)(2).txt,moderate,moderate,moderate,simple,اعتُمد مستوى بُعدين من ثلاثة: حجم الدور متوسط، الترابط والتنظيم متوسط، الاختيار والتكيف بسيط.,false
FOOD-043-OP001,FOOD-043,استلام الأكياس من المندوب,1,,,معتمد مبدئيًا,Pasted text (3)(2).txt,moderate,moderate,advanced,simple,حالة حدودية: اختلفت الأبعاد الثلاثة (حجم الدور متوسط، الترابط والتنظيم متقدم، الاختيار والتكيف بسيط)، واعتُمد المستوى المتوسط للمراجعة.,true
FOOD-043-OP002,FOOD-043,مراجعة الفاتورة,2,,,معتمد مبدئيًا,Pasted text (3)(2).txt,simple,advanced,simple,simple,اعتُمد مستوى بُعدين من ثلاثة: حجم الدور متقدم، الترابط والتنظيم بسيط، الاختيار والتكيف بسيط.,false
FOOD-043-OP003,FOOD-043,تفريغ الأكياس وتوزيع العلب على المائدة,3,,,معتمد مبدئيًا,Pasted text (3)(2).txt,moderate,moderate,moderate,simple,اعتُمد مستوى بُعدين من ثلاثة: حجم الدور متوسط، الترابط والتنظيم متوسط، الاختيار والتكيف بسيط.,false
FOOD-044-OP001,FOOD-044,فحص الفواكه أو الخضار,1,,,معتمد مبدئيًا,Pasted text (3)(2).txt,moderate,moderate,moderate,simple,اعتُمد مستوى بُعدين من ثلاثة: حجم الدور متوسط، الترابط والتنظيم متوسط، الاختيار والتكيف بسيط.,false
FOOD-044-OP002,FOOD-044,عزل الحبات الناضجة للاستخدام الفوري,2,,,معتمد مبدئيًا,Pasted text (3)(2).txt,simple,moderate,simple,simple,اعتُمد مستوى بُعدين من ثلاثة: حجم الدور متوسط، الترابط والتنظيم بسيط، الاختيار والتكيف بسيط.,false
FOOD-044-OP003,FOOD-044,التخلص من الحبات التالفة,3,,,معتمد مبدئيًا,Pasted text (3)(2).txt,moderate,moderate,moderate,simple,اعتُمد مستوى بُعدين من ثلاثة: حجم الدور متوسط، الترابط والتنظيم متوسط، الاختيار والتكيف بسيط.,false
FOOD-045-OP001,FOOD-045,قطف وفرز أوراق الأعشاب,1,,,معتمد مبدئيًا,Pasted text (3)(2).txt,simple,moderate,simple,simple,اعتُمد مستوى بُعدين من ثلاثة: حجم الدور متوسط، الترابط والتنظيم بسيط، الاختيار والتكيف بسيط.,false
FOOD-045-OP002,FOOD-045,غسل الأوراق وتجفيفها بالمنشفة,2,,,معتمد مبدئيًا,Pasted text (3)(2).txt,moderate,moderate,moderate,simple,اعتُمد مستوى بُعدين من ثلاثة: حجم الدور متوسط، الترابط والتنظيم متوسط، الاختيار والتكيف بسيط.,false
FOOD-045-OP003,FOOD-045,توزيع الأوراق على صينية التجفيف,3,,,معتمد مبدئيًا,Pasted text (3)(2).txt,moderate,moderate,moderate,moderate,تطابقت الأبعاد الثلاثة: حجم الدور متوسط، الترابط والتنظيم متوسط، الاختيار والتكيف متوسط.,false
FOOD-045-OP004,FOOD-045,تعبئة الأعشاب الجافة في برطمانات,4,,,معتمد مبدئيًا,Pasted text (3)(2).txt,moderate,moderate,advanced,simple,حالة حدودية: اختلفت الأبعاد الثلاثة (حجم الدور متوسط، الترابط والتنظيم متقدم، الاختيار والتكيف بسيط)، واعتُمد المستوى المتوسط للمراجعة.,true
FOOD-046-OP001,FOOD-046,جمع الزجاجات الفارغة,1,,,معتمد مبدئيًا,Pasted text (3)(2).txt,simple,simple,moderate,simple,اعتُمد مستوى بُعدين من ثلاثة: حجم الدور بسيط، الترابط والتنظيم متوسط، الاختيار والتكيف بسيط.,false
FOOD-046-OP002,FOOD-046,غسل وتعبئة الزجاجات بماء الشرب,2,,,معتمد مبدئيًا,Pasted text (3)(2).txt,moderate,moderate,advanced,simple,حالة حدودية: اختلفت الأبعاد الثلاثة (حجم الدور متوسط، الترابط والتنظيم متقدم، الاختيار والتكيف بسيط)، واعتُمد المستوى المتوسط للمراجعة.,true
FOOD-046-OP003,FOOD-046,ترتيب الزجاجات في ثلاجة التبريد,3,,,معتمد مبدئيًا,Pasted text (3)(2).txt,moderate,moderate,moderate,simple,اعتُمد مستوى بُعدين من ثلاثة: حجم الدور متوسط، الترابط والتنظيم متوسط، الاختيار والتكيف بسيط.,false
FOOD-047-OP001,FOOD-047,غلي الماء في الإبريق,1,,,معتمد مبدئيًا,Pasted text (3)(2).txt,moderate,moderate,moderate,simple,اعتُمد مستوى بُعدين من ثلاثة: حجم الدور متوسط، الترابط والتنظيم متوسط، الاختيار والتكيف بسيط.,false
FOOD-047-OP002,FOOD-047,تجهيز صينية الشاي والأكواب,2,,,معتمد مبدئيًا,Pasted text (3)(2).txt,moderate,moderate,moderate,simple,اعتُمد مستوى بُعدين من ثلاثة: حجم الدور متوسط، الترابط والتنظيم متوسط، الاختيار والتكيف بسيط.,false
FOOD-047-OP003,FOOD-047,وضع أوراق الشاي وتجهيز الإبريق,3,,,معتمد مبدئيًا,Pasted text (3)(2).txt,moderate,moderate,moderate,simple,اعتُمد مستوى بُعدين من ثلاثة: حجم الدور متوسط، الترابط والتنظيم متوسط، الاختيار والتكيف بسيط.,false
FOOD-047-OP004,FOOD-047,تقديم الصينية للضيوف,4,,,معتمد مبدئيًا,Pasted text (3)(2).txt,simple,simple,moderate,simple,اعتُمد مستوى بُعدين من ثلاثة: حجم الدور بسيط، الترابط والتنظيم متوسط، الاختيار والتكيف بسيط.,false
FOOD-048-OP001,FOOD-048,فك الفلتر القديم,1,,,معتمد مبدئيًا,Pasted text (3)(2).txt,simple,simple,moderate,simple,اعتُمد مستوى بُعدين من ثلاثة: حجم الدور بسيط، الترابط والتنظيم متوسط، الاختيار والتكيف بسيط.,false
FOOD-048-OP002,FOOD-048,تعبئة الغلاية بخلطة التنظيف,2,,,معتمد مبدئيًا,Pasted text (3)(2).txt,moderate,moderate,moderate,simple,اعتُمد مستوى بُعدين من ثلاثة: حجم الدور متوسط، الترابط والتنظيم متوسط، الاختيار والتكيف بسيط.,false
FOOD-048-OP003,FOOD-048,شطف الغلاية بالماء النظيف عدة مرات,3,,,معتمد مبدئيًا,Pasted text (3)(2).txt,simple,simple,advanced,simple,اعتُمد مستوى بُعدين من ثلاثة: حجم الدور بسيط، الترابط والتنظيم متقدم، الاختيار والتكيف بسيط.,false
FOOD-049-OP001,FOOD-049,جمع بقايا الخبز الجاف لرميها أو استخدامها كبصمات,1,,,معتمد مبدئيًا,Pasted text (3)(2).txt,simple,simple,moderate,simple,اعتُمد مستوى بُعدين من ثلاثة: حجم الدور بسيط، الترابط والتنظيم متوسط، الاختيار والتكيف بسيط.,false
FOOD-049-OP002,FOOD-049,مسح أو تنظيف سلة الخبز,2,,,معتمد مبدئيًا,Pasted text (3)(2).txt,simple,moderate,simple,simple,اعتُمد مستوى بُعدين من ثلاثة: حجم الدور متوسط، الترابط والتنظيم بسيط، الاختيار والتكيف بسيط.,false
FOOD-049-OP003,FOOD-049,وضع الخبز الطازج في السلة وتغطيته,3,,,معتمد مبدئيًا,Pasted text (3)(2).txt,moderate,moderate,moderate,simple,اعتُمد مستوى بُعدين من ثلاثة: حجم الدور متوسط، الترابط والتنظيم متوسط، الاختيار والتكيف بسيط.,false
FOOD-050-OP001,FOOD-050,إزالة بقايا الطعام من مصفاة الحوض,1,,,معتمد مبدئيًا,Pasted text (3)(2).txt,advanced,advanced,advanced,simple,اعتُمد مستوى بُعدين من ثلاثة: حجم الدور متقدم، الترابط والتنظيم متقدم، الاختيار والتكيف بسيط.,false
FOOD-050-OP002,FOOD-050,فرك الحوض بمادة التنظيف والإسفنجة,2,,,معتمد مبدئيًا,Pasted text (3)(2).txt,moderate,moderate,moderate,simple,اعتُمد مستوى بُعدين من ثلاثة: حجم الدور متوسط، الترابط والتنظيم متوسط، الاختيار والتكيف بسيط.,false
FOOD-050-OP003,FOOD-050,شطف الحوض وتجفيفه,3,,,معتمد مبدئيًا,Pasted text (3)(2).txt,simple,simple,moderate,simple,اعتُمد مستوى بُعدين من ثلاثة: حجم الدور بسيط، الترابط والتنظيم متوسط، الاختيار والتكيف بسيط.,false
FOOD-051-OP001,FOOD-051,إخراج الكيس الممتلئ وإحكام ربطه,1,,,معتمد مبدئيًا,Pasted text (3)(2).txt,moderate,moderate,moderate,simple,اعتُمد مستوى بُعدين من ثلاثة: حجم الدور متوسط، الترابط والتنظيم متوسط، الاختيار والتكيف بسيط.,false
FOOD-051-OP002,FOOD-051,غسل أو مسح قاع سلة القمامة عند اللزوم,2,,,معتمد مبدئيًا,Pasted text (3)(2).txt,simple,moderate,simple,simple,اعتُمد مستوى بُعدين من ثلاثة: حجم الدور متوسط، الترابط والتنظيم بسيط، الاختيار والتكيف بسيط.,false
FOOD-051-OP003,FOOD-051,فرد كيس القمامة الجديد داخل السلة,3,,,معتمد مبدئيًا,Pasted text (3)(2).txt,moderate,moderate,advanced,moderate,اعتُمد مستوى بُعدين من ثلاثة: حجم الدور متوسط، الترابط والتنظيم متقدم، الاختيار والتكيف متوسط.,false
FOOD-052-OP001,FOOD-052,كنس الأرضية من الفتات,1,,,معتمد مبدئيًا,Pasted text (3)(2).txt,moderate,moderate,simple,moderate,اعتُمد مستوى بُعدين من ثلاثة: حجم الدور متوسط، الترابط والتنظيم بسيط، الاختيار والتكيف متوسط.,false
FOOD-052-OP002,FOOD-052,تجهيز أدوات المسح,2,,,معتمد مبدئيًا,Pasted text (3)(2).txt,moderate,moderate,advanced,simple,حالة حدودية: اختلفت الأبعاد الثلاثة (حجم الدور متوسط، الترابط والتنظيم متقدم، الاختيار والتكيف بسيط)، واعتُمد المستوى المتوسط للمراجعة.,true
FOOD-052-OP003,FOOD-052,مسح الأرضية بالممسحة وتجفيفها,3,,,معتمد مبدئيًا,Pasted text (3)(2).txt,simple,simple,moderate,simple,اعتُمد مستوى بُعدين من ثلاثة: حجم الدور بسيط، الترابط والتنظيم متوسط، الاختيار والتكيف بسيط.,false
FOOD-053-OP001,FOOD-053,كشط بقايا الطعام من اللوح,1,,,معتمد مبدئيًا,Pasted text (3)(2).txt,moderate,moderate,moderate,simple,اعتُمد مستوى بُعدين من ثلاثة: حجم الدور متوسط، الترابط والتنظيم متوسط، الاختيار والتكيف بسيط.,false
FOOD-053-OP002,FOOD-053,غسل اللوح بالماء الساخن والصابون,2,,,معتمد مبدئيًا,Pasted text (3)(2).txt,simple,moderate,simple,simple,اعتُمد مستوى بُعدين من ثلاثة: حجم الدور متوسط، الترابط والتنظيم بسيط، الاختيار والتكيف بسيط.,false
FOOD-053-OP003,FOOD-053,تجفيف اللوح بمنشفة أو في الهواء,3,,,معتمد مبدئيًا,Pasted text (3)(2).txt,simple,simple,simple,simple,تطابقت الأبعاد الثلاثة: حجم الدور بسيط، الترابط والتنظيم بسيط، الاختيار والتكيف بسيط.,false
FOOD-054-OP001,FOOD-054,تمرير السكين على حجر الشحذ أو المسن,1,,,معتمد مبدئيًا,Pasted text (3)(2).txt,simple,moderate,simple,simple,اعتُمد مستوى بُعدين من ثلاثة: حجم الدور متوسط، الترابط والتنظيم بسيط، الاختيار والتكيف بسيط.,false
FOOD-054-OP002,FOOD-054,غسل السكين وتجفيفها بعد عملية الشحذ,2,,,معتمد مبدئيًا,Pasted text (3)(2).txt,moderate,moderate,moderate,simple,اعتُمد مستوى بُعدين من ثلاثة: حجم الدور متوسط، الترابط والتنظيم متوسط، الاختيار والتكيف بسيط.,false
FOOD-054-OP003,FOOD-054,شد مقابض الأواني المتراخية بأدوات الصيانة,3,,,معتمد مبدئيًا,Pasted text (3)(2).txt,moderate,moderate,moderate,simple,اعتُمد مستوى بُعدين من ثلاثة: حجم الدور متوسط، الترابط والتنظيم متوسط، الاختيار والتكيف بسيط.,false
FOOD-055-OP001,FOOD-055,فتح أكياس البقوليات أو الحبوب,1,,,معتمد مبدئيًا,Pasted text (3)(2).txt,simple,moderate,simple,simple,اعتُمد مستوى بُعدين من ثلاثة: حجم الدور متوسط، الترابط والتنظيم بسيط، الاختيار والتكيف بسيط.,false
FOOD-055-OP002,FOOD-055,سكب المحتوى في البرطمانات المخصصة,2,,,معتمد مبدئيًا,Pasted text (3)(2).txt,simple,simple,moderate,simple,اعتُمد مستوى بُعدين من ثلاثة: حجم الدور بسيط، الترابط والتنظيم متوسط، الاختيار والتكيف بسيط.,false
FOOD-055-OP003,FOOD-055,إغلاق البرطمانات ووضع ملصقات التسمية,3,,,معتمد مبدئيًا,Pasted text (3)(2).txt,simple,simple,moderate,simple,اعتُمد مستوى بُعدين من ثلاثة: حجم الدور بسيط، الترابط والتنظيم متوسط، الاختيار والتكيف بسيط.,false
FOOD-056-OP001,FOOD-056,إخراج جميع المحتويات مؤقتاً,1,,,معتمد مبدئيًا,Pasted text (3)(2).txt,moderate,moderate,moderate,simple,اعتُمد مستوى بُعدين من ثلاثة: حجم الدور متوسط، الترابط والتنظيم متوسط، الاختيار والتكيف بسيط.,false
FOOD-056-OP002,FOOD-056,مسح الأرفف والأدراج بفوطة التنظيف,2,,,معتمد مبدئيًا,Pasted text (3)(2).txt,simple,moderate,simple,simple,اعتُمد مستوى بُعدين من ثلاثة: حجم الدور متوسط، الترابط والتنظيم بسيط، الاختيار والتكيف بسيط.,false
FOOD-056-OP003,FOOD-056,إعادة ترتيب المحتويات بشكل منظم,3,,,معتمد مبدئيًا,Pasted text (3)(2).txt,simple,moderate,simple,simple,اعتُمد مستوى بُعدين من ثلاثة: حجم الدور متوسط، الترابط والتنظيم بسيط، الاختيار والتكيف بسيط.,false
FOOD-057-OP001,FOOD-057,تجهيز طبق المكسرات أو الفواكه المقطعة,1,,,معتمد مبدئيًا,Pasted text (3)(2).txt,moderate,moderate,moderate,simple,اعتُمد مستوى بُعدين من ثلاثة: حجم الدور متوسط، الترابط والتنظيم متوسط، الاختيار والتكيف بسيط.,false
FOOD-057-OP002,FOOD-057,تحضير المشروب الداعم للتركيز,2,,,معتمد مبدئيًا,Pasted text (3)(2).txt,moderate,moderate,moderate,simple,اعتُمد مستوى بُعدين من ثلاثة: حجم الدور متوسط، الترابط والتنظيم متوسط، الاختيار والتكيف بسيط.,false
FOOD-057-OP003,FOOD-057,تقديم الوجبة في مساحة الدراسة,3,,,معتمد مبدئيًا,Pasted text (3)(2).txt,simple,simple,advanced,simple,اعتُمد مستوى بُعدين من ثلاثة: حجم الدور بسيط، الترابط والتنظيم متقدم، الاختيار والتكيف بسيط.,false
FOOD-058-OP001,FOOD-058,سكب الحليب في وعاء التسخين,1,,,معتمد مبدئيًا,Pasted text (3)(2).txt,moderate,advanced,moderate,moderate,اعتُمد مستوى بُعدين من ثلاثة: حجم الدور متقدم، الترابط والتنظيم متوسط، الاختيار والتكيف متوسط.,false
FOOD-058-OP002,FOOD-058,متابعة التسخين,2,,,معتمد مبدئيًا,Pasted text (3)(2).txt,moderate,advanced,moderate,simple,حالة حدودية: اختلفت الأبعاد الثلاثة (حجم الدور متقدم، الترابط والتنظيم متوسط، الاختيار والتكيف بسيط)، واعتُمد المستوى المتوسط للمراجعة.,true
FOOD-058-OP003,FOOD-058,سكب المشروب في الكوب وتقديمه,3,,,معتمد مبدئيًا,Pasted text (3)(2).txt,simple,simple,moderate,simple,اعتُمد مستوى بُعدين من ثلاثة: حجم الدور بسيط، الترابط والتنظيم متوسط، الاختيار والتكيف بسيط.,false
FOOD-059-OP001,FOOD-059,غسل وتقشير الفاكهة,1,,,معتمد مبدئيًا,Pasted text (3)(2).txt,moderate,moderate,moderate,simple,اعتُمد مستوى بُعدين من ثلاثة: حجم الدور متوسط، الترابط والتنظيم متوسط، الاختيار والتكيف بسيط.,false
FOOD-059-OP002,FOOD-059,تقطيع الفاكهة إلى شرائح,2,,,معتمد مبدئيًا,Pasted text (3)(2).txt,moderate,moderate,moderate,simple,اعتُمد مستوى بُعدين من ثلاثة: حجم الدور متوسط، الترابط والتنظيم متوسط، الاختيار والتكيف بسيط.,false
FOOD-059-OP003,FOOD-059,تنسيق الشرائح في طبق التقديم,3,,,معتمد مبدئيًا,Pasted text (3)(2).txt,simple,advanced,simple,simple,اعتُمد مستوى بُعدين من ثلاثة: حجم الدور متقدم، الترابط والتنظيم بسيط، الاختيار والتكيف بسيط.,false
FOOD-060-OP001,FOOD-060,إعداد وتجهيز الأطباق الشعبية,1,,,معتمد مبدئيًا,Pasted text (3)(2).txt,simple,moderate,simple,simple,اعتُمد مستوى بُعدين من ثلاثة: حجم الدور متوسط، الترابط والتنظيم بسيط، الاختيار والتكيف بسيط.,false
FOOD-060-OP002,FOOD-060,تجهيز صحون التقديم التقليدية,2,,,معتمد مبدئيًا,Pasted text (3)(2).txt,moderate,moderate,moderate,simple,اعتُمد مستوى بُعدين من ثلاثة: حجم الدور متوسط، الترابط والتنظيم متوسط، الاختيار والتكيف بسيط.,false
FOOD-060-OP003,FOOD-060,ترتيب المائدة بطابع تراثي أو تقليدي,3,,,معتمد مبدئيًا,Pasted text (3)(2).txt,simple,moderate,simple,simple,اعتُمد مستوى بُعدين من ثلاثة: حجم الدور متوسط، الترابط والتنظيم بسيط، الاختيار والتكيف بسيط.,false
FOOD-061-OP001,FOOD-061,جمع الطعام المتبقي في صحون أصغر,1,,,معتمد مبدئيًا,Pasted text (3)(2).txt,simple,simple,simple,simple,تطابقت الأبعاد الثلاثة: حجم الدور بسيط، الترابط والتنظيم بسيط، الاختيار والتكيف بسيط.,false
FOOD-061-OP002,FOOD-061,تغطية الصحون بالبلاستيك الشفاف أو الأغطية الخاصة,2,,,معتمد مبدئيًا,Pasted text (3)(2).txt,simple,moderate,simple,simple,اعتُمد مستوى بُعدين من ثلاثة: حجم الدور متوسط، الترابط والتنظيم بسيط، الاختيار والتكيف بسيط.,false
FOOD-061-OP003,FOOD-061,نقل الأطباق لمكان الحفظ,3,,,معتمد مبدئيًا,Pasted text (3)(2).txt,moderate,moderate,moderate,simple,اعتُمد مستوى بُعدين من ثلاثة: حجم الدور متوسط، الترابط والتنظيم متوسط، الاختيار والتكيف بسيط.,false
FOOD-062-OP001,FOOD-062,فحص مقابض الموقد للتأكد من إغلاقها تماماً,1,,,معتمد مبدئيًا,Pasted text (3)(2).txt,moderate,moderate,moderate,simple,اعتُمد مستوى بُعدين من ثلاثة: حجم الدور متوسط، الترابط والتنظيم متوسط، الاختيار والتكيف بسيط.,false
FOOD-062-OP002,FOOD-062,فصل قوابس الأجهزة الكهربائية الصغيرة التي تم استخدامها,2,,,معتمد مبدئيًا,Pasted text (3)(2).txt,moderate,advanced,moderate,simple,حالة حدودية: اختلفت الأبعاد الثلاثة (حجم الدور متقدم، الترابط والتنظيم متوسط، الاختيار والتكيف بسيط)، واعتُمد المستوى المتوسط للمراجعة.,true
FOOD-063-OP001,FOOD-063,التأكد من برودة الموقد,1,,,معتمد مبدئيًا,Pasted text (3)(2).txt,simple,moderate,simple,simple,اعتُمد مستوى بُعدين من ثلاثة: حجم الدور متوسط، الترابط والتنظيم بسيط، الاختيار والتكيف بسيط.,false
FOOD-063-OP002,FOOD-063,مسح سطح الموقد من بقع الطعام المنسكبة,2,,,معتمد مبدئيًا,Pasted text (3)(2).txt,simple,simple,moderate,simple,اعتُمد مستوى بُعدين من ثلاثة: حجم الدور بسيط، الترابط والتنظيم متوسط، الاختيار والتكيف بسيط.,false
FOOD-063-OP003,FOOD-063,غسل حوامل العيون,3,,,معتمد مبدئيًا,Pasted text (3)(2).txt,moderate,moderate,advanced,simple,حالة حدودية: اختلفت الأبعاد الثلاثة (حجم الدور متوسط، الترابط والتنظيم متقدم، الاختيار والتكيف بسيط)، واعتُمد المستوى المتوسط للمراجعة.,true
FOOD-064-OP001,FOOD-064,مسح الأطباق المبللة بمنشفة جافة,1,,,معتمد مبدئيًا,Pasted text (3)(2).txt,simple,simple,moderate,simple,اعتُمد مستوى بُعدين من ثلاثة: حجم الدور بسيط، الترابط والتنظيم متوسط، الاختيار والتكيف بسيط.,false
FOOD-064-OP002,FOOD-064,فرز الصحون والأكواب,2,,,معتمد مبدئيًا,Pasted text (3)(2).txt,moderate,moderate,moderate,simple,اعتُمد مستوى بُعدين من ثلاثة: حجم الدور متوسط، الترابط والتنظيم متوسط، الاختيار والتكيف بسيط.,false
FOOD-064-OP003,FOOD-064,إعادة الأكواب والأطباق لأماكنها في الخزائن,3,,,معتمد مبدئيًا,Pasted text (3)(2).txt,advanced,advanced,advanced,simple,اعتُمد مستوى بُعدين من ثلاثة: حجم الدور متقدم، الترابط والتنظيم متقدم، الاختيار والتكيف بسيط.,false
FOOD-065-OP001,FOOD-065,جمع المناشف الرطبة والمتسخة,1,,,معتمد مبدئيًا,Pasted text (3)(2).txt,simple,simple,simple,simple,تطابقت الأبعاد الثلاثة: حجم الدور بسيط، الترابط والتنظيم بسيط، الاختيار والتكيف بسيط.,false
FOOD-065-OP002,FOOD-065,وضعها في سلة الغسيل,2,,,معتمد مبدئيًا,Pasted text (3)(2).txt,simple,simple,moderate,simple,اعتُمد مستوى بُعدين من ثلاثة: حجم الدور بسيط، الترابط والتنظيم متوسط، الاختيار والتكيف بسيط.,false
FOOD-065-OP003,FOOD-065,إخراج مناشف نظيفة وتوزيعها في أماكنها,3,,,معتمد مبدئيًا,Pasted text (3)(2).txt,moderate,moderate,moderate,simple,اعتُمد مستوى بُعدين من ثلاثة: حجم الدور متوسط، الترابط والتنظيم متوسط، الاختيار والتكيف بسيط.,false
FOOD-066-OP001,FOOD-066,فك أجزاء الزجاجة بالكامل,1,,,معتمد مبدئيًا,Pasted text (3)(2).txt,simple,moderate,simple,simple,اعتُمد مستوى بُعدين من ثلاثة: حجم الدور متوسط، الترابط والتنظيم بسيط، الاختيار والتكيف بسيط.,false
FOOD-066-OP002,FOOD-066,غسل الأجزاء بفرشاة التنظيف الخاصة,2,,,معتمد مبدئيًا,Pasted text (3)(2).txt,simple,moderate,simple,simple,اعتُمد مستوى بُعدين من ثلاثة: حجم الدور متوسط، الترابط والتنظيم بسيط، الاختيار والتكيف بسيط.,false
FOOD-066-OP003,FOOD-066,وضع الأجزاء في جهاز التعقيم أو الماء المغلي,3,,,معتمد مبدئيًا,Pasted text (3)(2).txt,simple,moderate,simple,simple,اعتُمد مستوى بُعدين من ثلاثة: حجم الدور متوسط، الترابط والتنظيم بسيط، الاختيار والتكيف بسيط.,false
FOOD-067-OP001,FOOD-067,مسح صينية الكرسي من بقايا الطعام,1,,,معتمد مبدئيًا,Pasted text (3)(2).txt,simple,simple,simple,simple,تطابقت الأبعاد الثلاثة: حجم الدور بسيط، الترابط والتنظيم بسيط، الاختيار والتكيف بسيط.,false
FOOD-067-OP002,FOOD-067,تنظيف مقعد الكرسي,2,,,معتمد مبدئيًا,Pasted text (3)(2).txt,simple,moderate,simple,simple,اعتُمد مستوى بُعدين من ثلاثة: حجم الدور متوسط، الترابط والتنظيم بسيط، الاختيار والتكيف بسيط.,false
FOOD-067-OP003,FOOD-067,كنس الأرضية المحيطة بالكرسي,3,,,معتمد مبدئيًا,Pasted text (3)(2).txt,simple,moderate,simple,simple,اعتُمد مستوى بُعدين من ثلاثة: حجم الدور متوسط، الترابط والتنظيم بسيط، الاختيار والتكيف بسيط.,false
FOOD-068-OP001,FOOD-068,إزالة العوالق من المصفاة,1,,,معتمد مبدئيًا,Pasted text (3)(2).txt,moderate,moderate,advanced,simple,حالة حدودية: اختلفت الأبعاد الثلاثة (حجم الدور متوسط، الترابط والتنظيم متقدم، الاختيار والتكيف بسيط)، واعتُمد المستوى المتوسط للمراجعة.,true
FOOD-068-OP002,FOOD-068,سكب مواد التنظيف المخصصة للمجاري,2,,,معتمد مبدئيًا,Pasted text (3)(2).txt,moderate,moderate,moderate,simple,اعتُمد مستوى بُعدين من ثلاثة: حجم الدور متوسط، الترابط والتنظيم متوسط، الاختيار والتكيف بسيط.,false
FOOD-068-OP003,FOOD-068,سكب الماء الساخن لتسليك المجرى,3,,,معتمد مبدئيًا,Pasted text (3)(2).txt,simple,simple,moderate,simple,اعتُمد مستوى بُعدين من ثلاثة: حجم الدور بسيط، الترابط والتنظيم متوسط، الاختيار والتكيف بسيط.,false
FOOD-069-OP001,FOOD-069,رش مزيل الدهون على الجوانب,1,,,معتمد مبدئيًا,Pasted text (3)(2).txt,moderate,moderate,moderate,simple,اعتُمد مستوى بُعدين من ثلاثة: حجم الدور متوسط، الترابط والتنظيم متوسط، الاختيار والتكيف بسيط.,false
FOOD-069-OP002,FOOD-069,مسح الأسطح بإسفنجة خشنة,2,,,معتمد مبدئيًا,Pasted text (3)(2).txt,simple,simple,simple,simple,تطابقت الأبعاد الثلاثة: حجم الدور بسيط، الترابط والتنظيم بسيط، الاختيار والتكيف بسيط.,false
FOOD-069-OP003,FOOD-069,تلميع الأسطح بفوطة جافة,3,,,معتمد مبدئيًا,Pasted text (3)(2).txt,simple,moderate,simple,simple,اعتُمد مستوى بُعدين من ثلاثة: حجم الدور متوسط، الترابط والتنظيم بسيط، الاختيار والتكيف بسيط.,false
FOOD-070-OP001,FOOD-070,رش السائل المنظف على الفوطة,1,,,معتمد مبدئيًا,Pasted text (3)(2).txt,moderate,moderate,simple,advanced,حالة حدودية: اختلفت الأبعاد الثلاثة (حجم الدور متوسط، الترابط والتنظيم بسيط، الاختيار والتكيف متقدم)، واعتُمد المستوى المتوسط للمراجعة.,true
FOOD-070-OP002,FOOD-070,مسح مقابض الثلاجة بالكامل,2,,,معتمد مبدئيًا,Pasted text (3)(2).txt,simple,simple,simple,simple,تطابقت الأبعاد الثلاثة: حجم الدور بسيط، الترابط والتنظيم بسيط، الاختيار والتكيف بسيط.,false
FOOD-070-OP003,FOOD-070,مسح واجهة الثلاجة للتخلص من البصمات,3,,,معتمد مبدئيًا,Pasted text (3)(2).txt,simple,simple,simple,simple,تطابقت الأبعاد الثلاثة: حجم الدور بسيط، الترابط والتنظيم بسيط، الاختيار والتكيف بسيط.,false
FOOD-071-OP001,FOOD-071,إزالة أي بقايا عن الرخامة,1,,,معتمد مبدئيًا,Pasted text (3)(2).txt,moderate,moderate,moderate,simple,اعتُمد مستوى بُعدين من ثلاثة: حجم الدور متوسط، الترابط والتنظيم متوسط، الاختيار والتكيف بسيط.,false
FOOD-071-OP002,FOOD-071,مسح السطح بالماء الساخن والصابون,2,,,معتمد مبدئيًا,Pasted text (3)(2).txt,simple,simple,simple,simple,تطابقت الأبعاد الثلاثة: حجم الدور بسيط، الترابط والتنظيم بسيط، الاختيار والتكيف بسيط.,false
FOOD-071-OP003,FOOD-071,رش معقم الأسطح ومسحه بفوطة نظيفة,3,,,معتمد مبدئيًا,Pasted text (3)(2).txt,simple,simple,moderate,simple,اعتُمد مستوى بُعدين من ثلاثة: حجم الدور بسيط، الترابط والتنظيم متوسط، الاختيار والتكيف بسيط.,false
FOOD-072-OP001,FOOD-072,غسل اليدين بالصابون والماء الساخن,1,,,معتمد مبدئيًا,Pasted text (3)(2).txt,moderate,moderate,advanced,moderate,اعتُمد مستوى بُعدين من ثلاثة: حجم الدور متوسط، الترابط والتنظيم متقدم، الاختيار والتكيف متوسط.,false
FOOD-072-OP002,FOOD-072,فرك الأصابع جيداً,2,,,معتمد مبدئيًا,Pasted text (3)(2).txt,simple,simple,simple,simple,تطابقت الأبعاد الثلاثة: حجم الدور بسيط، الترابط والتنظيم بسيط، الاختيار والتكيف بسيط.,false
FOOD-072-OP003,FOOD-072,تجفيف اليدين بمنشفة نظيفة,3,,,معتمد مبدئيًا,Pasted text (3)(2).txt,simple,simple,moderate,simple,اعتُمد مستوى بُعدين من ثلاثة: حجم الدور بسيط، الترابط والتنظيم متوسط، الاختيار والتكيف بسيط.,false
FOOD-073-OP001,FOOD-073,عزل أطباق وملاعق الطفل عن أدوات الكبار,1,,,معتمد مبدئيًا,Pasted text (3)(2).txt,moderate,advanced,moderate,simple,حالة حدودية: اختلفت الأبعاد الثلاثة (حجم الدور متقدم، الترابط والتنظيم متوسط، الاختيار والتكيف بسيط)، واعتُمد المستوى المتوسط للمراجعة.,true
FOOD-073-OP002,FOOD-073,غسلها بصابون الأطباق المخصص,2,,,معتمد مبدئيًا,Pasted text (3)(2).txt,moderate,moderate,moderate,simple,اعتُمد مستوى بُعدين من ثلاثة: حجم الدور متوسط، الترابط والتنظيم متوسط، الاختيار والتكيف بسيط.,false
FOOD-073-OP003,FOOD-073,وضعها في رف التجفيف الخاص بها,3,,,معتمد مبدئيًا,Pasted text (3)(2).txt,simple,simple,moderate,simple,اعتُمد مستوى بُعدين من ثلاثة: حجم الدور بسيط، الترابط والتنظيم متوسط، الاختيار والتكيف بسيط.,false
FOOD-074-OP001,FOOD-074,إفراغ سلة الخضار,1,,,معتمد مبدئيًا,Pasted text (3)(2).txt,simple,simple,simple,simple,تطابقت الأبعاد الثلاثة: حجم الدور بسيط، الترابط والتنظيم بسيط، الاختيار والتكيف بسيط.,false
FOOD-074-OP002,FOOD-074,التخلص من الأوراق الجافة والقشور,2,,,معتمد مبدئيًا,Pasted text (3)(2).txt,moderate,moderate,advanced,simple,حالة حدودية: اختلفت الأبعاد الثلاثة (حجم الدور متوسط، الترابط والتنظيم متقدم، الاختيار والتكيف بسيط)، واعتُمد المستوى المتوسط للمراجعة.,true
FOOD-074-OP003,FOOD-074,مسح قاع السلة وإعادة الخضار السليمة,3,,,معتمد مبدئيًا,Pasted text (3)(2).txt,simple,simple,moderate,simple,اعتُمد مستوى بُعدين من ثلاثة: حجم الدور بسيط، الترابط والتنظيم متوسط، الاختيار والتكيف بسيط.,false
FOOD-075-OP001,FOOD-075,إخراج برطمانات البهارات من الرفوف,1,,,معتمد مبدئيًا,Pasted text (3)(2).txt,moderate,moderate,moderate,simple,اعتُمد مستوى بُعدين من ثلاثة: حجم الدور متوسط، الترابط والتنظيم متوسط، الاختيار والتكيف بسيط.,false
FOOD-075-OP002,FOOD-075,مسح المسحوق المتسرب بقطعة قماش مبللة,2,,,معتمد مبدئيًا,Pasted text (3)(2).txt,simple,simple,simple,simple,تطابقت الأبعاد الثلاثة: حجم الدور بسيط، الترابط والتنظيم بسيط، الاختيار والتكيف بسيط.,false
FOOD-075-OP003,FOOD-075,تجفيف الرف وإعادة البرطمانات,3,,,معتمد مبدئيًا,Pasted text (3)(2).txt,moderate,simple,moderate,moderate,اعتُمد مستوى بُعدين من ثلاثة: حجم الدور بسيط، الترابط والتنظيم متوسط، الاختيار والتكيف متوسط.,false
FOOD-076-OP001,FOOD-076,سحب الرفوف الزجاجية للخارج,1,,,معتمد مبدئيًا,Pasted text (3)(2).txt,moderate,moderate,moderate,simple,اعتُمد مستوى بُعدين من ثلاثة: حجم الدور متوسط، الترابط والتنظيم متوسط، الاختيار والتكيف بسيط.,false
FOOD-076-OP002,FOOD-076,غسل الرفوف بالماء والصابون,2,,,معتمد مبدئيًا,Pasted text (3)(2).txt,moderate,moderate,moderate,simple,اعتُمد مستوى بُعدين من ثلاثة: حجم الدور متوسط، الترابط والتنظيم متوسط، الاختيار والتكيف بسيط.,false
FOOD-076-OP003,FOOD-076,تجفيف الرفوف وإعادتها لمكانها,3,,,معتمد مبدئيًا,Pasted text (3)(2).txt,moderate,simple,moderate,moderate,اعتُمد مستوى بُعدين من ثلاثة: حجم الدور بسيط، الترابط والتنظيم متوسط، الاختيار والتكيف متوسط.,false
FOOD-077-OP001,FOOD-077,إخراج محتويات الفريزر,1,,,معتمد مبدئيًا,Pasted text (3)(2).txt,simple,simple,moderate,simple,اعتُمد مستوى بُعدين من ثلاثة: حجم الدور بسيط، الترابط والتنظيم متوسط، الاختيار والتكيف بسيط.,false
FOOD-077-OP002,FOOD-077,وضع وعاء ماء ساخن للمساعدة في إذابة الثلج,2,,,معتمد مبدئيًا,Pasted text (3)(2).txt,moderate,simple,moderate,moderate,اعتُمد مستوى بُعدين من ثلاثة: حجم الدور بسيط، الترابط والتنظيم متوسط، الاختيار والتكيف متوسط.,false
FOOD-077-OP003,FOOD-077,مسح وتجفيف الفريزر من الماء,3,,,معتمد مبدئيًا,Pasted text (3)(2).txt,simple,simple,moderate,simple,اعتُمد مستوى بُعدين من ثلاثة: حجم الدور بسيط، الترابط والتنظيم متوسط، الاختيار والتكيف بسيط.,false
FOOD-078-OP001,FOOD-078,فك وعاء العجانة أو إبريق الخلاط,1,,,معتمد مبدئيًا,Pasted text (3)(2).txt,moderate,advanced,moderate,simple,حالة حدودية: اختلفت الأبعاد الثلاثة (حجم الدور متقدم، الترابط والتنظيم متوسط، الاختيار والتكيف بسيط)، واعتُمد المستوى المتوسط للمراجعة.,true
FOOD-078-OP002,FOOD-078,غسل الأجزاء القابلة للفك,2,,,معتمد مبدئيًا,Pasted text (3)(2).txt,moderate,moderate,moderate,simple,اعتُمد مستوى بُعدين من ثلاثة: حجم الدور متوسط، الترابط والتنظيم متوسط، الاختيار والتكيف بسيط.,false
FOOD-078-OP003,FOOD-078,مسح قاعدة المحرك بفوطة مبللة,3,,,معتمد مبدئيًا,Pasted text (3)(2).txt,simple,simple,simple,simple,تطابقت الأبعاد الثلاثة: حجم الدور بسيط، الترابط والتنظيم بسيط، الاختيار والتكيف بسيط.,false
FOOD-079-OP001,FOOD-079,نقع الصينية بالماء الساخن والصابون,1,,,معتمد مبدئيًا,Pasted text (3)(2).txt,moderate,moderate,moderate,moderate,تطابقت الأبعاد الثلاثة: حجم الدور متوسط، الترابط والتنظيم متوسط، الاختيار والتكيف متوسط.,false
FOOD-079-OP002,FOOD-079,فرك الدهون الملتصقة بالإسفنجة,2,,,معتمد مبدئيًا,Pasted text (3)(2).txt,simple,moderate,simple,simple,اعتُمد مستوى بُعدين من ثلاثة: حجم الدور متوسط، الترابط والتنظيم بسيط، الاختيار والتكيف بسيط.,false
FOOD-079-OP003,FOOD-079,شطف الصينية وتجفيفها,3,,,معتمد مبدئيًا,Pasted text (3)(2).txt,simple,simple,moderate,simple,اعتُمد مستوى بُعدين من ثلاثة: حجم الدور بسيط، الترابط والتنظيم متوسط، الاختيار والتكيف بسيط.,false
FOOD-080-OP001,FOOD-080,نقع شبك الشوي والأسياخ بالماء الدافئ,1,,,معتمد مبدئيًا,Pasted text (3)(2).txt,moderate,advanced,moderate,moderate,اعتُمد مستوى بُعدين من ثلاثة: حجم الدور متقدم، الترابط والتنظيم متوسط، الاختيار والتكيف متوسط.,false
FOOD-080-OP002,FOOD-080,فرك الأدوات بالفرشاة الخشنة,2,,,معتمد مبدئيًا,Pasted text (3)(2).txt,simple,moderate,simple,simple,اعتُمد مستوى بُعدين من ثلاثة: حجم الدور متوسط، الترابط والتنظيم بسيط، الاختيار والتكيف بسيط.,false
FOOD-080-OP003,FOOD-080,شطف وتجفيف الأدوات لمنع الصدأ,3,,,معتمد مبدئيًا,Pasted text (3)(2).txt,simple,simple,moderate,simple,اعتُمد مستوى بُعدين من ثلاثة: حجم الدور بسيط، الترابط والتنظيم متوسط، الاختيار والتكيف بسيط.,false
FOOD-081-OP001,FOOD-081,إفراغ الحافظة من بقايا الطعام,1,,,معتمد مبدئيًا,Pasted text (3)(2).txt,moderate,moderate,moderate,simple,اعتُمد مستوى بُعدين من ثلاثة: حجم الدور متوسط، الترابط والتنظيم متوسط، الاختيار والتكيف بسيط.,false
FOOD-081-OP002,FOOD-081,غسل العلب البلاستيكية والغطاء,2,,,معتمد مبدئيًا,Pasted text (3)(2).txt,moderate,moderate,moderate,simple,اعتُمد مستوى بُعدين من ثلاثة: حجم الدور متوسط، الترابط والتنظيم متوسط، الاختيار والتكيف بسيط.,false
FOOD-081-OP003,FOOD-081,تجفيف الحافظة وتركها مفتوحة للتهوية,3,,,معتمد مبدئيًا,Pasted text (3)(2).txt,moderate,simple,moderate,moderate,اعتُمد مستوى بُعدين من ثلاثة: حجم الدور بسيط، الترابط والتنظيم متوسط، الاختيار والتكيف متوسط.,false
FOOD-082-OP001,FOOD-082,فك غطاء الزجاجة,1,,,معتمد مبدئيًا,Pasted text (3)(2).txt,simple,simple,moderate,simple,اعتُمد مستوى بُعدين من ثلاثة: حجم الدور بسيط، الترابط والتنظيم متوسط، الاختيار والتكيف بسيط.,false
FOOD-082-OP002,FOOD-082,غسل الزجاجة من الداخل بفرشاة الزجاجات,2,,,معتمد مبدئيًا,Pasted text (3)(2).txt,moderate,moderate,moderate,moderate,تطابقت الأبعاد الثلاثة: حجم الدور متوسط، الترابط والتنظيم متوسط، الاختيار والتكيف متوسط.,false
FOOD-082-OP003,FOOD-082,شطف الزجاجة ووضعها مقلوبة لتجف,3,,,معتمد مبدئيًا,Pasted text (3)(2).txt,simple,simple,moderate,simple,اعتُمد مستوى بُعدين من ثلاثة: حجم الدور بسيط، الترابط والتنظيم متوسط، الاختيار والتكيف بسيط.,false
FOOD-083-OP001,FOOD-083,التخلص من الفلتر والبن المستخدم,1,,,معتمد مبدئيًا,Pasted text (3)(2).txt,moderate,moderate,advanced,simple,حالة حدودية: اختلفت الأبعاد الثلاثة (حجم الدور متوسط، الترابط والتنظيم متقدم، الاختيار والتكيف بسيط)، واعتُمد المستوى المتوسط للمراجعة.,true
FOOD-083-OP002,FOOD-083,غسل إبريق الماكينة,2,,,معتمد مبدئيًا,Pasted text (3)(2).txt,moderate,moderate,moderate,simple,اعتُمد مستوى بُعدين من ثلاثة: حجم الدور متوسط، الترابط والتنظيم متوسط، الاختيار والتكيف بسيط.,false
FOOD-083-OP003,FOOD-083,مسح هيكل وقاعدة الماكينة الخارجي,3,,,معتمد مبدئيًا,Pasted text (3)(2).txt,simple,moderate,simple,simple,اعتُمد مستوى بُعدين من ثلاثة: حجم الدور متوسط، الترابط والتنظيم بسيط، الاختيار والتكيف بسيط.,false
FOOD-084-OP001,FOOD-084,تعبئة الغلاية بخليط الماء والخل,1,,,معتمد مبدئيًا,Pasted text (3)(2).txt,moderate,moderate,moderate,simple,اعتُمد مستوى بُعدين من ثلاثة: حجم الدور متوسط، الترابط والتنظيم متوسط، الاختيار والتكيف بسيط.,false
FOOD-084-OP002,FOOD-084,تشغيل الغلاية حتى الغليان,2,,,معتمد مبدئيًا,Pasted text (3)(2).txt,moderate,moderate,moderate,simple,اعتُمد مستوى بُعدين من ثلاثة: حجم الدور متوسط، الترابط والتنظيم متوسط، الاختيار والتكيف بسيط.,false
FOOD-084-OP003,FOOD-084,سكب الخليط وشطف الغلاية عدة مرات,3,,,معتمد مبدئيًا,Pasted text (3)(2).txt,simple,simple,advanced,simple,اعتُمد مستوى بُعدين من ثلاثة: حجم الدور بسيط، الترابط والتنظيم متقدم، الاختيار والتكيف بسيط.,false
FOOD-085-OP001,FOOD-085,فصل مضارب الخلط عن الجهاز,1,,,معتمد مبدئيًا,Pasted text (3)(2).txt,moderate,moderate,moderate,simple,اعتُمد مستوى بُعدين من ثلاثة: حجم الدور متوسط، الترابط والتنظيم متوسط، الاختيار والتكيف بسيط.,false
FOOD-085-OP002,FOOD-085,غسل المضارب والوعاء,2,,,معتمد مبدئيًا,Pasted text (3)(2).txt,moderate,moderate,moderate,simple,اعتُمد مستوى بُعدين من ثلاثة: حجم الدور متوسط، الترابط والتنظيم متوسط، الاختيار والتكيف بسيط.,false
FOOD-085-OP003,FOOD-085,تجفيف الأدوات وإعادتها للدرج,3,,,معتمد مبدئيًا,Pasted text (3)(2).txt,simple,simple,moderate,simple,اعتُمد مستوى بُعدين من ثلاثة: حجم الدور بسيط، الترابط والتنظيم متوسط، الاختيار والتكيف بسيط.,false
FOOD-086-OP001,FOOD-086,تفريغ مكعبات الثلج القديمة,1,,,معتمد مبدئيًا,Pasted text (3)(2).txt,moderate,moderate,moderate,simple,اعتُمد مستوى بُعدين من ثلاثة: حجم الدور متوسط، الترابط والتنظيم متوسط، الاختيار والتكيف بسيط.,false
FOOD-086-OP002,FOOD-086,غسل الصينية بالماء الدافئ,2,,,معتمد مبدئيًا,Pasted text (3)(2).txt,moderate,moderate,moderate,simple,اعتُمد مستوى بُعدين من ثلاثة: حجم الدور متوسط، الترابط والتنظيم متوسط، الاختيار والتكيف بسيط.,false
FOOD-086-OP003,FOOD-086,إعادة تعبئة الصينية ووضعها في الفريزر,3,,,معتمد مبدئيًا,Pasted text (3)(2).txt,moderate,moderate,moderate,simple,اعتُمد مستوى بُعدين من ثلاثة: حجم الدور متوسط، الترابط والتنظيم متوسط، الاختيار والتكيف بسيط.,false
FOOD-087-OP001,FOOD-087,رفع الكيس القديم وربط فوهته,1,,,معتمد مبدئيًا,Pasted text (3)(2).txt,moderate,moderate,moderate,simple,اعتُمد مستوى بُعدين من ثلاثة: حجم الدور متوسط، الترابط والتنظيم متوسط، الاختيار والتكيف بسيط.,false
FOOD-087-OP002,FOOD-087,غسل أو مسح قاع سلة القمامة عند اللزوم,2,,,معتمد مبدئيًا,Pasted text (3)(2).txt,simple,moderate,simple,simple,اعتُمد مستوى بُعدين من ثلاثة: حجم الدور متوسط، الترابط والتنظيم بسيط، الاختيار والتكيف بسيط.,false
FOOD-087-OP003,FOOD-087,فرد كيس القمامة الجديد داخل السلة,3,,,معتمد مبدئيًا,Pasted text (3)(2).txt,moderate,moderate,advanced,moderate,اعتُمد مستوى بُعدين من ثلاثة: حجم الدور متوسط، الترابط والتنظيم متقدم، الاختيار والتكيف متوسط.,false
FOOD-088-OP001,FOOD-088,عصر الإسفنجة من الماء والصابون,1,,,معتمد مبدئيًا,Pasted text (3)(2).txt,moderate,moderate,moderate,simple,اعتُمد مستوى بُعدين من ثلاثة: حجم الدور متوسط، الترابط والتنظيم متوسط، الاختيار والتكيف بسيط.,false
FOOD-088-OP002,FOOD-088,شطف الإسفنجة بالماء الساخن,2,,,معتمد مبدئيًا,Pasted text (3)(2).txt,simple,simple,simple,simple,تطابقت الأبعاد الثلاثة: حجم الدور بسيط، الترابط والتنظيم بسيط، الاختيار والتكيف بسيط.,false
FOOD-088-OP003,FOOD-088,وضع الإسفنجة في مكان جاف لتتهوى,3,,,معتمد مبدئيًا,Pasted text (3)(2).txt,moderate,simple,moderate,advanced,حالة حدودية: اختلفت الأبعاد الثلاثة (حجم الدور بسيط، الترابط والتنظيم متوسط، الاختيار والتكيف متقدم)، واعتُمد المستوى المتوسط للمراجعة.,true
FOOD-089-OP001,FOOD-089,خلع المريول,1,,,معتمد مبدئيًا,Pasted text (3)(2).txt,simple,simple,moderate,simple,اعتُمد مستوى بُعدين من ثلاثة: حجم الدور بسيط، الترابط والتنظيم متوسط، الاختيار والتكيف بسيط.,false
FOOD-089-OP002,FOOD-089,معالجة البقع الظاهرة بصابون مركز,2,,,معتمد مبدئيًا,Pasted text (3)(2).txt,moderate,moderate,moderate,simple,اعتُمد مستوى بُعدين من ثلاثة: حجم الدور متوسط، الترابط والتنظيم متوسط، الاختيار والتكيف بسيط.,false
FOOD-089-OP003,FOOD-089,وضع المريول في سلة الغسيل,3,,,معتمد مبدئيًا,Pasted text (3)(2).txt,simple,simple,moderate,simple,اعتُمد مستوى بُعدين من ثلاثة: حجم الدور بسيط، الترابط والتنظيم متوسط، الاختيار والتكيف بسيط.,false
FOOD-090-OP001,FOOD-090,رش سائل التلميع على الحنفية,1,,,معتمد مبدئيًا,Pasted text (3)(2).txt,moderate,moderate,moderate,simple,اعتُمد مستوى بُعدين من ثلاثة: حجم الدور متوسط، الترابط والتنظيم متوسط، الاختيار والتكيف بسيط.,false
FOOD-090-OP002,FOOD-090,فرك الحنفية بالإسفنجة,2,,,معتمد مبدئيًا,Pasted text (3)(2).txt,simple,simple,simple,simple,تطابقت الأبعاد الثلاثة: حجم الدور بسيط، الترابط والتنظيم بسيط، الاختيار والتكيف بسيط.,false
FOOD-090-OP003,FOOD-090,تجفيف الحنفية وتلميعها بفوطة جافة,3,,,معتمد مبدئيًا,Pasted text (3)(2).txt,simple,simple,simple,simple,تطابقت الأبعاد الثلاثة: حجم الدور بسيط، الترابط والتنظيم بسيط، الاختيار والتكيف بسيط.,false
HEALTH-001-OP001,HEALTH-001,البحث عن رقم العيادة,1,,,معتمد مبدئيًا,Pasted text (3)(5).txt,moderate,moderate,advanced,simple,حالة حدودية: اختلفت الأبعاد الثلاثة (حجم الدور متوسط، الترابط والتنظيم متقدم، الاختيار والتكيف بسيط)، واعتُمد المستوى المتوسط للمراجعة.,true
HEALTH-001-OP002,HEALTH-001,إجراء المكالمة للحجز,2,,,معتمد مبدئيًا,Pasted text (3)(5).txt,moderate,advanced,moderate,simple,حالة حدودية: اختلفت الأبعاد الثلاثة (حجم الدور متقدم، الترابط والتنظيم متوسط، الاختيار والتكيف بسيط)، واعتُمد المستوى المتوسط للمراجعة.,true
HEALTH-001-OP003,HEALTH-001,تسجيل موعد الزيارة في التقويم,3,,,معتمد مبدئيًا,Pasted text (3)(5).txt,simple,advanced,simple,simple,اعتُمد مستوى بُعدين من ثلاثة: حجم الدور متقدم، الترابط والتنظيم بسيط، الاختيار والتكيف بسيط.,false
HEALTH-002-OP001,HEALTH-002,تجهيز الملابس المناسبة للخروج,1,,,معتمد مبدئيًا,Pasted text (3)(5).txt,moderate,moderate,moderate,advanced,اعتُمد مستوى بُعدين من ثلاثة: حجم الدور متوسط، الترابط والتنظيم متوسط، الاختيار والتكيف متقدم.,false
HEALTH-002-OP002,HEALTH-002,تجهيز الحقيبة الشخصية,2,,,معتمد مبدئيًا,Pasted text (3)(5).txt,moderate,moderate,moderate,simple,اعتُمد مستوى بُعدين من ثلاثة: حجم الدور متوسط، الترابط والتنظيم متوسط، الاختيار والتكيف بسيط.,false
HEALTH-002-OP003,HEALTH-002,تجهيز زجاجة الماء,3,,,معتمد مبدئيًا,Pasted text (3)(5).txt,moderate,moderate,advanced,simple,حالة حدودية: اختلفت الأبعاد الثلاثة (حجم الدور متوسط، الترابط والتنظيم متقدم، الاختيار والتكيف بسيط)، واعتُمد المستوى المتوسط للمراجعة.,true
HEALTH-003-OP001,HEALTH-003,جمع التقارير السابقة,1,,,معتمد مبدئيًا,Pasted text (3)(5).txt,simple,simple,moderate,simple,اعتُمد مستوى بُعدين من ثلاثة: حجم الدور بسيط، الترابط والتنظيم متوسط، الاختيار والتكيف بسيط.,false
HEALTH-003-OP002,HEALTH-003,جمع صور الأشعة,2,,,معتمد مبدئيًا,Pasted text (3)(5).txt,simple,simple,simple,simple,تطابقت الأبعاد الثلاثة: حجم الدور بسيط، الترابط والتنظيم بسيط، الاختيار والتكيف بسيط.,false
HEALTH-003-OP003,HEALTH-003,وضع المستندات في ملف أو حقيبة,3,,,معتمد مبدئيًا,Pasted text (3)(5).txt,simple,simple,moderate,simple,اعتُمد مستوى بُعدين من ثلاثة: حجم الدور بسيط، الترابط والتنظيم متوسط، الاختيار والتكيف بسيط.,false
HEALTH-004-OP001,HEALTH-004,إحضار بطاقة الهوية,1,,,معتمد مبدئيًا,Pasted text (3)(5).txt,simple,simple,simple,simple,تطابقت الأبعاد الثلاثة: حجم الدور بسيط، الترابط والتنظيم بسيط، الاختيار والتكيف بسيط.,false
HEALTH-004-OP002,HEALTH-004,إحضار بطاقة التأمين الصحي,2,,,معتمد مبدئيًا,Pasted text (3)(5).txt,simple,simple,simple,simple,تطابقت الأبعاد الثلاثة: حجم الدور بسيط، الترابط والتنظيم بسيط، الاختيار والتكيف بسيط.,false
HEALTH-004-OP003,HEALTH-004,وضع البطاقات في المحفظة أو الحقيبة,3,,,معتمد مبدئيًا,Pasted text (3)(5).txt,simple,moderate,simple,simple,اعتُمد مستوى بُعدين من ثلاثة: حجم الدور متوسط، الترابط والتنظيم بسيط، الاختيار والتكيف بسيط.,false
HEALTH-005-OP001,HEALTH-005,التوجه إلى السيارة,1,,,معتمد مبدئيًا,Pasted text (3)(5).txt,simple,simple,moderate,simple,اعتُمد مستوى بُعدين من ثلاثة: حجم الدور بسيط، الترابط والتنظيم متوسط، الاختيار والتكيف بسيط.,false
HEALTH-005-OP002,HEALTH-005,ربط حزام الأمان,2,,,معتمد مبدئيًا,Pasted text (3)(5).txt,simple,simple,moderate,simple,اعتُمد مستوى بُعدين من ثلاثة: حجم الدور بسيط، الترابط والتنظيم متوسط، الاختيار والتكيف بسيط.,false
HEALTH-005-OP003,HEALTH-005,النزول من السيارة عند الوصول,3,,,معتمد مبدئيًا,Pasted text (3)(5).txt,moderate,moderate,advanced,simple,حالة حدودية: اختلفت الأبعاد الثلاثة (حجم الدور متوسط، الترابط والتنظيم متقدم، الاختيار والتكيف بسيط)، واعتُمد المستوى المتوسط للمراجعة.,true
HEALTH-006-OP001,HEALTH-006,الجلوس في المكان المخصص,1,,,معتمد مبدئيًا,Pasted text (3)(5).txt,moderate,moderate,moderate,simple,اعتُمد مستوى بُعدين من ثلاثة: حجم الدور متوسط، الترابط والتنظيم متوسط، الاختيار والتكيف بسيط.,false
HEALTH-006-OP002,HEALTH-006,الانتظار بهدوء,2,,,معتمد مبدئيًا,Pasted text (3)(5).txt,simple,simple,moderate,simple,اعتُمد مستوى بُعدين من ثلاثة: حجم الدور بسيط، الترابط والتنظيم متوسط، الاختيار والتكيف بسيط.,false
HEALTH-006-OP003,HEALTH-006,الانتباه للنداء على الاسم,3,,,معتمد مبدئيًا,Pasted text (3)(5).txt,moderate,moderate,moderate,simple,اعتُمد مستوى بُعدين من ثلاثة: حجم الدور متوسط، الترابط والتنظيم متوسط، الاختيار والتكيف بسيط.,false
HEALTH-007-OP001,HEALTH-007,التوجه لمكتب الاستقبال,1,,,معتمد مبدئيًا,Pasted text (3)(5).txt,simple,simple,simple,simple,تطابقت الأبعاد الثلاثة: حجم الدور بسيط، الترابط والتنظيم بسيط، الاختيار والتكيف بسيط.,false
HEALTH-007-OP002,HEALTH-007,تقديم بطاقة الهوية أو التأمين,2,,,معتمد مبدئيًا,Pasted text (3)(5).txt,simple,simple,moderate,simple,اعتُمد مستوى بُعدين من ثلاثة: حجم الدور بسيط، الترابط والتنظيم متوسط، الاختيار والتكيف بسيط.,false
HEALTH-007-OP003,HEALTH-007,استلام رقم الانتظار,3,,,معتمد مبدئيًا,Pasted text (3)(5).txt,simple,simple,simple,simple,تطابقت الأبعاد الثلاثة: حجم الدور بسيط، الترابط والتنظيم بسيط، الاختيار والتكيف بسيط.,false
HEALTH-008-OP001,HEALTH-008,الدخول إلى غرفة الطبيب,1,,,معتمد مبدئيًا,Pasted text (3)(5).txt,moderate,moderate,moderate,simple,اعتُمد مستوى بُعدين من ثلاثة: حجم الدور متوسط، الترابط والتنظيم متوسط، الاختيار والتكيف بسيط.,false
HEALTH-008-OP002,HEALTH-008,الجلوس في المكان المخصص للمريض,2,,,معتمد مبدئيًا,Pasted text (3)(5).txt,moderate,moderate,moderate,simple,اعتُمد مستوى بُعدين من ثلاثة: حجم الدور متوسط، الترابط والتنظيم متوسط، الاختيار والتكيف بسيط.,false
HEALTH-008-OP003,HEALTH-008,الإجابة على أسئلة الطبيب,3,,,معتمد مبدئيًا,Pasted text (3)(5).txt,moderate,moderate,moderate,moderate,تطابقت الأبعاد الثلاثة: حجم الدور متوسط، الترابط والتنظيم متوسط، الاختيار والتكيف متوسط.,false
HEALTH-009-OP001,HEALTH-009,استلام الورقة من الطبيب,1,,,معتمد مبدئيًا,Pasted text (3)(5).txt,simple,simple,moderate,simple,اعتُمد مستوى بُعدين من ثلاثة: حجم الدور بسيط، الترابط والتنظيم متوسط، الاختيار والتكيف بسيط.,false
HEALTH-009-OP002,HEALTH-009,الاحتفاظ بالوصفة في الحقيبة,2,,,معتمد مبدئيًا,Pasted text (3)(5).txt,moderate,moderate,moderate,simple,اعتُمد مستوى بُعدين من ثلاثة: حجم الدور متوسط، الترابط والتنظيم متوسط، الاختيار والتكيف بسيط.,false
HEALTH-010-OP001,HEALTH-010,تقديم الوصفة للصيدلي,1,,,معتمد مبدئيًا,Pasted text (3)(5).txt,simple,simple,moderate,simple,اعتُمد مستوى بُعدين من ثلاثة: حجم الدور بسيط، الترابط والتنظيم متوسط، الاختيار والتكيف بسيط.,false
HEALTH-010-OP002,HEALTH-010,استلام الأدوية,2,,,معتمد مبدئيًا,Pasted text (3)(5).txt,simple,simple,simple,simple,تطابقت الأبعاد الثلاثة: حجم الدور بسيط، الترابط والتنظيم بسيط، الاختيار والتكيف بسيط.,false
HEALTH-010-OP003,HEALTH-010,دفع قيمة الأدوية,3,,,معتمد مبدئيًا,Pasted text (3)(5).txt,moderate,advanced,moderate,simple,حالة حدودية: اختلفت الأبعاد الثلاثة (حجم الدور متقدم، الترابط والتنظيم متوسط، الاختيار والتكيف بسيط)، واعتُمد المستوى المتوسط للمراجعة.,true
HEALTH-011-OP001,HEALTH-011,التوجه إلى السيارة,1,,,معتمد مبدئيًا,Pasted text (3)(5).txt,simple,simple,moderate,simple,اعتُمد مستوى بُعدين من ثلاثة: حجم الدور بسيط، الترابط والتنظيم متوسط، الاختيار والتكيف بسيط.,false
HEALTH-011-OP002,HEALTH-011,ركوب السيارة للعودة,2,,,معتمد مبدئيًا,Pasted text (3)(5).txt,simple,simple,advanced,simple,اعتُمد مستوى بُعدين من ثلاثة: حجم الدور بسيط، الترابط والتنظيم متقدم، الاختيار والتكيف بسيط.,false
HEALTH-011-OP003,HEALTH-011,النزول من السيارة عند المنزل,3,,,معتمد مبدئيًا,Pasted text (3)(5).txt,moderate,moderate,advanced,simple,حالة حدودية: اختلفت الأبعاد الثلاثة (حجم الدور متوسط، الترابط والتنظيم متقدم، الاختيار والتكيف بسيط)، واعتُمد المستوى المتوسط للمراجعة.,true
HEALTH-012-OP001,HEALTH-012,إخراج الأدوية من الأكياس,1,,,معتمد مبدئيًا,Pasted text (3)(5).txt,moderate,moderate,moderate,simple,اعتُمد مستوى بُعدين من ثلاثة: حجم الدور متوسط، الترابط والتنظيم متوسط، الاختيار والتكيف بسيط.,false
HEALTH-012-OP002,HEALTH-012,ترتيب الأدوية في الصندوق المخصص,2,,,معتمد مبدئيًا,Pasted text (3)(5).txt,simple,moderate,simple,simple,اعتُمد مستوى بُعدين من ثلاثة: حجم الدور متوسط، الترابط والتنظيم بسيط، الاختيار والتكيف بسيط.,false
HEALTH-012-OP003,HEALTH-012,وضع الصندوق في المكان المناسب,3,,,معتمد مبدئيًا,Pasted text (3)(5).txt,moderate,simple,moderate,moderate,اعتُمد مستوى بُعدين من ثلاثة: حجم الدور بسيط، الترابط والتنظيم متوسط، الاختيار والتكيف متوسط.,false
HEALTH-013-OP001,HEALTH-013,إحضار كوب الماء,1,,,معتمد مبدئيًا,Pasted text (3)(5).txt,simple,simple,moderate,simple,اعتُمد مستوى بُعدين من ثلاثة: حجم الدور بسيط، الترابط والتنظيم متوسط، الاختيار والتكيف بسيط.,false
HEALTH-013-OP002,HEALTH-013,إخراج حبة الدواء أو جرعة الدواء,2,,,معتمد مبدئيًا,Pasted text (3)(5).txt,moderate,advanced,moderate,simple,حالة حدودية: اختلفت الأبعاد الثلاثة (حجم الدور متقدم، الترابط والتنظيم متوسط، الاختيار والتكيف بسيط)، واعتُمد المستوى المتوسط للمراجعة.,true
HEALTH-013-OP003,HEALTH-013,تناول الدواء,3,,,معتمد مبدئيًا,Pasted text (3)(5).txt,simple,simple,simple,simple,تطابقت الأبعاد الثلاثة: حجم الدور بسيط، الترابط والتنظيم بسيط، الاختيار والتكيف بسيط.,false
HEALTH-014-OP001,HEALTH-014,ضبط منبه لموعد الدواء,1,,,معتمد مبدئيًا,Pasted text (3)(5).txt,moderate,advanced,moderate,simple,حالة حدودية: اختلفت الأبعاد الثلاثة (حجم الدور متقدم، الترابط والتنظيم متوسط، الاختيار والتكيف بسيط)، واعتُمد المستوى المتوسط للمراجعة.,true
HEALTH-014-OP002,HEALTH-014,تسجيل تناول الجرعة في الجدول,2,,,معتمد مبدئيًا,Pasted text (3)(5).txt,simple,advanced,simple,simple,اعتُمد مستوى بُعدين من ثلاثة: حجم الدور متقدم، الترابط والتنظيم بسيط، الاختيار والتكيف بسيط.,false
HEALTH-015-OP001,HEALTH-015,إحضار جهاز الضغط,1,,,معتمد مبدئيًا,Pasted text (3)(5).txt,simple,simple,moderate,simple,اعتُمد مستوى بُعدين من ثلاثة: حجم الدور بسيط، الترابط والتنظيم متوسط، الاختيار والتكيف بسيط.,false
HEALTH-015-OP002,HEALTH-015,وضع الشريط حول الذراع,2,,,معتمد مبدئيًا,Pasted text (3)(5).txt,simple,simple,simple,simple,تطابقت الأبعاد الثلاثة: حجم الدور بسيط، الترابط والتنظيم بسيط، الاختيار والتكيف بسيط.,false
HEALTH-015-OP003,HEALTH-015,تشغيل الجهاز وقراءة النتيجة,3,,,معتمد مبدئيًا,Pasted text (3)(5).txt,moderate,moderate,moderate,simple,اعتُمد مستوى بُعدين من ثلاثة: حجم الدور متوسط، الترابط والتنظيم متوسط، الاختيار والتكيف بسيط.,false
HEALTH-016-OP001,HEALTH-016,إحضار جهاز السكر والشرائح,1,,,معتمد مبدئيًا,Pasted text (3)(5).txt,simple,simple,moderate,simple,اعتُمد مستوى بُعدين من ثلاثة: حجم الدور بسيط، الترابط والتنظيم متوسط، الاختيار والتكيف بسيط.,false
HEALTH-016-OP002,HEALTH-016,تجهيز إبرة الوخز,2,,,معتمد مبدئيًا,Pasted text (3)(5).txt,moderate,moderate,moderate,simple,اعتُمد مستوى بُعدين من ثلاثة: حجم الدور متوسط، الترابط والتنظيم متوسط، الاختيار والتكيف بسيط.,false
HEALTH-016-OP003,HEALTH-016,وضع قطرة الدم على الشريحة,3,,,معتمد مبدئيًا,Pasted text (3)(5).txt,simple,simple,moderate,simple,اعتُمد مستوى بُعدين من ثلاثة: حجم الدور بسيط، الترابط والتنظيم متوسط، الاختيار والتكيف بسيط.,false
HEALTH-017-OP001,HEALTH-017,إحضار الميزان,1,,,معتمد مبدئيًا,Pasted text (3)(5).txt,simple,simple,moderate,simple,اعتُمد مستوى بُعدين من ثلاثة: حجم الدور بسيط، الترابط والتنظيم متوسط، الاختيار والتكيف بسيط.,false
HEALTH-017-OP002,HEALTH-017,الوقوف على الميزان بثبات,2,,,معتمد مبدئيًا,Pasted text (3)(5).txt,moderate,moderate,moderate,simple,اعتُمد مستوى بُعدين من ثلاثة: حجم الدور متوسط، الترابط والتنظيم متوسط، الاختيار والتكيف بسيط.,false
HEALTH-017-OP003,HEALTH-017,قراءة وتسجيل الوزن,3,,,معتمد مبدئيًا,Pasted text (3)(5).txt,moderate,advanced,moderate,simple,حالة حدودية: اختلفت الأبعاد الثلاثة (حجم الدور متقدم، الترابط والتنظيم متوسط، الاختيار والتكيف بسيط)، واعتُمد المستوى المتوسط للمراجعة.,true
HEALTH-018-OP001,HEALTH-018,ارتداء الملابس الرياضية,1,,,معتمد مبدئيًا,Pasted text (3)(5).txt,moderate,simple,moderate,moderate,اعتُمد مستوى بُعدين من ثلاثة: حجم الدور بسيط، الترابط والتنظيم متوسط، الاختيار والتكيف متوسط.,false
HEALTH-018-OP002,HEALTH-018,تجهيز مساحة التمرين,2,,,معتمد مبدئيًا,Pasted text (3)(5).txt,moderate,moderate,moderate,simple,اعتُمد مستوى بُعدين من ثلاثة: حجم الدور متوسط، الترابط والتنظيم متوسط، الاختيار والتكيف بسيط.,false
HEALTH-018-OP003,HEALTH-018,أداء الحركات الرياضية,3,,,معتمد مبدئيًا,Pasted text (3)(5).txt,simple,simple,simple,simple,تطابقت الأبعاد الثلاثة: حجم الدور بسيط، الترابط والتنظيم بسيط، الاختيار والتكيف بسيط.,false
HEALTH-019-OP001,HEALTH-019,ارتداء الحذاء الرياضي,1,,,معتمد مبدئيًا,Pasted text (3)(5).txt,simple,simple,moderate,simple,اعتُمد مستوى بُعدين من ثلاثة: حجم الدور بسيط، الترابط والتنظيم متوسط، الاختيار والتكيف بسيط.,false
HEALTH-019-OP002,HEALTH-019,الخروج للمشي في المسار المحدد,2,,,معتمد مبدئيًا,Pasted text (3)(5).txt,moderate,moderate,moderate,simple,اعتُمد مستوى بُعدين من ثلاثة: حجم الدور متوسط، الترابط والتنظيم متوسط، الاختيار والتكيف بسيط.,false
HEALTH-019-OP003,HEALTH-019,العودة للمنزل بعد الانتهاء,3,,,معتمد مبدئيًا,Pasted text (3)(5).txt,moderate,moderate,moderate,simple,اعتُمد مستوى بُعدين من ثلاثة: حجم الدور متوسط، الترابط والتنظيم متوسط، الاختيار والتكيف بسيط.,false
HEALTH-020-OP001,HEALTH-020,التوجه لمركز العلاج الطبيعي,1,,,معتمد مبدئيًا,Pasted text (3)(5).txt,moderate,moderate,moderate,simple,اعتُمد مستوى بُعدين من ثلاثة: حجم الدور متوسط، الترابط والتنظيم متوسط، الاختيار والتكيف بسيط.,false
HEALTH-020-OP002,HEALTH-020,أداء التمارين مع الأخصائي,2,,,معتمد مبدئيًا,Pasted text (3)(5).txt,moderate,moderate,simple,moderate,اعتُمد مستوى بُعدين من ثلاثة: حجم الدور متوسط، الترابط والتنظيم بسيط، الاختيار والتكيف متوسط.,false
HEALTH-020-OP003,HEALTH-020,استخدام الأجهزة الرياضية,3,,,معتمد مبدئيًا,Pasted text (3)(5).txt,simple,simple,simple,simple,تطابقت الأبعاد الثلاثة: حجم الدور بسيط، الترابط والتنظيم بسيط، الاختيار والتكيف بسيط.,false
HEALTH-021-OP001,HEALTH-021,إعداد قائمة بالمستلزمات,1,,,معتمد مبدئيًا,Pasted text (3)(5).txt,simple,moderate,simple,simple,اعتُمد مستوى بُعدين من ثلاثة: حجم الدور متوسط، الترابط والتنظيم بسيط، الاختيار والتكيف بسيط.,false
HEALTH-021-OP002,HEALTH-021,اختيار المستلزمات من الصيدلية,2,,,معتمد مبدئيًا,Pasted text (3)(5).txt,moderate,moderate,moderate,moderate,تطابقت الأبعاد الثلاثة: حجم الدور متوسط، الترابط والتنظيم متوسط، الاختيار والتكيف متوسط.,false
HEALTH-021-OP003,HEALTH-021,دفع قيمة المستلزمات,3,,,معتمد مبدئيًا,Pasted text (3)(5).txt,moderate,advanced,moderate,simple,حالة حدودية: اختلفت الأبعاد الثلاثة (حجم الدور متقدم، الترابط والتنظيم متوسط، الاختيار والتكيف بسيط)، واعتُمد المستوى المتوسط للمراجعة.,true
HEALTH-022-OP001,HEALTH-022,الاتصال بالعيادة لطلب التجديد,1,,,معتمد مبدئيًا,Pasted text (3)(5).txt,moderate,advanced,moderate,simple,حالة حدودية: اختلفت الأبعاد الثلاثة (حجم الدور متقدم، الترابط والتنظيم متوسط، الاختيار والتكيف بسيط)، واعتُمد المستوى المتوسط للمراجعة.,true
HEALTH-022-OP002,HEALTH-022,الذهاب لاستلام الوصفة,2,,,معتمد مبدئيًا,Pasted text (3)(5).txt,simple,simple,moderate,simple,اعتُمد مستوى بُعدين من ثلاثة: حجم الدور بسيط، الترابط والتنظيم متوسط، الاختيار والتكيف بسيط.,false
HEALTH-023-OP001,HEALTH-023,استلام ورقة النتائج,1,,,معتمد مبدئيًا,Pasted text (3)(5).txt,simple,simple,moderate,simple,اعتُمد مستوى بُعدين من ثلاثة: حجم الدور بسيط، الترابط والتنظيم متوسط، الاختيار والتكيف بسيط.,false
HEALTH-023-OP002,HEALTH-023,حفظ النتائج في الملف الطبي,2,,,معتمد مبدئيًا,Pasted text (3)(5).txt,moderate,moderate,moderate,simple,اعتُمد مستوى بُعدين من ثلاثة: حجم الدور متوسط، الترابط والتنظيم متوسط، الاختيار والتكيف بسيط.,false
HEALTH-024-OP001,HEALTH-024,حجز موعد الفحص الشامل,1,,,معتمد مبدئيًا,Pasted text (3)(5).txt,moderate,advanced,moderate,simple,حالة حدودية: اختلفت الأبعاد الثلاثة (حجم الدور متقدم، الترابط والتنظيم متوسط، الاختيار والتكيف بسيط)، واعتُمد المستوى المتوسط للمراجعة.,true
HEALTH-024-OP002,HEALTH-024,الذهاب للعيادة لإجراء الفحوصات,2,,,معتمد مبدئيًا,Pasted text (3)(5).txt,moderate,moderate,moderate,simple,اعتُمد مستوى بُعدين من ثلاثة: حجم الدور متوسط، الترابط والتنظيم متوسط، الاختيار والتكيف بسيط.,false
HEALTH-025-OP001,HEALTH-025,التوجه لغرفة التطعيم,1,,,معتمد مبدئيًا,Pasted text (3)(5).txt,simple,simple,moderate,simple,اعتُمد مستوى بُعدين من ثلاثة: حجم الدور بسيط، الترابط والتنظيم متوسط، الاختيار والتكيف بسيط.,false
HEALTH-025-OP002,HEALTH-025,كشف الذراع أو المكان المخصص للتطعيم,2,,,معتمد مبدئيًا,Pasted text (3)(5).txt,moderate,advanced,moderate,simple,حالة حدودية: اختلفت الأبعاد الثلاثة (حجم الدور متقدم، الترابط والتنظيم متوسط، الاختيار والتكيف بسيط)، واعتُمد المستوى المتوسط للمراجعة.,true
HEALTH-025-OP003,HEALTH-025,الانتظار بعد التطعيم للملاحظة,3,,,معتمد مبدئيًا,Pasted text (3)(5).txt,moderate,moderate,moderate,simple,اعتُمد مستوى بُعدين من ثلاثة: حجم الدور متوسط، الترابط والتنظيم متوسط، الاختيار والتكيف بسيط.,false
HEALTH-026-OP001,HEALTH-026,الجلوس على كرسي الأسنان,1,,,معتمد مبدئيًا,Pasted text (3)(5).txt,moderate,moderate,moderate,moderate,تطابقت الأبعاد الثلاثة: حجم الدور متوسط، الترابط والتنظيم متوسط، الاختيار والتكيف متوسط.,false
HEALTH-026-OP002,HEALTH-026,فتح الفم للفحص,2,,,معتمد مبدئيًا,Pasted text (3)(5).txt,moderate,moderate,moderate,moderate,تطابقت الأبعاد الثلاثة: حجم الدور متوسط، الترابط والتنظيم متوسط، الاختيار والتكيف متوسط.,false
HEALTH-026-OP003,HEALTH-026,المضمضة بالماء عند الطلب,3,,,معتمد مبدئيًا,Pasted text (3)(5).txt,advanced,advanced,advanced,simple,اعتُمد مستوى بُعدين من ثلاثة: حجم الدور متقدم، الترابط والتنظيم متقدم، الاختيار والتكيف بسيط.,false
HEALTH-027-OP001,HEALTH-027,الجلوس أمام جهاز الفحص,1,,,معتمد مبدئيًا,Pasted text (3)(5).txt,moderate,moderate,moderate,moderate,تطابقت الأبعاد الثلاثة: حجم الدور متوسط، الترابط والتنظيم متوسط، الاختيار والتكيف متوسط.,false
HEALTH-027-OP002,HEALTH-027,قراءة الحروف أو الأرقام من اللوحة,2,,,معتمد مبدئيًا,Pasted text (3)(5).txt,moderate,advanced,moderate,simple,حالة حدودية: اختلفت الأبعاد الثلاثة (حجم الدور متقدم، الترابط والتنظيم متوسط، الاختيار والتكيف بسيط)، واعتُمد المستوى المتوسط للمراجعة.,true
HEALTH-028-OP001,HEALTH-028,وضع سماعات الفحص,1,,,معتمد مبدئيًا,Pasted text (3)(5).txt,moderate,moderate,simple,moderate,اعتُمد مستوى بُعدين من ثلاثة: حجم الدور متوسط، الترابط والتنظيم بسيط، الاختيار والتكيف متوسط.,false
HEALTH-028-OP002,HEALTH-028,الإشارة عند سماع الصوت,2,,,معتمد مبدئيًا,Pasted text (3)(5).txt,moderate,moderate,moderate,simple,اعتُمد مستوى بُعدين من ثلاثة: حجم الدور متوسط، الترابط والتنظيم متوسط، الاختيار والتكيف بسيط.,false
HEALTH-029-OP001,HEALTH-029,حجز موعد مع الطبيب المختص,1,,,معتمد مبدئيًا,Pasted text (3)(5).txt,moderate,advanced,moderate,simple,حالة حدودية: اختلفت الأبعاد الثلاثة (حجم الدور متقدم، الترابط والتنظيم متوسط، الاختيار والتكيف بسيط)، واعتُمد المستوى المتوسط للمراجعة.,true
HEALTH-029-OP002,HEALTH-029,تجهيز الأسئلة المتعلقة بالحالة,2,,,معتمد مبدئيًا,Pasted text (3)(5).txt,simple,moderate,simple,simple,اعتُمد مستوى بُعدين من ثلاثة: حجم الدور متوسط، الترابط والتنظيم بسيط، الاختيار والتكيف بسيط.,false
HEALTH-030-OP001,HEALTH-030,التوجه لغرفة الأشعة,1,,,معتمد مبدئيًا,Pasted text (3)(5).txt,simple,simple,moderate,simple,اعتُمد مستوى بُعدين من ثلاثة: حجم الدور بسيط، الترابط والتنظيم متوسط، الاختيار والتكيف بسيط.,false
HEALTH-030-OP002,HEALTH-030,ارتداء الرداء الطبي إن لزم,2,,,معتمد مبدئيًا,Pasted text (3)(5).txt,simple,simple,simple,simple,تطابقت الأبعاد الثلاثة: حجم الدور بسيط، الترابط والتنظيم بسيط، الاختيار والتكيف بسيط.,false
HEALTH-030-OP003,HEALTH-030,الثبات أثناء التقاط الأشعة,3,,,معتمد مبدئيًا,Pasted text (3)(5).txt,moderate,moderate,moderate,simple,اعتُمد مستوى بُعدين من ثلاثة: حجم الدور متوسط، الترابط والتنظيم متوسط، الاختيار والتكيف بسيط.,false
HEALTH-031-OP001,HEALTH-031,تقديم استمارة التحليل,1,,,معتمد مبدئيًا,Pasted text (3)(5).txt,moderate,advanced,moderate,simple,حالة حدودية: اختلفت الأبعاد الثلاثة (حجم الدور متقدم، الترابط والتنظيم متوسط، الاختيار والتكيف بسيط)، واعتُمد المستوى المتوسط للمراجعة.,true
HEALTH-031-OP002,HEALTH-031,كشف الذراع لسحب الدم,2,,,معتمد مبدئيًا,Pasted text (3)(5).txt,moderate,moderate,moderate,simple,اعتُمد مستوى بُعدين من ثلاثة: حجم الدور متوسط، الترابط والتنظيم متوسط، الاختيار والتكيف بسيط.,false
HEALTH-031-OP003,HEALTH-031,الضغط على مكان السحب بقطنة,3,,,معتمد مبدئيًا,Pasted text (3)(5).txt,simple,simple,moderate,simple,اعتُمد مستوى بُعدين من ثلاثة: حجم الدور بسيط، الترابط والتنظيم متوسط، الاختيار والتكيف بسيط.,false
HEALTH-032-OP001,HEALTH-032,الذهاب للمختبر لاستلام النتائج,1,,,معتمد مبدئيًا,Pasted text (3)(5).txt,simple,simple,moderate,simple,اعتُمد مستوى بُعدين من ثلاثة: حجم الدور بسيط، الترابط والتنظيم متوسط، الاختيار والتكيف بسيط.,false
HEALTH-032-OP002,HEALTH-032,التأكد من الاسم على التقرير,2,,,معتمد مبدئيًا,Pasted text (3)(5).txt,moderate,moderate,moderate,simple,اعتُمد مستوى بُعدين من ثلاثة: حجم الدور متوسط، الترابط والتنظيم متوسط، الاختيار والتكيف بسيط.,false
HEALTH-033-OP001,HEALTH-033,التوجه السريع لقسم الطوارئ,1,,,معتمد مبدئيًا,Pasted text (3)(5).txt,moderate,advanced,simple,moderate,حالة حدودية: اختلفت الأبعاد الثلاثة (حجم الدور متقدم، الترابط والتنظيم بسيط، الاختيار والتكيف متوسط)، واعتُمد المستوى المتوسط للمراجعة.,true
HEALTH-033-OP002,HEALTH-033,حمل البطاقة الصحية والهوية,2,,,معتمد مبدئيًا,Pasted text (3)(5).txt,simple,simple,simple,advanced,اعتُمد مستوى بُعدين من ثلاثة: حجم الدور بسيط، الترابط والتنظيم بسيط، الاختيار والتكيف متقدم.,false
HEALTH-034-OP001,HEALTH-034,مساعدة المريض في ركوب السيارة,1,,,معتمد مبدئيًا,Pasted text (3)(5).txt,moderate,moderate,moderate,advanced,اعتُمد مستوى بُعدين من ثلاثة: حجم الدور متوسط، الترابط والتنظيم متوسط، الاختيار والتكيف متقدم.,false
HEALTH-034-OP002,HEALTH-034,مرافقة المريض في الطريق,2,,,معتمد مبدئيًا,Pasted text (3)(5).txt,moderate,moderate,moderate,simple,اعتُمد مستوى بُعدين من ثلاثة: حجم الدور متوسط، الترابط والتنظيم متوسط، الاختيار والتكيف بسيط.,false
HEALTH-035-OP001,HEALTH-035,الجلوس في صالة الانتظار,1,,,معتمد مبدئيًا,Pasted text (3)(5).txt,moderate,moderate,moderate,simple,اعتُمد مستوى بُعدين من ثلاثة: حجم الدور متوسط، الترابط والتنظيم متوسط، الاختيار والتكيف بسيط.,false
HEALTH-035-OP002,HEALTH-035,الانتباه لنداء الممرض,2,,,معتمد مبدئيًا,Pasted text (3)(5).txt,simple,simple,moderate,simple,اعتُمد مستوى بُعدين من ثلاثة: حجم الدور بسيط، الترابط والتنظيم متوسط، الاختيار والتكيف بسيط.,false
HEALTH-036-OP001,HEALTH-036,تقديم الهوية لموظف الاستقبال,1,,,معتمد مبدئيًا,Pasted text (3)(5).txt,moderate,simple,moderate,moderate,اعتُمد مستوى بُعدين من ثلاثة: حجم الدور بسيط، الترابط والتنظيم متوسط، الاختيار والتكيف متوسط.,false
HEALTH-036-OP002,HEALTH-036,ذكر سبب الزيارة باختصار,2,,,معتمد مبدئيًا,Pasted text (3)(5).txt,moderate,advanced,simple,moderate,حالة حدودية: اختلفت الأبعاد الثلاثة (حجم الدور متقدم، الترابط والتنظيم بسيط، الاختيار والتكيف متوسط)، واعتُمد المستوى المتوسط للمراجعة.,true
HEALTH-037-OP001,HEALTH-037,قياس الحرارة والضغط مع الممرض,1,,,معتمد مبدئيًا,Pasted text (3)(5).txt,moderate,moderate,moderate,simple,اعتُمد مستوى بُعدين من ثلاثة: حجم الدور متوسط، الترابط والتنظيم متوسط، الاختيار والتكيف بسيط.,false
HEALTH-037-OP002,HEALTH-037,الإجابة على أسئلة الطبيب الأولي,2,,,معتمد مبدئيًا,Pasted text (3)(5).txt,moderate,moderate,moderate,moderate,تطابقت الأبعاد الثلاثة: حجم الدور متوسط، الترابط والتنظيم متوسط، الاختيار والتكيف متوسط.,false
HEALTH-038-OP001,HEALTH-038,استلام تقرير الزيارة,1,,,معتمد مبدئيًا,Pasted text (3)(5).txt,simple,advanced,simple,simple,اعتُمد مستوى بُعدين من ثلاثة: حجم الدور متقدم، الترابط والتنظيم بسيط، الاختيار والتكيف بسيط.,false
HEALTH-038-OP002,HEALTH-038,استلام الوصفة الطبية,2,,,معتمد مبدئيًا,Pasted text (3)(5).txt,simple,simple,simple,simple,تطابقت الأبعاد الثلاثة: حجم الدور بسيط، الترابط والتنظيم بسيط، الاختيار والتكيف بسيط.,false
HEALTH-038-OP003,HEALTH-038,مغادرة قسم الطوارئ,3,,,معتمد مبدئيًا,Pasted text (3)(5).txt,moderate,advanced,moderate,simple,حالة حدودية: اختلفت الأبعاد الثلاثة (حجم الدور متقدم، الترابط والتنظيم متوسط، الاختيار والتكيف بسيط)، واعتُمد المستوى المتوسط للمراجعة.,true
HEALTH-039-OP001,HEALTH-039,التوجه للغرفة المخصصة,1,,,معتمد مبدئيًا,Pasted text (3)(5).txt,simple,simple,moderate,simple,اعتُمد مستوى بُعدين من ثلاثة: حجم الدور بسيط، الترابط والتنظيم متوسط، الاختيار والتكيف بسيط.,false
HEALTH-039-OP002,HEALTH-039,ارتداء ملابس المستشفى,2,,,معتمد مبدئيًا,Pasted text (3)(5).txt,simple,simple,simple,simple,تطابقت الأبعاد الثلاثة: حجم الدور بسيط، الترابط والتنظيم بسيط، الاختيار والتكيف بسيط.,false
HEALTH-040-OP001,HEALTH-040,إجراء التحاليل المطلوبة,1,,,معتمد مبدئيًا,Pasted text (3)(5).txt,simple,simple,simple,simple,تطابقت الأبعاد الثلاثة: حجم الدور بسيط، الترابط والتنظيم بسيط، الاختيار والتكيف بسيط.,false
HEALTH-040-OP002,HEALTH-040,مقابلة طبيب التخدير,2,,,معتمد مبدئيًا,Pasted text (3)(5).txt,simple,simple,moderate,simple,اعتُمد مستوى بُعدين من ثلاثة: حجم الدور بسيط، الترابط والتنظيم متوسط، الاختيار والتكيف بسيط.,false
HEALTH-041-OP001,HEALTH-041,التوجه للمستشفى في الوقت المحدد,1,,,معتمد مبدئيًا,Pasted text (3)(5).txt,simple,moderate,simple,simple,اعتُمد مستوى بُعدين من ثلاثة: حجم الدور متوسط، الترابط والتنظيم بسيط، الاختيار والتكيف بسيط.,false
HEALTH-041-OP002,HEALTH-041,تسليم الأغراض الشخصية للمرافق,2,,,معتمد مبدئيًا,Pasted text (3)(5).txt,simple,simple,moderate,simple,اعتُمد مستوى بُعدين من ثلاثة: حجم الدور بسيط، الترابط والتنظيم متوسط، الاختيار والتكيف بسيط.,false
HEALTH-042-OP001,HEALTH-042,الانتظار في غرفة الإفاقة,1,,,معتمد مبدئيًا,Pasted text (3)(5).txt,moderate,moderate,moderate,simple,اعتُمد مستوى بُعدين من ثلاثة: حجم الدور متوسط، الترابط والتنظيم متوسط، الاختيار والتكيف بسيط.,false
HEALTH-042-OP002,HEALTH-042,التنفس بعمق حسب التوجيهات,2,,,معتمد مبدئيًا,Pasted text (3)(5).txt,moderate,moderate,simple,moderate,اعتُمد مستوى بُعدين من ثلاثة: حجم الدور متوسط، الترابط والتنظيم بسيط، الاختيار والتكيف متوسط.,false
HEALTH-043-OP001,HEALTH-043,جمع الأغراض الشخصية,1,,,معتمد مبدئيًا,Pasted text (3)(5).txt,simple,simple,moderate,simple,اعتُمد مستوى بُعدين من ثلاثة: حجم الدور بسيط، الترابط والتنظيم متوسط، الاختيار والتكيف بسيط.,false
HEALTH-043-OP002,HEALTH-043,استلام أوراق الخروج,2,,,معتمد مبدئيًا,Pasted text (3)(5).txt,simple,simple,simple,simple,تطابقت الأبعاد الثلاثة: حجم الدور بسيط، الترابط والتنظيم بسيط، الاختيار والتكيف بسيط.,false
HEALTH-043-OP003,HEALTH-043,التوجه للسيارة للعودة,3,,,معتمد مبدئيًا,Pasted text (3)(5).txt,simple,simple,moderate,simple,اعتُمد مستوى بُعدين من ثلاثة: حجم الدور بسيط، الترابط والتنظيم متوسط، الاختيار والتكيف بسيط.,false
HEALTH-044-OP001,HEALTH-044,الذهاب لموعد المراجعة,1,,,معتمد مبدئيًا,Pasted text (3)(5).txt,simple,advanced,simple,simple,اعتُمد مستوى بُعدين من ثلاثة: حجم الدور متقدم، الترابط والتنظيم بسيط، الاختيار والتكيف بسيط.,false
HEALTH-044-OP002,HEALTH-044,كشف مكان الجرح للطبيب,2,,,معتمد مبدئيًا,Pasted text (3)(5).txt,simple,moderate,simple,simple,اعتُمد مستوى بُعدين من ثلاثة: حجم الدور متوسط، الترابط والتنظيم بسيط، الاختيار والتكيف بسيط.,false
HEALTH-045-OP001,HEALTH-045,تجهيز أدوات الغيار (شاش، معقم),1,,,معتمد مبدئيًا,Pasted text (3)(5).txt,moderate,moderate,moderate,simple,اعتُمد مستوى بُعدين من ثلاثة: حجم الدور متوسط، الترابط والتنظيم متوسط، الاختيار والتكيف بسيط.,false
HEALTH-045-OP002,HEALTH-045,التخلص من الضماد القديم في سلة المهملات,2,,,معتمد مبدئيًا,Pasted text (3)(5).txt,moderate,advanced,moderate,simple,حالة حدودية: اختلفت الأبعاد الثلاثة (حجم الدور متقدم، الترابط والتنظيم متوسط، الاختيار والتكيف بسيط)، واعتُمد المستوى المتوسط للمراجعة.,true
HEALTH-046-OP001,HEALTH-046,التوجه للعيادة لإزالة الغرز,1,,,معتمد مبدئيًا,Pasted text (3)(5).txt,moderate,moderate,moderate,simple,اعتُمد مستوى بُعدين من ثلاثة: حجم الدور متوسط، الترابط والتنظيم متوسط، الاختيار والتكيف بسيط.,false
HEALTH-046-OP002,HEALTH-046,الثبات أثناء عملية الإزالة,2,,,معتمد مبدئيًا,Pasted text (3)(5).txt,moderate,moderate,moderate,simple,اعتُمد مستوى بُعدين من ثلاثة: حجم الدور متوسط، الترابط والتنظيم متوسط، الاختيار والتكيف بسيط.,false
HEALTH-047-OP001,HEALTH-047,التوجه لغرفة الإجراء الطبي,1,,,معتمد مبدئيًا,Pasted text (3)(5).txt,moderate,moderate,moderate,simple,اعتُمد مستوى بُعدين من ثلاثة: حجم الدور متوسط، الترابط والتنظيم متوسط، الاختيار والتكيف بسيط.,false
HEALTH-047-OP002,HEALTH-047,الثبات التام أثناء أخذ العينة,2,,,معتمد مبدئيًا,Pasted text (3)(5).txt,moderate,moderate,moderate,simple,اعتُمد مستوى بُعدين من ثلاثة: حجم الدور متوسط، الترابط والتنظيم متوسط، الاختيار والتكيف بسيط.,false
HEALTH-048-OP001,HEALTH-048,الجلوس على كرسي نقل الدم,1,,,معتمد مبدئيًا,Pasted text (3)(5).txt,moderate,simple,moderate,moderate,اعتُمد مستوى بُعدين من ثلاثة: حجم الدور بسيط، الترابط والتنظيم متوسط، الاختيار والتكيف متوسط.,false
HEALTH-048-OP002,HEALTH-048,الانتظار حتى انتهاء كيس الدم,2,,,معتمد مبدئيًا,Pasted text (3)(5).txt,moderate,moderate,moderate,simple,اعتُمد مستوى بُعدين من ثلاثة: حجم الدور متوسط، الترابط والتنظيم متوسط، الاختيار والتكيف بسيط.,false
HEALTH-049-OP001,HEALTH-049,التوجه لمركز الغسيل,1,,,معتمد مبدئيًا,Pasted text (3)(5).txt,simple,simple,moderate,simple,اعتُمد مستوى بُعدين من ثلاثة: حجم الدور بسيط، الترابط والتنظيم متوسط، الاختيار والتكيف بسيط.,false
HEALTH-049-OP002,HEALTH-049,الجلوس في المكان المخصص لانتهاء الجلسة,2,,,معتمد مبدئيًا,Pasted text (3)(5).txt,moderate,advanced,moderate,simple,حالة حدودية: اختلفت الأبعاد الثلاثة (حجم الدور متقدم، الترابط والتنظيم متوسط، الاختيار والتكيف بسيط)، واعتُمد المستوى المتوسط للمراجعة.,true
HEALTH-050-OP001,HEALTH-050,التوجه لمركز العلاج,1,,,معتمد مبدئيًا,Pasted text (3)(5).txt,simple,simple,moderate,simple,اعتُمد مستوى بُعدين من ثلاثة: حجم الدور بسيط، الترابط والتنظيم متوسط، الاختيار والتكيف بسيط.,false
HEALTH-050-OP002,HEALTH-050,الانتظار خلال فترة الجلسة,2,,,معتمد مبدئيًا,Pasted text (3)(5).txt,moderate,moderate,moderate,simple,اعتُمد مستوى بُعدين من ثلاثة: حجم الدور متوسط، الترابط والتنظيم متوسط، الاختيار والتكيف بسيط.,false
HEALTH-051-OP001,HEALTH-051,تسجيل الوجبات السابقة,1,,,معتمد مبدئيًا,Pasted text (3)(5).txt,simple,advanced,simple,simple,اعتُمد مستوى بُعدين من ثلاثة: حجم الدور متقدم، الترابط والتنظيم بسيط، الاختيار والتكيف بسيط.,false
HEALTH-051-OP002,HEALTH-051,مناقشة الأخصائي حول النظام الغذائي,2,,,معتمد مبدئيًا,Pasted text (3)(5).txt,moderate,moderate,moderate,simple,اعتُمد مستوى بُعدين من ثلاثة: حجم الدور متوسط، الترابط والتنظيم متوسط، الاختيار والتكيف بسيط.,false
HEALTH-052-OP001,HEALTH-052,خلع الحذاء والجوارب للفحص,1,,,معتمد مبدئيًا,Pasted text (3)(5).txt,moderate,moderate,moderate,simple,اعتُمد مستوى بُعدين من ثلاثة: حجم الدور متوسط، الترابط والتنظيم متوسط، الاختيار والتكيف بسيط.,false
HEALTH-052-OP002,HEALTH-052,عرض القدمين على الطبيب,2,,,معتمد مبدئيًا,Pasted text (3)(5).txt,moderate,moderate,moderate,simple,اعتُمد مستوى بُعدين من ثلاثة: حجم الدور متوسط، الترابط والتنظيم متوسط، الاختيار والتكيف بسيط.,false
HEALTH-053-OP001,HEALTH-053,الذهاب للمختبر,1,,,معتمد مبدئيًا,Pasted text (3)(5).txt,simple,simple,moderate,simple,اعتُمد مستوى بُعدين من ثلاثة: حجم الدور بسيط، الترابط والتنظيم متوسط، الاختيار والتكيف بسيط.,false
HEALTH-053-OP002,HEALTH-053,سحب عينة الدم,2,,,معتمد مبدئيًا,Pasted text (3)(5).txt,simple,simple,moderate,simple,اعتُمد مستوى بُعدين من ثلاثة: حجم الدور بسيط، الترابط والتنظيم متوسط، الاختيار والتكيف بسيط.,false
HEALTH-054-OP001,HEALTH-054,سحب عينة الدم المطلوبة,1,,,معتمد مبدئيًا,Pasted text (3)(5).txt,moderate,moderate,moderate,simple,اعتُمد مستوى بُعدين من ثلاثة: حجم الدور متوسط، الترابط والتنظيم متوسط، الاختيار والتكيف بسيط.,false
HEALTH-054-OP002,HEALTH-054,استلام النتائج لاحقاً,2,,,معتمد مبدئيًا,Pasted text (3)(5).txt,simple,simple,moderate,simple,اعتُمد مستوى بُعدين من ثلاثة: حجم الدور بسيط، الترابط والتنظيم متوسط، الاختيار والتكيف بسيط.,false
HEALTH-055-OP001,HEALTH-055,سحب عينة الدم في الوقت المحدد,1,,,معتمد مبدئيًا,Pasted text (3)(5).txt,advanced,advanced,advanced,simple,اعتُمد مستوى بُعدين من ثلاثة: حجم الدور متقدم، الترابط والتنظيم متقدم، الاختيار والتكيف بسيط.,false
HEALTH-056-OP001,HEALTH-056,كشف الذراع أو الظهر لإجراء الفحص,1,,,معتمد مبدئيًا,Pasted text (3)(5).txt,simple,moderate,simple,simple,اعتُمد مستوى بُعدين من ثلاثة: حجم الدور متوسط، الترابط والتنظيم بسيط، الاختيار والتكيف بسيط.,false
HEALTH-056-OP002,HEALTH-056,الانتظار لملاحظة تفاعل الجلد,2,,,معتمد مبدئيًا,Pasted text (3)(5).txt,moderate,moderate,moderate,simple,اعتُمد مستوى بُعدين من ثلاثة: حجم الدور متوسط، الترابط والتنظيم متوسط، الاختيار والتكيف بسيط.,false
HEALTH-057-OP001,HEALTH-057,سحب عينة الدم للمختبر,1,,,معتمد مبدئيًا,Pasted text (3)(5).txt,moderate,moderate,moderate,simple,اعتُمد مستوى بُعدين من ثلاثة: حجم الدور متوسط، الترابط والتنظيم متوسط، الاختيار والتكيف بسيط.,false
HEALTH-058-OP001,HEALTH-058,التوجه لمركز تخطيط النوم,1,,,معتمد مبدئيًا,Pasted text (3)(5).txt,moderate,advanced,moderate,simple,حالة حدودية: اختلفت الأبعاد الثلاثة (حجم الدور متقدم، الترابط والتنظيم متوسط، الاختيار والتكيف بسيط)، واعتُمد المستوى المتوسط للمراجعة.,true
HEALTH-058-OP002,HEALTH-058,السماح بتوصيل أجهزة القياس قبل النوم,2,,,معتمد مبدئيًا,Pasted text (3)(5).txt,moderate,moderate,moderate,simple,اعتُمد مستوى بُعدين من ثلاثة: حجم الدور متوسط، الترابط والتنظيم متوسط، الاختيار والتكيف بسيط.,false
HEALTH-059-OP001,HEALTH-059,عرض الشامة أو العلامة لطبيب الجلدية,1,,,معتمد مبدئيًا,Pasted text (3)(5).txt,moderate,advanced,moderate,simple,حالة حدودية: اختلفت الأبعاد الثلاثة (حجم الدور متقدم، الترابط والتنظيم متوسط، الاختيار والتكيف بسيط)، واعتُمد المستوى المتوسط للمراجعة.,true
HEALTH-060-OP001,HEALTH-060,مرافقة الطفل للعيادة,1,,,معتمد مبدئيًا,Pasted text (3)(5).txt,simple,simple,moderate,simple,اعتُمد مستوى بُعدين من ثلاثة: حجم الدور بسيط، الترابط والتنظيم متوسط، الاختيار والتكيف بسيط.,false
HEALTH-060-OP002,HEALTH-060,تشجيع الطفل على فتح فمه للفحص,2,,,معتمد مبدئيًا,Pasted text (3)(5).txt,moderate,moderate,moderate,simple,اعتُمد مستوى بُعدين من ثلاثة: حجم الدور متوسط، الترابط والتنظيم متوسط، الاختيار والتكيف بسيط.,false
HEALTH-061-OP001,HEALTH-061,الجلوس على كرسي الأسنان لتعديل السلك,1,,,معتمد مبدئيًا,Pasted text (3)(5).txt,advanced,advanced,advanced,advanced,تطابقت الأبعاد الثلاثة: حجم الدور متقدم، الترابط والتنظيم متقدم، الاختيار والتكيف متقدم.,false
HEALTH-062-OP001,HEALTH-062,مرافقة الطفل لعيادة العيون,1,,,معتمد مبدئيًا,Pasted text (3)(5).txt,moderate,moderate,moderate,simple,اعتُمد مستوى بُعدين من ثلاثة: حجم الدور متوسط، الترابط والتنظيم متوسط، الاختيار والتكيف بسيط.,false
HEALTH-062-OP002,HEALTH-062,مساعدة الطفل في تغطية إحدى العينين للفحص,2,,,معتمد مبدئيًا,Pasted text (3)(5).txt,simple,moderate,simple,simple,اعتُمد مستوى بُعدين من ثلاثة: حجم الدور متوسط، الترابط والتنظيم بسيط، الاختيار والتكيف بسيط.,false
HEALTH-063-OP001,HEALTH-063,مرافقة الرضيع لإجراء الفحص,1,,,معتمد مبدئيًا,Pasted text (3)(5).txt,moderate,moderate,moderate,simple,اعتُمد مستوى بُعدين من ثلاثة: حجم الدور متوسط، الترابط والتنظيم متوسط، الاختيار والتكيف بسيط.,false
HEALTH-064-OP001,HEALTH-064,التوجه للمركز لإجراء تحاليل الدم المطلوبة,1,,,معتمد مبدئيًا,Pasted text (3)(5).txt,moderate,advanced,moderate,simple,حالة حدودية: اختلفت الأبعاد الثلاثة (حجم الدور متقدم، الترابط والتنظيم متوسط، الاختيار والتكيف بسيط)، واعتُمد المستوى المتوسط للمراجعة.,true
HEALTH-065-OP001,HEALTH-065,مرافقة المريضة لعيادة النساء,1,,,معتمد مبدئيًا,Pasted text (3)(5).txt,moderate,moderate,moderate,simple,اعتُمد مستوى بُعدين من ثلاثة: حجم الدور متوسط، الترابط والتنظيم متوسط، الاختيار والتكيف بسيط.,false
HEALTH-066-OP001,HEALTH-066,حضور الفحص لمشاهدة السونار,1,,,معتمد مبدئيًا,Pasted text (3)(5).txt,moderate,moderate,moderate,simple,اعتُمد مستوى بُعدين من ثلاثة: حجم الدور متوسط، الترابط والتنظيم متوسط، الاختيار والتكيف بسيط.,false
HEALTH-067-OP001,HEALTH-067,حجز الموعد الدوري,1,,,معتمد مبدئيًا,Pasted text (3)(5).txt,moderate,advanced,moderate,simple,حالة حدودية: اختلفت الأبعاد الثلاثة (حجم الدور متقدم، الترابط والتنظيم متوسط، الاختيار والتكيف بسيط)، واعتُمد المستوى المتوسط للمراجعة.,true
HEALTH-068-OP001,HEALTH-068,حجز الموعد وإجراء الفحص بالعيادة,1,,,معتمد مبدئيًا,Pasted text (3)(5).txt,moderate,advanced,moderate,simple,حالة حدودية: اختلفت الأبعاد الثلاثة (حجم الدور متقدم، الترابط والتنظيم متوسط، الاختيار والتكيف بسيط)، واعتُمد المستوى المتوسط للمراجعة.,true
HEALTH-069-OP001,HEALTH-069,التوجه لمركز الأشعة للفحص,1,,,معتمد مبدئيًا,Pasted text (3)(5).txt,simple,moderate,simple,simple,اعتُمد مستوى بُعدين من ثلاثة: حجم الدور متوسط، الترابط والتنظيم بسيط، الاختيار والتكيف بسيط.,false
HEALTH-070-OP001,HEALTH-070,إجراء تحليل الدم الخاص بالفحص,1,,,معتمد مبدئيًا,Pasted text (3)(5).txt,moderate,advanced,moderate,simple,حالة حدودية: اختلفت الأبعاد الثلاثة (حجم الدور متقدم، الترابط والتنظيم متوسط، الاختيار والتكيف بسيط)، واعتُمد المستوى المتوسط للمراجعة.,true
HEALTH-071-OP001,HEALTH-071,تناول المحلول التحضيري قبل الموعد,1,,,معتمد مبدئيًا,Pasted text (3)(5).txt,simple,advanced,simple,simple,اعتُمد مستوى بُعدين من ثلاثة: حجم الدور متقدم، الترابط والتنظيم بسيط، الاختيار والتكيف بسيط.,false
HEALTH-071-OP002,HEALTH-071,الذهاب للمستشفى لإجراء المنظار,2,,,معتمد مبدئيًا,Pasted text (3)(5).txt,simple,moderate,simple,simple,اعتُمد مستوى بُعدين من ثلاثة: حجم الدور متوسط، الترابط والتنظيم بسيط، الاختيار والتكيف بسيط.,false
HEALTH-072-OP001,HEALTH-072,النفخ بقوة في الجهاز المخصص للقياس,1,,,معتمد مبدئيًا,Pasted text (3)(5).txt,moderate,moderate,moderate,simple,اعتُمد مستوى بُعدين من ثلاثة: حجم الدور متوسط، الترابط والتنظيم متوسط، الاختيار والتكيف بسيط.,false
HEALTH-073-OP001,HEALTH-073,الاستلقاء على جهاز الأشعة لإجراء الفحص,1,,,معتمد مبدئيًا,Pasted text (3)(5).txt,moderate,moderate,moderate,simple,اعتُمد مستوى بُعدين من ثلاثة: حجم الدور متوسط، الترابط والتنظيم متوسط، الاختيار والتكيف بسيط.,false
HEALTH-074-OP001,HEALTH-074,الاستلقاء أثناء تمرير جهاز السونار على المنطقة المحددة,1,,,معتمد مبدئيًا,Pasted text (3)(5).txt,moderate,advanced,moderate,simple,حالة حدودية: اختلفت الأبعاد الثلاثة (حجم الدور متقدم، الترابط والتنظيم متوسط، الاختيار والتكيف بسيط)، واعتُمد المستوى المتوسط للمراجعة.,true
HEALTH-075-OP001,HEALTH-075,السماح بتوصيل الأسلاك بالرأس للفحص,1,,,معتمد مبدئيًا,Pasted text (3)(5).txt,moderate,moderate,moderate,simple,اعتُمد مستوى بُعدين من ثلاثة: حجم الدور متوسط، الترابط والتنظيم متوسط، الاختيار والتكيف بسيط.,false
HEALTH-076-OP001,HEALTH-076,تحمل إجراء الفحص بجهاز التخطيط,1,,,معتمد مبدئيًا,Pasted text (3)(5).txt,moderate,advanced,moderate,simple,حالة حدودية: اختلفت الأبعاد الثلاثة (حجم الدور متقدم، الترابط والتنظيم متوسط، الاختيار والتكيف بسيط)، واعتُمد المستوى المتوسط للمراجعة.,true
HEALTH-077-OP001,HEALTH-077,النظر في جهاز فحص ضغط العين,1,,,معتمد مبدئيًا,Pasted text (3)(5).txt,moderate,moderate,moderate,simple,اعتُمد مستوى بُعدين من ثلاثة: حجم الدور متوسط، الترابط والتنظيم متوسط، الاختيار والتكيف بسيط.,false
HEALTH-078-OP001,HEALTH-078,الضغط على الزر عند رؤية الضوء الوامض في الجهاز,1,,,معتمد مبدئيًا,Pasted text (3)(5).txt,simple,simple,moderate,simple,اعتُمد مستوى بُعدين من ثلاثة: حجم الدور بسيط، الترابط والتنظيم متوسط، الاختيار والتكيف بسيط.,false
HEALTH-079-OP001,HEALTH-079,النظر عبر العدسات المختلفة لاختيار الأوضح,1,,,معتمد مبدئيًا,Pasted text (3)(5).txt,moderate,moderate,moderate,advanced,اعتُمد مستوى بُعدين من ثلاثة: حجم الدور متوسط، الترابط والتنظيم متوسط، الاختيار والتكيف متقدم.,false
HEALTH-080-OP001,HEALTH-080,استلام العدسات من الطبيب,1,,,معتمد مبدئيًا,Pasted text (3)(5).txt,simple,simple,simple,simple,تطابقت الأبعاد الثلاثة: حجم الدور بسيط، الترابط والتنظيم بسيط، الاختيار والتكيف بسيط.,false
HEALTH-080-OP002,HEALTH-080,التدرب على وضعها وإزالتها,2,,,معتمد مبدئيًا,Pasted text (3)(5).txt,simple,simple,simple,simple,تطابقت الأبعاد الثلاثة: حجم الدور بسيط، الترابط والتنظيم بسيط، الاختيار والتكيف بسيط.,false
HEALTH-081-OP001,HEALTH-081,زيارة العيادة للفحص الدوري,1,,,معتمد مبدئيًا,Pasted text (3)(5).txt,simple,advanced,simple,simple,اعتُمد مستوى بُعدين من ثلاثة: حجم الدور متقدم، الترابط والتنظيم بسيط، الاختيار والتكيف بسيط.,false
HEALTH-082-OP001,HEALTH-082,طلب الدواء (كالمسكن) من الصيدلي,1,,,معتمد مبدئيًا,Pasted text (3)(5).txt,moderate,advanced,moderate,simple,حالة حدودية: اختلفت الأبعاد الثلاثة (حجم الدور متقدم، الترابط والتنظيم متوسط، الاختيار والتكيف بسيط)، واعتُمد المستوى المتوسط للمراجعة.,true
HEALTH-082-OP002,HEALTH-082,دفع قيمة الدواء,2,,,معتمد مبدئيًا,Pasted text (3)(5).txt,simple,advanced,simple,simple,اعتُمد مستوى بُعدين من ثلاثة: حجم الدور متقدم، الترابط والتنظيم بسيط، الاختيار والتكيف بسيط.,false
HEALTH-083-OP001,HEALTH-083,توجيه السؤال للصيدلي عن كيفية الاستخدام,1,,,معتمد مبدئيًا,Pasted text (3)(5).txt,simple,moderate,simple,simple,اعتُمد مستوى بُعدين من ثلاثة: حجم الدور متوسط، الترابط والتنظيم بسيط، الاختيار والتكيف بسيط.,false
HEALTH-084-OP001,HEALTH-084,تقديم طلب صرف الدواء المعتاد للصيدلية,1,,,معتمد مبدئيًا,Pasted text (3)(5).txt,moderate,advanced,moderate,simple,حالة حدودية: اختلفت الأبعاد الثلاثة (حجم الدور متقدم، الترابط والتنظيم متوسط، الاختيار والتكيف بسيط)، واعتُمد المستوى المتوسط للمراجعة.,true
HEALTH-085-OP001,HEALTH-085,تدوين الملاحظات حول الأعراض الجديدة,1,,,معتمد مبدئيًا,Pasted text (3)(5).txt,simple,moderate,simple,simple,اعتُمد مستوى بُعدين من ثلاثة: حجم الدور متوسط، الترابط والتنظيم بسيط، الاختيار والتكيف بسيط.,false
HEALTH-086-OP001,HEALTH-086,زيارة الطبيب لمناقشة تعديل الجرعة,1,,,معتمد مبدئيًا,Pasted text (3)(5).txt,moderate,advanced,moderate,moderate,اعتُمد مستوى بُعدين من ثلاثة: حجم الدور متقدم، الترابط والتنظيم متوسط، الاختيار والتكيف متوسط.,false
HEALTH-087-OP001,HEALTH-087,الذهاب للمركز لتلقي لقاح الإنفلونزا مثلاً,1,,,معتمد مبدئيًا,Pasted text (3)(5).txt,moderate,advanced,moderate,simple,حالة حدودية: اختلفت الأبعاد الثلاثة (حجم الدور متقدم، الترابط والتنظيم متوسط، الاختيار والتكيف بسيط)، واعتُمد المستوى المتوسط للمراجعة.,true
HEALTH-088-OP001,HEALTH-088,مرافقة الطفل لعيادة التطعيم,1,,,معتمد مبدئيًا,Pasted text (3)(5).txt,moderate,moderate,moderate,simple,اعتُمد مستوى بُعدين من ثلاثة: حجم الدور متوسط، الترابط والتنظيم متوسط، الاختيار والتكيف بسيط.,false
HEALTH-089-OP001,HEALTH-089,تجهيز دفتر التطعيمات الخاص بالطفل للزيارة,1,,,معتمد مبدئيًا,Pasted text (3)(5).txt,moderate,advanced,moderate,simple,حالة حدودية: اختلفت الأبعاد الثلاثة (حجم الدور متقدم، الترابط والتنظيم متوسط، الاختيار والتكيف بسيط)، واعتُمد المستوى المتوسط للمراجعة.,true
HEALTH-090-OP001,HEALTH-090,أخذ اللقاحات المحددة قبل موعد السفر,1,,,معتمد مبدئيًا,Pasted text (3)(5).txt,moderate,advanced,moderate,simple,حالة حدودية: اختلفت الأبعاد الثلاثة (حجم الدور متقدم، الترابط والتنظيم متوسط، الاختيار والتكيف بسيط)، واعتُمد المستوى المتوسط للمراجعة.,true
HEALTH-091-OP001,HEALTH-091,إجراء الفحوصات الطبية المحددة من شركة التأمين,1,,,معتمد مبدئيًا,Pasted text (3)(5).txt,moderate,advanced,moderate,simple,حالة حدودية: اختلفت الأبعاد الثلاثة (حجم الدور متقدم، الترابط والتنظيم متوسط، الاختيار والتكيف بسيط)، واعتُمد المستوى المتوسط للمراجعة.,true
HEALTH-092-OP001,HEALTH-092,إحضار استمارة الفحص الرياضي للطبيب لتعبئتها,1,,,معتمد مبدئيًا,Pasted text (3)(5).txt,moderate,moderate,moderate,simple,اعتُمد مستوى بُعدين من ثلاثة: حجم الدور متوسط، الترابط والتنظيم متوسط، الاختيار والتكيف بسيط.,false
HEALTH-093-OP001,HEALTH-093,التوجه للعيادة للكشف على مكان الإصابة,1,,,معتمد مبدئيًا,Pasted text (3)(5).txt,moderate,advanced,moderate,simple,حالة حدودية: اختلفت الأبعاد الثلاثة (حجم الدور متقدم، الترابط والتنظيم متوسط، الاختيار والتكيف بسيط)، واعتُمد المستوى المتوسط للمراجعة.,true
HEALTH-094-OP001,HEALTH-094,الاتصال بخدمة الرعاية المنزلية لطلب الزيارة,1,,,معتمد مبدئيًا,Pasted text (3)(5).txt,moderate,advanced,moderate,simple,حالة حدودية: اختلفت الأبعاد الثلاثة (حجم الدور متقدم، الترابط والتنظيم متوسط، الاختيار والتكيف بسيط)، واعتُمد المستوى المتوسط للمراجعة.,true
HEALTH-095-OP001,HEALTH-095,الاتصال برقم الطوارئ وتحديد الموقع بدقة,1,,,معتمد مبدئيًا,Pasted text (3)(5).txt,advanced,advanced,moderate,advanced,اعتُمد مستوى بُعدين من ثلاثة: حجم الدور متقدم، الترابط والتنظيم متوسط، الاختيار والتكيف متقدم.,false
HEALTH-096-OP001,HEALTH-096,إحضار حقيبة الإسعافات الأولية,1,,,معتمد مبدئيًا,Pasted text (3)(5).txt,simple,simple,moderate,simple,اعتُمد مستوى بُعدين من ثلاثة: حجم الدور بسيط، الترابط والتنظيم متوسط، الاختيار والتكيف بسيط.,false
HEALTH-097-OP001,HEALTH-097,مساعدة المصاب للوصول للسيارة والتوجه للمستشفى,1,,,معتمد مبدئيًا,Pasted text (3)(5).txt,moderate,advanced,moderate,moderate,اعتُمد مستوى بُعدين من ثلاثة: حجم الدور متقدم، الترابط والتنظيم متوسط، الاختيار والتكيف متوسط.,false
HEALTH-098-OP001,HEALTH-098,إحضار ميزان الحرارة,1,,,معتمد مبدئيًا,Pasted text (3)(5).txt,simple,simple,moderate,simple,اعتُمد مستوى بُعدين من ثلاثة: حجم الدور بسيط، الترابط والتنظيم متوسط، الاختيار والتكيف بسيط.,false
HEALTH-098-OP002,HEALTH-098,قياس الحرارة وقراءة النتيجة,2,,,معتمد مبدئيًا,Pasted text (3)(5).txt,moderate,moderate,advanced,simple,حالة حدودية: اختلفت الأبعاد الثلاثة (حجم الدور متوسط، الترابط والتنظيم متقدم، الاختيار والتكيف بسيط)، واعتُمد المستوى المتوسط للمراجعة.,true
HEALTH-099-OP001,HEALTH-099,وضع الأصابع على المعصم لعد النبض,1,,,معتمد مبدئيًا,Pasted text (3)(5).txt,simple,simple,moderate,simple,اعتُمد مستوى بُعدين من ثلاثة: حجم الدور بسيط، الترابط والتنظيم متوسط، الاختيار والتكيف بسيط.,false
HEALTH-100-OP001,HEALTH-100,وضع جهاز قياس الأكسجين في الإصبع,1,,,معتمد مبدئيًا,Pasted text (3)(5).txt,simple,moderate,simple,simple,اعتُمد مستوى بُعدين من ثلاثة: حجم الدور متوسط، الترابط والتنظيم بسيط، الاختيار والتكيف بسيط.,false
HEALTH-100-OP002,HEALTH-100,قراءة النسبة المعروضة,2,,,معتمد مبدئيًا,Pasted text (3)(5).txt,simple,simple,moderate,simple,اعتُمد مستوى بُعدين من ثلاثة: حجم الدور بسيط، الترابط والتنظيم متوسط، الاختيار والتكيف بسيط.,false
HEALTH-101-OP001,HEALTH-101,رج البخاخ قبل الاستخدام,1,,,معتمد مبدئيًا,Pasted text (3)(5).txt,moderate,moderate,moderate,simple,اعتُمد مستوى بُعدين من ثلاثة: حجم الدور متوسط، الترابط والتنظيم متوسط، الاختيار والتكيف بسيط.,false
HEALTH-101-OP002,HEALTH-101,استنشاق الجرعة المحددة,2,,,معتمد مبدئيًا,Pasted text (3)(5).txt,simple,simple,moderate,simple,اعتُمد مستوى بُعدين من ثلاثة: حجم الدور بسيط، الترابط والتنظيم متوسط، الاختيار والتكيف بسيط.,false
HEALTH-102-OP001,HEALTH-102,وضع الدواء في كأس الجهاز,1,,,معتمد مبدئيًا,Pasted text (3)(5).txt,moderate,simple,moderate,moderate,اعتُمد مستوى بُعدين من ثلاثة: حجم الدور بسيط، الترابط والتنظيم متوسط، الاختيار والتكيف متوسط.,false
HEALTH-102-OP002,HEALTH-102,ارتداء القناع وتشغيل الجهاز,2,,,معتمد مبدئيًا,Pasted text (3)(5).txt,moderate,moderate,moderate,simple,اعتُمد مستوى بُعدين من ثلاثة: حجم الدور متوسط، الترابط والتنظيم متوسط، الاختيار والتكيف بسيط.,false
HEALTH-103-OP001,HEALTH-103,التحكم بأزرار السرير لرفع أو خفض مسند الظهر,1,,,معتمد مبدئيًا,Pasted text (3)(5).txt,moderate,advanced,moderate,simple,حالة حدودية: اختلفت الأبعاد الثلاثة (حجم الدور متقدم، الترابط والتنظيم متوسط، الاختيار والتكيف بسيط)، واعتُمد المستوى المتوسط للمراجعة.,true
HEALTH-104-OP001,HEALTH-104,إحضار المشاية أو العكاز للاستخدام,1,,,معتمد مبدئيًا,Pasted text (3)(5).txt,simple,simple,moderate,simple,اعتُمد مستوى بُعدين من ثلاثة: حجم الدور بسيط، الترابط والتنظيم متوسط، الاختيار والتكيف بسيط.,false
HEALTH-105-OP001,HEALTH-105,ارتداء الضمادة الضاغطة أو الحمالة حسب التعليمات,1,,,معتمد مبدئيًا,Pasted text (3)(5).txt,simple,simple,simple,moderate,اعتُمد مستوى بُعدين من ثلاثة: حجم الدور بسيط، الترابط والتنظيم بسيط، الاختيار والتكيف متوسط.,false
HEALTH-106-OP001,HEALTH-106,إزالة اللاصق القديم,1,,,معتمد مبدئيًا,Pasted text (3)(5).txt,simple,simple,moderate,simple,اعتُمد مستوى بُعدين من ثلاثة: حجم الدور بسيط، الترابط والتنظيم متوسط، الاختيار والتكيف بسيط.,false
HEALTH-106-OP002,HEALTH-106,وضع اللاصق الجديد على الجرح,2,,,معتمد مبدئيًا,Pasted text (3)(5).txt,simple,simple,moderate,simple,اعتُمد مستوى بُعدين من ثلاثة: حجم الدور بسيط، الترابط والتنظيم متوسط، الاختيار والتكيف بسيط.,false
HEALTH-107-OP001,HEALTH-107,مسح الجرح بالمسحة الطبية أو المعقم,1,,,معتمد مبدئيًا,Pasted text (3)(5).txt,simple,simple,moderate,simple,اعتُمد مستوى بُعدين من ثلاثة: حجم الدور بسيط، الترابط والتنظيم متوسط، الاختيار والتكيف بسيط.,false
HEALTH-108-OP001,HEALTH-108,دهن المرهم برفق على المنطقة المطلوبة,1,,,معتمد مبدئيًا,Pasted text (3)(5).txt,moderate,advanced,moderate,simple,حالة حدودية: اختلفت الأبعاد الثلاثة (حجم الدور متقدم، الترابط والتنظيم متوسط، الاختيار والتكيف بسيط)، واعتُمد المستوى المتوسط للمراجعة.,true
HEALTH-109-OP001,HEALTH-109,إحضار الكمادة وتطبيقها على مكان الألم,1,,,معتمد مبدئيًا,Pasted text (3)(5).txt,simple,simple,moderate,simple,اعتُمد مستوى بُعدين من ثلاثة: حجم الدور بسيط، الترابط والتنظيم متوسط، الاختيار والتكيف بسيط.,false
HEALTH-110-OP001,HEALTH-110,تجهيز البساط الرياضي لأداء التمارين,1,,,معتمد مبدئيًا,Pasted text (3)(5).txt,moderate,moderate,moderate,simple,اعتُمد مستوى بُعدين من ثلاثة: حجم الدور متوسط، الترابط والتنظيم متوسط، الاختيار والتكيف بسيط.,false
HEALTH-111-OP001,HEALTH-111,النفخ في جهاز تمرين التنفس (Spirometer),1,,,معتمد مبدئيًا,Pasted text (3)(5).txt,moderate,advanced,moderate,simple,حالة حدودية: اختلفت الأبعاد الثلاثة (حجم الدور متقدم، الترابط والتنظيم متوسط، الاختيار والتكيف بسيط)، واعتُمد المستوى المتوسط للمراجعة.,true
HEALTH-112-OP001,HEALTH-112,استخدام شريط المقاومة أو الأوزان الخفيفة,1,,,معتمد مبدئيًا,Pasted text (3)(5).txt,moderate,advanced,moderate,simple,حالة حدودية: اختلفت الأبعاد الثلاثة (حجم الدور متقدم، الترابط والتنظيم متوسط، الاختيار والتكيف بسيط)، واعتُمد المستوى المتوسط للمراجعة.,true
HEALTH-113-OP001,HEALTH-113,الوقوف على سطح التوازن (أو ساق واحدة) لثوان معدودة,1,,,معتمد مبدئيًا,Pasted text (3)(5).txt,moderate,advanced,moderate,simple,حالة حدودية: اختلفت الأبعاد الثلاثة (حجم الدور متقدم، الترابط والتنظيم متوسط، الاختيار والتكيف بسيط)، واعتُمد المستوى المتوسط للمراجعة.,true
HEALTH-114-OP001,HEALTH-114,تدوين مستوى الألم من 1 إلى 10 في الدفتر,1,,,معتمد مبدئيًا,Pasted text (3)(5).txt,moderate,advanced,moderate,simple,حالة حدودية: اختلفت الأبعاد الثلاثة (حجم الدور متقدم، الترابط والتنظيم متوسط، الاختيار والتكيف بسيط)، واعتُمد المستوى المتوسط للمراجعة.,true
HEALTH-115-OP001,HEALTH-115,كتابة وقت الخلود للنوم ووقت الاستيقاظ,1,,,معتمد مبدئيًا,Pasted text (3)(5).txt,simple,advanced,simple,simple,اعتُمد مستوى بُعدين من ثلاثة: حجم الدور متقدم، الترابط والتنظيم بسيط، الاختيار والتكيف بسيط.,false
HEALTH-116-OP001,HEALTH-116,كتابة محتويات الوجبة في الدفتر أو التطبيق,1,,,معتمد مبدئيًا,Pasted text (3)(5).txt,moderate,advanced,moderate,simple,حالة حدودية: اختلفت الأبعاد الثلاثة (حجم الدور متقدم، الترابط والتنظيم متوسط، الاختيار والتكيف بسيط)، واعتُمد المستوى المتوسط للمراجعة.,true
HEALTH-117-OP001,HEALTH-117,وضع علامة في التقويم لتحديد أيام الدورة,1,,,معتمد مبدئيًا,Pasted text (3)(5).txt,moderate,moderate,simple,moderate,اعتُمد مستوى بُعدين من ثلاثة: حجم الدور متوسط، الترابط والتنظيم بسيط، الاختيار والتكيف متوسط.,false
HEALTH-118-OP001,HEALTH-118,تدوين موعد الزيارة القادمة للطبيب,1,,,معتمد مبدئيًا,Pasted text (3)(5).txt,simple,advanced,simple,simple,اعتُمد مستوى بُعدين من ثلاثة: حجم الدور متقدم، الترابط والتنظيم بسيط، الاختيار والتكيف بسيط.,false
HEALTH-119-OP001,HEALTH-119,تسجيل وزن وطول الطفل الجديد في الدفتر,1,,,معتمد مبدئيًا,Pasted text (3)(5).txt,simple,advanced,simple,simple,اعتُمد مستوى بُعدين من ثلاثة: حجم الدور متقدم، الترابط والتنظيم بسيط، الاختيار والتكيف بسيط.,false
HEALTH-120-OP001,HEALTH-120,مسح جهاز السكر أو الضغط بمنديل معقم,1,,,معتمد مبدئيًا,Pasted text (3)(5).txt,simple,simple,simple,simple,تطابقت الأبعاد الثلاثة: حجم الدور بسيط، الترابط والتنظيم بسيط، الاختيار والتكيف بسيط.,false
HEALTH-121-OP001,HEALTH-121,كتابة الرقم الذي ظهر على الجهاز في دفتر المتابعة,1,,,معتمد مبدئيًا,Pasted text (3)(5).txt,moderate,advanced,moderate,simple,حالة حدودية: اختلفت الأبعاد الثلاثة (حجم الدور متقدم، الترابط والتنظيم متوسط، الاختيار والتكيف بسيط)، واعتُمد المستوى المتوسط للمراجعة.,true
HEALTH-122-OP001,HEALTH-122,وضع الأدوية التي تحتاج تبريد في باب الثلاجة,1,,,معتمد مبدئيًا,Pasted text (3)(5).txt,simple,simple,moderate,simple,اعتُمد مستوى بُعدين من ثلاثة: حجم الدور بسيط، الترابط والتنظيم متوسط، الاختيار والتكيف بسيط.,false
HEALTH-123-OP001,HEALTH-123,جمع الأدوية المنتهية في كيس واحد للتخلص منها,1,,,معتمد مبدئيًا,Pasted text (3)(5).txt,moderate,moderate,moderate,simple,اعتُمد مستوى بُعدين من ثلاثة: حجم الدور متوسط، الترابط والتنظيم متوسط، الاختيار والتكيف بسيط.,false
HEALTH-124-OP001,HEALTH-124,تجهيز الحقيبة بالاحتياجات,1,,,معتمد مبدئيًا,Pasted text (3)(5).txt,moderate,moderate,moderate,simple,اعتُمد مستوى بُعدين من ثلاثة: حجم الدور متوسط، الترابط والتنظيم متوسط، الاختيار والتكيف بسيط.,false
HEALTH-124-OP002,HEALTH-124,حمل الحقيبة وتسليمها للمريض في المستشفى,2,,,معتمد مبدئيًا,Pasted text (3)(5).txt,simple,simple,moderate,simple,اعتُمد مستوى بُعدين من ثلاثة: حجم الدور بسيط، الترابط والتنظيم متوسط، الاختيار والتكيف بسيط.,false
HEALTH-125-OP001,HEALTH-125,مساعدة المريض في حمل حقيبته والخروج للسيارة,1,,,معتمد مبدئيًا,Pasted text (3)(5).txt,moderate,simple,moderate,moderate,اعتُمد مستوى بُعدين من ثلاثة: حجم الدور بسيط، الترابط والتنظيم متوسط، الاختيار والتكيف متوسط.,false
HEALTH-126-OP001,HEALTH-126,تجهيز السرير بالوسائد المريحة للمريض,1,,,معتمد مبدئيًا,Pasted text (3)(5).txt,moderate,moderate,moderate,simple,اعتُمد مستوى بُعدين من ثلاثة: حجم الدور متوسط، الترابط والتنظيم متوسط، الاختيار والتكيف بسيط.,false
HEALTH-127-OP001,HEALTH-127,إحضار صينية الطعام للمريض,1,,,معتمد مبدئيًا,Pasted text (3)(5).txt,simple,simple,moderate,simple,اعتُمد مستوى بُعدين من ثلاثة: حجم الدور بسيط، الترابط والتنظيم متوسط، الاختيار والتكيف بسيط.,false
HEALTH-127-OP002,HEALTH-127,مناولة كوب الماء مع الدواء,2,,,معتمد مبدئيًا,Pasted text (3)(5).txt,moderate,moderate,moderate,simple,اعتُمد مستوى بُعدين من ثلاثة: حجم الدور متوسط، الترابط والتنظيم متوسط، الاختيار والتكيف بسيط.,false
HEALTH-128-OP001,HEALTH-128,إسناد المريض للوقوف والمشي,1,,,معتمد مبدئيًا,Pasted text (3)(5).txt,moderate,moderate,moderate,advanced,اعتُمد مستوى بُعدين من ثلاثة: حجم الدور متوسط، الترابط والتنظيم متوسط، الاختيار والتكيف متقدم.,false
HEALTH-129-OP001,HEALTH-129,قياس درجة حرارة المريض بانتظام وتدوينها,1,,,معتمد مبدئيًا,Pasted text (3)(5).txt,moderate,moderate,moderate,simple,اعتُمد مستوى بُعدين من ثلاثة: حجم الدور متوسط، الترابط والتنظيم متوسط، الاختيار والتكيف بسيط.,false
HEALTH-130-OP001,HEALTH-130,التوجه للمستشفى في أوقات الزيارة للسلام على المريض,1,,,معتمد مبدئيًا,Pasted text (3)(5).txt,moderate,advanced,moderate,simple,حالة حدودية: اختلفت الأبعاد الثلاثة (حجم الدور متقدم، الترابط والتنظيم متوسط، الاختيار والتكيف بسيط)، واعتُمد المستوى المتوسط للمراجعة.,true
HEALTH-131-OP001,HEALTH-131,أخذ التقارير القديمة للطبيب الجديد,1,,,معتمد مبدئيًا,Pasted text (3)(5).txt,moderate,moderate,moderate,simple,اعتُمد مستوى بُعدين من ثلاثة: حجم الدور متوسط، الترابط والتنظيم متوسط، الاختيار والتكيف بسيط.,false
HEALTH-132-OP001,HEALTH-132,ترتيب الأوراق الطبية في الملف حسب التاريخ,1,,,معتمد مبدئيًا,Pasted text (3)(5).txt,moderate,moderate,moderate,moderate,تطابقت الأبعاد الثلاثة: حجم الدور متوسط، الترابط والتنظيم متوسط، الاختيار والتكيف متوسط.,false
HEALTH-133-OP001,HEALTH-133,إرفاق صورة الهوية الجديدة لتحديث بيانات التأمين,1,,,معتمد مبدئيًا,Pasted text (3)(5).txt,simple,moderate,simple,simple,اعتُمد مستوى بُعدين من ثلاثة: حجم الدور متوسط، الترابط والتنظيم بسيط، الاختيار والتكيف بسيط.,false
HEALTH-134-OP001,HEALTH-134,استلام بطاقة التأمين الجديدة بعد التجديد,1,,,معتمد مبدئيًا,Pasted text (3)(5).txt,simple,simple,moderate,simple,اعتُمد مستوى بُعدين من ثلاثة: حجم الدور بسيط، الترابط والتنظيم متوسط، الاختيار والتكيف بسيط.,false
HEALTH-135-OP001,HEALTH-135,دفع نسبة التحمل لموظف الاستقبال بالعيادة,1,,,معتمد مبدئيًا,Pasted text (3)(5).txt,simple,advanced,simple,simple,اعتُمد مستوى بُعدين من ثلاثة: حجم الدور متقدم، الترابط والتنظيم بسيط، الاختيار والتكيف بسيط.,false
HEALTH-136-OP001,HEALTH-136,طلب التقرير من الطبيب في نهاية الزيارة,1,,,معتمد مبدئيًا,Pasted text (3)(5).txt,simple,advanced,simple,simple,اعتُمد مستوى بُعدين من ثلاثة: حجم الدور متقدم، الترابط والتنظيم بسيط، الاختيار والتكيف بسيط.,false
HEALTH-137-OP001,HEALTH-137,طلب إجازة مرضية من الطبيب للتقديمها لجهة العمل,1,,,معتمد مبدئيًا,Pasted text (3)(5).txt,simple,advanced,simple,simple,اعتُمد مستوى بُعدين من ثلاثة: حجم الدور متقدم، الترابط والتنظيم بسيط، الاختيار والتكيف بسيط.,false
HEALTH-138-OP001,HEALTH-138,تقديم الإجازة المرضية لمسؤول الموارد البشرية أو شؤون الطلاب,1,,,معتمد مبدئيًا,Pasted text (3)(5).txt,simple,simple,moderate,simple,اعتُمد مستوى بُعدين من ثلاثة: حجم الدور بسيط، الترابط والتنظيم متوسط، الاختيار والتكيف بسيط.,false
HEALTH-139-OP001,HEALTH-139,إجراء مكالمة هاتفية أو إرسال رسالة للمدرسة للإبلاغ عن غياب الطفل,1,,,معتمد مبدئيًا,Pasted text (3)(5).txt,moderate,advanced,moderate,simple,حالة حدودية: اختلفت الأبعاد الثلاثة (حجم الدور متقدم، الترابط والتنظيم متوسط، الاختيار والتكيف بسيط)، واعتُمد المستوى المتوسط للمراجعة.,true
HOME-001-OP001,HOME-001,ترتيب السرير والمخدات.,1,,,بطاقة مشاركة مطلوبة,Pasted text (3)(3).txt,simple,moderate,simple,simple,اعتُمد مستوى بُعدين من ثلاثة: حجم الدور متوسط، الترابط والتنظيم بسيط، الاختيار والتكيف بسيط.,false
HOME-001-OP002,HOME-001,جمع الملابس المتناثرة.,2,,,بطاقة مشاركة مطلوبة,Pasted text (3)(3).txt,simple,simple,simple,simple,تطابقت الأبعاد الثلاثة: حجم الدور بسيط، الترابط والتنظيم بسيط، الاختيار والتكيف بسيط.,false
HOME-001-OP003,HOME-001,إعادة الأغراض الشخصية لأماكنها.,3,,,بطاقة مشاركة مطلوبة,Pasted text (3)(3).txt,moderate,moderate,moderate,simple,اعتُمد مستوى بُعدين من ثلاثة: حجم الدور متوسط، الترابط والتنظيم متوسط، الاختيار والتكيف بسيط.,false
HOME-001-OP004,HOME-001,إغلاق أو فتح الستائر.,4,,,بطاقة مشاركة مطلوبة,Pasted text (3)(3).txt,simple,simple,moderate,simple,اعتُمد مستوى بُعدين من ثلاثة: حجم الدور بسيط، الترابط والتنظيم متوسط، الاختيار والتكيف بسيط.,false
HOME-002-OP001,HOME-002,جمع الوسائد وتنسيقها.,1,,,بطاقة مشاركة مطلوبة,Pasted text (3)(3).txt,simple,advanced,simple,simple,اعتُمد مستوى بُعدين من ثلاثة: حجم الدور متقدم، الترابط والتنظيم بسيط، الاختيار والتكيف بسيط.,false
HOME-002-OP002,HOME-002,ترتيب الطاولة الوسطية.,2,,,بطاقة مشاركة مطلوبة,Pasted text (3)(3).txt,simple,moderate,simple,simple,اعتُمد مستوى بُعدين من ثلاثة: حجم الدور متوسط، الترابط والتنظيم بسيط، الاختيار والتكيف بسيط.,false
HOME-002-OP003,HOME-002,إعادة الأجهزة (أجهزة التحكم) إلى أماكنها.,3,,,بطاقة مشاركة مطلوبة,Pasted text (3)(3).txt,advanced,advanced,advanced,simple,اعتُمد مستوى بُعدين من ثلاثة: حجم الدور متقدم، الترابط والتنظيم متقدم، الاختيار والتكيف بسيط.,false
HOME-002-OP004,HOME-002,جمع الأكواب الفارغة.,4,,,بطاقة مشاركة مطلوبة,Pasted text (3)(3).txt,simple,simple,simple,simple,تطابقت الأبعاد الثلاثة: حجم الدور بسيط، الترابط والتنظيم بسيط، الاختيار والتكيف بسيط.,false
HOME-002-OP005,HOME-002,ترتيب المجلات أو الكتب.,5,,,بطاقة مشاركة مطلوبة,Pasted text (3)(3).txt,moderate,moderate,moderate,simple,اعتُمد مستوى بُعدين من ثلاثة: حجم الدور متوسط، الترابط والتنظيم متوسط، الاختيار والتكيف بسيط.,false
HOME-003-OP001,HOME-003,إحضار المكنسة وتجهيزها.,1,,,بطاقة مشاركة مطلوبة,Pasted text (3)(3).txt,simple,moderate,simple,simple,اعتُمد مستوى بُعدين من ثلاثة: حجم الدور متوسط، الترابط والتنظيم بسيط، الاختيار والتكيف بسيط.,false
HOME-003-OP002,HOME-003,توصيل القابس بالكهرباء.,2,,,بطاقة مشاركة مطلوبة,Pasted text (3)(3).txt,simple,simple,simple,simple,تطابقت الأبعاد الثلاثة: حجم الدور بسيط، الترابط والتنظيم بسيط، الاختيار والتكيف بسيط.,false
HOME-003-OP003,HOME-003,تمرير المكنسة في المساحات المفتوحة.,3,,,بطاقة مشاركة مطلوبة,Pasted text (3)(3).txt,moderate,moderate,moderate,simple,اعتُمد مستوى بُعدين من ثلاثة: حجم الدور متوسط، الترابط والتنظيم متوسط، الاختيار والتكيف بسيط.,false
HOME-003-OP004,HOME-003,تفريغ خزان المكنسة بعد الانتهاء.,4,,,بطاقة مشاركة مطلوبة,Pasted text (3)(3).txt,moderate,moderate,moderate,simple,اعتُمد مستوى بُعدين من ثلاثة: حجم الدور متوسط، الترابط والتنظيم متوسط، الاختيار والتكيف بسيط.,false
HOME-004-OP001,HOME-004,إحضار المكنسة والجاروف.,1,,,بطاقة مشاركة مطلوبة,Pasted text (3)(3).txt,simple,simple,simple,simple,تطابقت الأبعاد الثلاثة: حجم الدور بسيط، الترابط والتنظيم بسيط، الاختيار والتكيف بسيط.,false
HOME-004-OP002,HOME-004,تجميع الأتربة في مكان واحد.,2,,,بطاقة مشاركة مطلوبة,Pasted text (3)(3).txt,moderate,moderate,moderate,simple,اعتُمد مستوى بُعدين من ثلاثة: حجم الدور متوسط، الترابط والتنظيم متوسط، الاختيار والتكيف بسيط.,false
HOME-004-OP003,HOME-004,سحب الأتربة بالجاروف.,3,,,بطاقة مشاركة مطلوبة,Pasted text (3)(3).txt,simple,simple,simple,simple,تطابقت الأبعاد الثلاثة: حجم الدور بسيط، الترابط والتنظيم بسيط، الاختيار والتكيف بسيط.,false
HOME-004-OP004,HOME-004,تفريغ الجاروف في سلة المهملات.,4,,,بطاقة مشاركة مطلوبة,Pasted text (3)(3).txt,moderate,moderate,moderate,simple,اعتُمد مستوى بُعدين من ثلاثة: حجم الدور متوسط، الترابط والتنظيم متوسط، الاختيار والتكيف بسيط.,false
HOME-005-OP001,HOME-005,تعبئة الدلو بالماء.,1,,,بطاقة مشاركة مطلوبة,Pasted text (3)(3).txt,simple,moderate,simple,simple,اعتُمد مستوى بُعدين من ثلاثة: حجم الدور متوسط، الترابط والتنظيم بسيط، الاختيار والتكيف بسيط.,false
HOME-005-OP002,HOME-005,عصر الممسحة.,2,,,بطاقة مشاركة مطلوبة,Pasted text (3)(3).txt,simple,simple,simple,simple,تطابقت الأبعاد الثلاثة: حجم الدور بسيط، الترابط والتنظيم بسيط، الاختيار والتكيف بسيط.,false
HOME-005-OP003,HOME-005,تمرير الممسحة على الأرضية.,3,,,بطاقة مشاركة مطلوبة,Pasted text (3)(3).txt,simple,simple,moderate,simple,اعتُمد مستوى بُعدين من ثلاثة: حجم الدور بسيط، الترابط والتنظيم متوسط، الاختيار والتكيف بسيط.,false
HOME-005-OP004,HOME-005,تفريغ ماء الدلو بعد الانتهاء.,4,,,بطاقة مشاركة مطلوبة,Pasted text (3)(3).txt,moderate,moderate,moderate,simple,اعتُمد مستوى بُعدين من ثلاثة: حجم الدور متوسط، الترابط والتنظيم متوسط، الاختيار والتكيف بسيط.,false
HOME-006-OP001,HOME-006,جمع الأحذية المبعثرة.,1,,,بطاقة مشاركة مطلوبة,Pasted text (3)(3).txt,simple,simple,simple,simple,تطابقت الأبعاد الثلاثة: حجم الدور بسيط، الترابط والتنظيم بسيط، الاختيار والتكيف بسيط.,false
HOME-006-OP002,HOME-006,مطابقة أزواج الأحذية.,2,,,بطاقة مشاركة مطلوبة,Pasted text (3)(3).txt,simple,simple,simple,simple,تطابقت الأبعاد الثلاثة: حجم الدور بسيط، الترابط والتنظيم بسيط، الاختيار والتكيف بسيط.,false
HOME-006-OP003,HOME-006,ترتيب الأحذية على الرفوف المخصصة.,3,,,بطاقة مشاركة مطلوبة,Pasted text (3)(3).txt,moderate,moderate,moderate,simple,اعتُمد مستوى بُعدين من ثلاثة: حجم الدور متوسط، الترابط والتنظيم متوسط، الاختيار والتكيف بسيط.,false
HOME-007-OP001,HOME-007,جمع الكتب المتناثرة.,1,,,بطاقة مشاركة مطلوبة,Pasted text (3)(3).txt,simple,simple,simple,simple,تطابقت الأبعاد الثلاثة: حجم الدور بسيط، الترابط والتنظيم بسيط، الاختيار والتكيف بسيط.,false
HOME-007-OP002,HOME-007,مسح الغبار عن الرفوف.,2,,,بطاقة مشاركة مطلوبة,Pasted text (3)(3).txt,simple,simple,moderate,simple,اعتُمد مستوى بُعدين من ثلاثة: حجم الدور بسيط، الترابط والتنظيم متوسط، الاختيار والتكيف بسيط.,false
HOME-007-OP003,HOME-007,إعادة الكتب وتصفيفها بشكل عمودي.,3,,,بطاقة مشاركة مطلوبة,Pasted text (3)(3).txt,moderate,moderate,moderate,simple,اعتُمد مستوى بُعدين من ثلاثة: حجم الدور متوسط، الترابط والتنظيم متوسط، الاختيار والتكيف بسيط.,false
HOME-008-OP001,HOME-008,تجميع المحافظ والمفاتيح.,1,,,بطاقة مشاركة مطلوبة,Pasted text (3)(3).txt,simple,moderate,simple,simple,اعتُمد مستوى بُعدين من ثلاثة: حجم الدور متوسط، الترابط والتنظيم بسيط، الاختيار والتكيف بسيط.,false
HOME-008-OP002,HOME-008,وضع الأغراض في الأدراج أو السلال المخصصة.,2,,,بطاقة مشاركة مطلوبة,Pasted text (3)(3).txt,simple,simple,advanced,simple,اعتُمد مستوى بُعدين من ثلاثة: حجم الدور بسيط، الترابط والتنظيم متقدم، الاختيار والتكيف بسيط.,false
HOME-009-OP001,HOME-009,ربط كيس القمامة بإحكام.,1,,,بطاقة مشاركة مطلوبة,Pasted text (3)(3).txt,moderate,moderate,moderate,simple,اعتُمد مستوى بُعدين من ثلاثة: حجم الدور متوسط، الترابط والتنظيم متوسط، الاختيار والتكيف بسيط.,false
HOME-009-OP002,HOME-009,حمل الكيس إلى الخارج.,2,,,بطاقة مشاركة مطلوبة,Pasted text (3)(3).txt,moderate,moderate,moderate,simple,اعتُمد مستوى بُعدين من ثلاثة: حجم الدور متوسط، الترابط والتنظيم متوسط، الاختيار والتكيف بسيط.,false
HOME-009-OP003,HOME-009,وضع الكيس داخل الحاوية وإغلاقها.,3,,,بطاقة مشاركة مطلوبة,Pasted text (3)(3).txt,moderate,moderate,moderate,simple,اعتُمد مستوى بُعدين من ثلاثة: حجم الدور متوسط، الترابط والتنظيم متوسط، الاختيار والتكيف بسيط.,false
HOME-010-OP001,HOME-010,إخراج الكيس الممتلئ من السلة.,1,,,بطاقة مشاركة مطلوبة,Pasted text (3)(3).txt,moderate,moderate,moderate,simple,اعتُمد مستوى بُعدين من ثلاثة: حجم الدور متوسط، الترابط والتنظيم متوسط، الاختيار والتكيف بسيط.,false
HOME-010-OP002,HOME-010,إحضار لفة الأكياس الجديدة.,2,,,بطاقة مشاركة مطلوبة,Pasted text (3)(3).txt,moderate,moderate,moderate,simple,اعتُمد مستوى بُعدين من ثلاثة: حجم الدور متوسط، الترابط والتنظيم متوسط، الاختيار والتكيف بسيط.,false
HOME-010-OP003,HOME-010,تلبيس الكيس الجديد داخل السلة.,3,,,بطاقة مشاركة مطلوبة,Pasted text (3)(3).txt,moderate,moderate,moderate,simple,اعتُمد مستوى بُعدين من ثلاثة: حجم الدور متوسط، الترابط والتنظيم متوسط، الاختيار والتكيف بسيط.,false
HOME-011-OP001,HOME-011,رش سائل تلميع الزجاج.,1,,,بطاقة مشاركة مطلوبة,Pasted text (3)(3).txt,moderate,moderate,moderate,simple,اعتُمد مستوى بُعدين من ثلاثة: حجم الدور متوسط، الترابط والتنظيم متوسط، الاختيار والتكيف بسيط.,false
HOME-011-OP002,HOME-011,مسح الزجاج بفوطة أو أداة مسح.,2,,,بطاقة مشاركة مطلوبة,Pasted text (3)(3).txt,simple,simple,advanced,simple,اعتُمد مستوى بُعدين من ثلاثة: حجم الدور بسيط، الترابط والتنظيم متقدم، الاختيار والتكيف بسيط.,false
HOME-011-OP003,HOME-011,مسح إطارات النوافذ السفلية.,3,,,بطاقة مشاركة مطلوبة,Pasted text (3)(3).txt,simple,simple,moderate,simple,اعتُمد مستوى بُعدين من ثلاثة: حجم الدور بسيط، الترابط والتنظيم متوسط، الاختيار والتكيف بسيط.,false
HOME-012-OP001,HOME-012,ترتيب سجادة المدخل.,1,,,بطاقة مشاركة مطلوبة,Pasted text (3)(3).txt,simple,moderate,simple,simple,اعتُمد مستوى بُعدين من ثلاثة: حجم الدور متوسط، الترابط والتنظيم بسيط، الاختيار والتكيف بسيط.,false
HOME-012-OP002,HOME-012,تعليق المعاطف أو المظلات في أماكنها.,2,,,بطاقة مشاركة مطلوبة,Pasted text (3)(3).txt,advanced,advanced,advanced,simple,اعتُمد مستوى بُعدين من ثلاثة: حجم الدور متقدم، الترابط والتنظيم متقدم، الاختيار والتكيف بسيط.,false
HOME-012-OP003,HOME-012,مسح طاولة المدخل.,3,,,بطاقة مشاركة مطلوبة,Pasted text (3)(3).txt,simple,simple,simple,simple,تطابقت الأبعاد الثلاثة: حجم الدور بسيط، الترابط والتنظيم بسيط، الاختيار والتكيف بسيط.,false
HOME-013-OP001,HOME-013,تعبئة إبريق الري بالماء.,1,,,بطاقة مشاركة مطلوبة,Pasted text (3)(3).txt,moderate,moderate,moderate,simple,اعتُمد مستوى بُعدين من ثلاثة: حجم الدور متوسط، الترابط والتنظيم متوسط، الاختيار والتكيف بسيط.,false
HOME-013-OP002,HOME-013,ري النباتات بالكمية المحددة.,2,,,بطاقة مشاركة مطلوبة,Pasted text (3)(3).txt,moderate,moderate,moderate,simple,اعتُمد مستوى بُعدين من ثلاثة: حجم الدور متوسط، الترابط والتنظيم متوسط، الاختيار والتكيف بسيط.,false
HOME-013-OP003,HOME-013,إزالة الأوراق الجافة المتساقطة.,3,,,بطاقة مشاركة مطلوبة,Pasted text (3)(3).txt,moderate,moderate,moderate,simple,اعتُمد مستوى بُعدين من ثلاثة: حجم الدور متوسط، الترابط والتنظيم متوسط، الاختيار والتكيف بسيط.,false
HOME-014-OP001,HOME-014,كنس أرضية الشرفة.,1,,,بطاقة مشاركة مطلوبة,Pasted text (3)(3).txt,simple,simple,simple,simple,تطابقت الأبعاد الثلاثة: حجم الدور بسيط، الترابط والتنظيم بسيط، الاختيار والتكيف بسيط.,false
HOME-014-OP002,HOME-014,مسح الكراسي والطاولة الخارجية.,2,,,بطاقة مشاركة مطلوبة,Pasted text (3)(3).txt,simple,simple,moderate,simple,اعتُمد مستوى بُعدين من ثلاثة: حجم الدور بسيط، الترابط والتنظيم متوسط، الاختيار والتكيف بسيط.,false
HOME-014-OP003,HOME-014,ترتيب مساحة الجلوس.,3,,,بطاقة مشاركة مطلوبة,Pasted text (3)(3).txt,simple,moderate,simple,simple,اعتُمد مستوى بُعدين من ثلاثة: حجم الدور متوسط، الترابط والتنظيم بسيط، الاختيار والتكيف بسيط.,false
HOME-015-OP001,HOME-015,تجهيز مناشف الضيوف النظيفة.,1,,,بطاقة مشاركة مطلوبة,Pasted text (3)(3).txt,moderate,moderate,moderate,simple,اعتُمد مستوى بُعدين من ثلاثة: حجم الدور متوسط، الترابط والتنظيم متوسط، الاختيار والتكيف بسيط.,false
HOME-015-OP002,HOME-015,ترتيب وسائد الجلوس.,2,,,بطاقة مشاركة مطلوبة,Pasted text (3)(3).txt,simple,moderate,simple,simple,اعتُمد مستوى بُعدين من ثلاثة: حجم الدور متوسط، الترابط والتنظيم بسيط، الاختيار والتكيف بسيط.,false
HOME-015-OP003,HOME-015,توزيع علب المناديل في الغرفة.,3,,,بطاقة مشاركة مطلوبة,Pasted text (3)(3).txt,moderate,moderate,moderate,simple,اعتُمد مستوى بُعدين من ثلاثة: حجم الدور متوسط، الترابط والتنظيم متوسط، الاختيار والتكيف بسيط.,false
HOME-016-OP001,HOME-016,تجميع فناجين وأكواب الضيافة.,1,,,بطاقة مشاركة مطلوبة,Pasted text (3)(3).txt,moderate,moderate,moderate,simple,اعتُمد مستوى بُعدين من ثلاثة: حجم الدور متوسط، الترابط والتنظيم متوسط، الاختيار والتكيف بسيط.,false
HOME-016-OP002,HOME-016,جمع المناديل المستعملة.,2,,,بطاقة مشاركة مطلوبة,Pasted text (3)(3).txt,simple,simple,simple,simple,تطابقت الأبعاد الثلاثة: حجم الدور بسيط، الترابط والتنظيم بسيط، الاختيار والتكيف بسيط.,false
HOME-016-OP003,HOME-016,إعادة الكراسي لأماكنها المعتادة.,3,,,بطاقة مشاركة مطلوبة,Pasted text (3)(3).txt,moderate,moderate,moderate,simple,اعتُمد مستوى بُعدين من ثلاثة: حجم الدور متوسط، الترابط والتنظيم متوسط، الاختيار والتكيف بسيط.,false
HOME-017-OP001,HOME-017,تجميع الأشياء المتناثرة في صناديق.,1,,,بطاقة مشاركة مطلوبة,Pasted text (3)(3).txt,moderate,moderate,moderate,simple,اعتُمد مستوى بُعدين من ثلاثة: حجم الدور متوسط، الترابط والتنظيم متوسط، الاختيار والتكيف بسيط.,false
HOME-017-OP002,HOME-017,مسح الأرفف.,2,,,بطاقة مشاركة مطلوبة,Pasted text (3)(3).txt,simple,simple,simple,simple,تطابقت الأبعاد الثلاثة: حجم الدور بسيط، الترابط والتنظيم بسيط، الاختيار والتكيف بسيط.,false
HOME-017-OP003,HOME-017,رص الصناديق على الرفوف.,3,,,بطاقة مشاركة مطلوبة,Pasted text (3)(3).txt,moderate,moderate,moderate,simple,اعتُمد مستوى بُعدين من ثلاثة: حجم الدور متوسط، الترابط والتنظيم متوسط، الاختيار والتكيف بسيط.,false
HOME-018-OP001,HOME-018,تجميع عبوات المنظفات.,1,,,بطاقة مشاركة مطلوبة,Pasted text (3)(3).txt,simple,moderate,simple,simple,اعتُمد مستوى بُعدين من ثلاثة: حجم الدور متوسط، الترابط والتنظيم بسيط، الاختيار والتكيف بسيط.,false
HOME-018-OP002,HOME-018,إعادة المكنسة والممسحة إلى الزاوية المخصصة.,2,,,بطاقة مشاركة مطلوبة,Pasted text (3)(3).txt,simple,simple,advanced,simple,اعتُمد مستوى بُعدين من ثلاثة: حجم الدور بسيط، الترابط والتنظيم متقدم، الاختيار والتكيف بسيط.,false
HOME-018-OP003,HOME-018,تعليق الفوط النظيفة.,3,,,بطاقة مشاركة مطلوبة,Pasted text (3)(3).txt,simple,simple,simple,simple,تطابقت الأبعاد الثلاثة: حجم الدور بسيط، الترابط والتنظيم بسيط، الاختيار والتكيف بسيط.,false
HOME-019-OP001,HOME-019,إغلاق النوافذ بإحكام.,1,,,بطاقة مشاركة مطلوبة,Pasted text (3)(3).txt,simple,simple,simple,simple,تطابقت الأبعاد الثلاثة: حجم الدور بسيط، الترابط والتنظيم بسيط، الاختيار والتكيف بسيط.,false
HOME-019-OP002,HOME-019,فصل قوابس الأجهزة الكهربائية.,2,,,بطاقة مشاركة مطلوبة,Pasted text (3)(3).txt,moderate,moderate,moderate,simple,اعتُمد مستوى بُعدين من ثلاثة: حجم الدور متوسط، الترابط والتنظيم متوسط، الاختيار والتكيف بسيط.,false
HOME-019-OP003,HOME-019,جمع القمامة للتخلص منها.,3,,,بطاقة مشاركة مطلوبة,Pasted text (3)(3).txt,simple,simple,moderate,simple,اعتُمد مستوى بُعدين من ثلاثة: حجم الدور بسيط، الترابط والتنظيم متوسط، الاختيار والتكيف بسيط.,false
HOME-020-OP001,HOME-020,فتح النوافذ للتهوية.,1,,,بطاقة مشاركة مطلوبة,Pasted text (3)(3).txt,simple,simple,simple,simple,تطابقت الأبعاد الثلاثة: حجم الدور بسيط، الترابط والتنظيم بسيط، الاختيار والتكيف بسيط.,false
HOME-020-OP002,HOME-020,إزالة الأغطية الواقية عن الأثاث.,2,,,بطاقة مشاركة مطلوبة,Pasted text (3)(3).txt,moderate,moderate,moderate,simple,اعتُمد مستوى بُعدين من ثلاثة: حجم الدور متوسط، الترابط والتنظيم متوسط، الاختيار والتكيف بسيط.,false
HOME-020-OP003,HOME-020,تفريغ حقائب السفر.,3,,,بطاقة مشاركة مطلوبة,Pasted text (3)(3).txt,simple,simple,simple,simple,تطابقت الأبعاد الثلاثة: حجم الدور بسيط، الترابط والتنظيم بسيط، الاختيار والتكيف بسيط.,false
HOME-021-OP001,HOME-021,خلع الشراشف وأكياس الوسائد المستخدمة.,1,,,بطاقة مشاركة مطلوبة,Pasted text (3)(3).txt,moderate,moderate,moderate,simple,اعتُمد مستوى بُعدين من ثلاثة: حجم الدور متوسط، الترابط والتنظيم متوسط، الاختيار والتكيف بسيط.,false
HOME-021-OP002,HOME-021,نقل المفارش المتسخة لغرفة الغسيل.,2,,,بطاقة مشاركة مطلوبة,Pasted text (3)(3).txt,simple,simple,moderate,simple,اعتُمد مستوى بُعدين من ثلاثة: حجم الدور بسيط، الترابط والتنظيم متوسط، الاختيار والتكيف بسيط.,false
HOME-021-OP003,HOME-021,المساعدة في فرد الشراشف النظيفة.,3,,,بطاقة مشاركة مطلوبة,Pasted text (3)(3).txt,moderate,moderate,moderate,simple,اعتُمد مستوى بُعدين من ثلاثة: حجم الدور متوسط، الترابط والتنظيم متوسط، الاختيار والتكيف بسيط.,false
HOME-022-OP001,HOME-022,فرز الملابس المطوية.,1,,,بطاقة مشاركة مطلوبة,Pasted text (3)(3).txt,simple,moderate,simple,simple,اعتُمد مستوى بُعدين من ثلاثة: حجم الدور متوسط، الترابط والتنظيم بسيط، الاختيار والتكيف بسيط.,false
HOME-022-OP002,HOME-022,تعليق الملابس على الشماعات.,2,,,بطاقة مشاركة مطلوبة,Pasted text (3)(3).txt,moderate,moderate,moderate,simple,اعتُمد مستوى بُعدين من ثلاثة: حجم الدور متوسط، الترابط والتنظيم متوسط، الاختيار والتكيف بسيط.,false
HOME-022-OP003,HOME-022,ترتيب الملابس حسب التصنيف في الرفوف.,3,,,بطاقة مشاركة مطلوبة,Pasted text (3)(3).txt,moderate,moderate,advanced,moderate,اعتُمد مستوى بُعدين من ثلاثة: حجم الدور متوسط، الترابط والتنظيم متقدم، الاختيار والتكيف متوسط.,false
HOME-023-OP001,HOME-023,رش المنظف على الأسطح.,1,,,بطاقة مشاركة مطلوبة,Pasted text (3)(3).txt,moderate,moderate,moderate,simple,اعتُمد مستوى بُعدين من ثلاثة: حجم الدور متوسط، الترابط والتنظيم متوسط، الاختيار والتكيف بسيط.,false
HOME-023-OP002,HOME-023,فرك الحوض بالفرشاة.,2,,,بطاقة مشاركة مطلوبة,Pasted text (3)(3).txt,simple,simple,simple,simple,تطابقت الأبعاد الثلاثة: حجم الدور بسيط، الترابط والتنظيم بسيط، الاختيار والتكيف بسيط.,false
HOME-023-OP003,HOME-023,تجفيف الأرضية بعد الغسيل.,3,,,بطاقة مشاركة مطلوبة,Pasted text (3)(3).txt,simple,simple,moderate,simple,اعتُمد مستوى بُعدين من ثلاثة: حجم الدور بسيط، الترابط والتنظيم متوسط، الاختيار والتكيف بسيط.,false
HOME-024-OP001,HOME-024,ترتيب فرش الأسنان والمعجون.,1,,,بطاقة مشاركة مطلوبة,Pasted text (3)(3).txt,moderate,moderate,moderate,simple,اعتُمد مستوى بُعدين من ثلاثة: حجم الدور متوسط، الترابط والتنظيم متوسط، الاختيار والتكيف بسيط.,false
HOME-024-OP002,HOME-024,وضع عبوات الشامبو في أماكنها.,2,,,بطاقة مشاركة مطلوبة,Pasted text (3)(3).txt,simple,simple,moderate,simple,اعتُمد مستوى بُعدين من ثلاثة: حجم الدور بسيط، الترابط والتنظيم متوسط، الاختيار والتكيف بسيط.,false
HOME-024-OP003,HOME-024,تعليق مناشف الاستحمام.,3,,,بطاقة مشاركة مطلوبة,Pasted text (3)(3).txt,simple,simple,simple,simple,تطابقت الأبعاد الثلاثة: حجم الدور بسيط، الترابط والتنظيم بسيط، الاختيار والتكيف بسيط.,false
HOME-025-OP001,HOME-025,إزالة الألعاب أو الأغراض من السجاد.,1,,,بطاقة مشاركة مطلوبة,Pasted text (3)(3).txt,advanced,advanced,advanced,simple,اعتُمد مستوى بُعدين من ثلاثة: حجم الدور متقدم، الترابط والتنظيم متقدم، الاختيار والتكيف بسيط.,false
HOME-025-OP002,HOME-025,تمرير المكنسة الكهربائية.,2,,,بطاقة مشاركة مطلوبة,Pasted text (3)(3).txt,simple,simple,simple,simple,تطابقت الأبعاد الثلاثة: حجم الدور بسيط، الترابط والتنظيم بسيط، الاختيار والتكيف بسيط.,false
HOME-025-OP003,HOME-025,معالجة البقع السطحية بالمنظف والإسفنجة.,3,,,بطاقة مشاركة مطلوبة,Pasted text (3)(3).txt,moderate,moderate,moderate,simple,اعتُمد مستوى بُعدين من ثلاثة: حجم الدور متوسط، الترابط والتنظيم متوسط، الاختيار والتكيف بسيط.,false
HOME-026-OP001,HOME-026,رش ملمع الأخشاب.,1,,,بطاقة مشاركة مطلوبة,Pasted text (3)(3).txt,simple,simple,simple,simple,تطابقت الأبعاد الثلاثة: حجم الدور بسيط، الترابط والتنظيم بسيط، الاختيار والتكيف بسيط.,false
HOME-026-OP002,HOME-026,مسح الطاولات والأسطح الخشبية بفوطة مخصصة.,2,,,بطاقة مشاركة مطلوبة,Pasted text (3)(3).txt,simple,simple,advanced,simple,اعتُمد مستوى بُعدين من ثلاثة: حجم الدور بسيط، الترابط والتنظيم متقدم، الاختيار والتكيف بسيط.,false
HOME-027-OP001,HOME-027,تمرير أداة شفط الغبار على الستائر.,1,,,بطاقة مشاركة مطلوبة,Pasted text (3)(3).txt,advanced,advanced,advanced,simple,اعتُمد مستوى بُعدين من ثلاثة: حجم الدور متقدم، الترابط والتنظيم متقدم، الاختيار والتكيف بسيط.,false
HOME-027-OP002,HOME-027,فك المشابك لإنزال الستارة للغسيل.,2,,,بطاقة مشاركة مطلوبة,Pasted text (3)(3).txt,moderate,moderate,moderate,simple,اعتُمد مستوى بُعدين من ثلاثة: حجم الدور متوسط، الترابط والتنظيم متوسط، الاختيار والتكيف بسيط.,false
HOME-028-OP001,HOME-028,جمع الألعاب المتناثرة في الصناديق.,1,,,بطاقة مشاركة مطلوبة,Pasted text (3)(3).txt,simple,simple,moderate,simple,اعتُمد مستوى بُعدين من ثلاثة: حجم الدور بسيط، الترابط والتنظيم متوسط، الاختيار والتكيف بسيط.,false
HOME-028-OP002,HOME-028,ترتيب القصص والكتب على الرف.,2,,,بطاقة مشاركة مطلوبة,Pasted text (3)(3).txt,moderate,moderate,moderate,simple,اعتُمد مستوى بُعدين من ثلاثة: حجم الدور متوسط، الترابط والتنظيم متوسط، الاختيار والتكيف بسيط.,false
HOME-028-OP003,HOME-028,ترتيب السرير.,3,,,بطاقة مشاركة مطلوبة,Pasted text (3)(3).txt,simple,moderate,simple,simple,اعتُمد مستوى بُعدين من ثلاثة: حجم الدور متوسط، الترابط والتنظيم بسيط، الاختيار والتكيف بسيط.,false
HOME-029-OP001,HOME-029,تمرير عصا إزالة الغبار (الريشة) على الأسطح العالية.,1,,,بطاقة مشاركة مطلوبة,Pasted text (3)(3).txt,advanced,advanced,advanced,simple,اعتُمد مستوى بُعدين من ثلاثة: حجم الدور متقدم، الترابط والتنظيم متقدم، الاختيار والتكيف بسيط.,false
HOME-029-OP002,HOME-029,مسح الرفوف التي يسهل الوصول إليها.,2,,,بطاقة مشاركة مطلوبة,Pasted text (3)(3).txt,simple,simple,advanced,simple,اعتُمد مستوى بُعدين من ثلاثة: حجم الدور بسيط، الترابط والتنظيم متقدم، الاختيار والتكيف بسيط.,false
HOME-030-OP001,HOME-030,مسح مصابيح الطاولة (الأباجورات) بفوطة جافة.,1,,,بطاقة مشاركة مطلوبة,Pasted text (3)(3).txt,simple,simple,advanced,simple,اعتُمد مستوى بُعدين من ثلاثة: حجم الدور بسيط، الترابط والتنظيم متقدم، الاختيار والتكيف بسيط.,false
HOME-030-OP002,HOME-030,تنظيف مفاتيح الإضاءة الجدارية.,2,,,بطاقة مشاركة مطلوبة,Pasted text (3)(3).txt,moderate,moderate,moderate,simple,اعتُمد مستوى بُعدين من ثلاثة: حجم الدور متوسط، الترابط والتنظيم متوسط، الاختيار والتكيف بسيط.,false
HOME-031-OP001,HOME-031,إحضار اللمبة الجديدة البديلة.,1,,,بطاقة مشاركة مطلوبة,Pasted text (3)(3).txt,moderate,simple,moderate,moderate,اعتُمد مستوى بُعدين من ثلاثة: حجم الدور بسيط، الترابط والتنظيم متوسط، الاختيار والتكيف متوسط.,false
HOME-031-OP002,HOME-031,مناولة اللمبة للشخص الذي يقوم بالتركيب.,2,,,بطاقة مشاركة مطلوبة,Pasted text (3)(3).txt,moderate,moderate,advanced,simple,حالة حدودية: اختلفت الأبعاد الثلاثة (حجم الدور متوسط، الترابط والتنظيم متقدم، الاختيار والتكيف بسيط)، واعتُمد المستوى المتوسط للمراجعة.,true
HOME-031-OP003,HOME-031,رمي اللمبة التالفة في سلة المهملات.,3,,,بطاقة مشاركة مطلوبة,Pasted text (3)(3).txt,simple,simple,advanced,simple,اعتُمد مستوى بُعدين من ثلاثة: حجم الدور بسيط، الترابط والتنظيم متقدم، الاختيار والتكيف بسيط.,false
HOME-032-OP001,HOME-032,استلام فلاتر المكيف لنقلها للغسيل.,1,,,بطاقة مشاركة مطلوبة,Pasted text (3)(3).txt,moderate,moderate,moderate,simple,اعتُمد مستوى بُعدين من ثلاثة: حجم الدور متوسط، الترابط والتنظيم متوسط، الاختيار والتكيف بسيط.,false
HOME-032-OP002,HOME-032,غسل الفلاتر بالماء.,2,,,بطاقة مشاركة مطلوبة,Pasted text (3)(3).txt,simple,moderate,simple,simple,اعتُمد مستوى بُعدين من ثلاثة: حجم الدور متوسط، الترابط والتنظيم بسيط، الاختيار والتكيف بسيط.,false
HOME-032-OP003,HOME-032,تجفيف الفلاتر قبل إعادتها.,3,,,بطاقة مشاركة مطلوبة,Pasted text (3)(3).txt,simple,simple,moderate,simple,اعتُمد مستوى بُعدين من ثلاثة: حجم الدور بسيط، الترابط والتنظيم متوسط، الاختيار والتكيف بسيط.,false
HOME-033-OP001,HOME-033,رش سائل التلميع على المرآة.,1,,,بطاقة مشاركة مطلوبة,Pasted text (3)(3).txt,moderate,moderate,moderate,simple,اعتُمد مستوى بُعدين من ثلاثة: حجم الدور متوسط، الترابط والتنظيم متوسط، الاختيار والتكيف بسيط.,false
HOME-033-OP002,HOME-033,مسح وتلميع المرآة بورق أو فوطة جافة.,2,,,بطاقة مشاركة مطلوبة,Pasted text (3)(3).txt,simple,simple,advanced,simple,اعتُمد مستوى بُعدين من ثلاثة: حجم الدور بسيط، الترابط والتنظيم متقدم، الاختيار والتكيف بسيط.,false
HOME-034-OP001,HOME-034,مسح سطح الباب الخشبي.,1,,,بطاقة مشاركة مطلوبة,Pasted text (3)(3).txt,simple,simple,moderate,simple,اعتُمد مستوى بُعدين من ثلاثة: حجم الدور بسيط، الترابط والتنظيم متوسط، الاختيار والتكيف بسيط.,false
HOME-034-OP002,HOME-034,رش المعقم على مقابض الأبواب ومسحها.,2,,,بطاقة مشاركة مطلوبة,Pasted text (3)(3).txt,simple,simple,advanced,simple,اعتُمد مستوى بُعدين من ثلاثة: حجم الدور بسيط، الترابط والتنظيم متقدم، الاختيار والتكيف بسيط.,false
HOME-035-OP001,HOME-035,جمع الأوراق المتناثرة ووضعها في ملف.,1,,,بطاقة مشاركة مطلوبة,Pasted text (3)(3).txt,simple,simple,advanced,simple,اعتُمد مستوى بُعدين من ثلاثة: حجم الدور بسيط، الترابط والتنظيم متقدم، الاختيار والتكيف بسيط.,false
HOME-035-OP002,HOME-035,تجميع الأقلام في حامل الأقلام.,2,,,بطاقة مشاركة مطلوبة,Pasted text (3)(3).txt,moderate,moderate,moderate,simple,اعتُمد مستوى بُعدين من ثلاثة: حجم الدور متوسط، الترابط والتنظيم متوسط، الاختيار والتكيف بسيط.,false
HOME-035-OP003,HOME-035,مسح سطح المكتب.,3,,,بطاقة مشاركة مطلوبة,Pasted text (3)(3).txt,simple,simple,simple,simple,تطابقت الأبعاد الثلاثة: حجم الدور بسيط، الترابط والتنظيم بسيط، الاختيار والتكيف بسيط.,false
HOME-036-OP001,HOME-036,مسح شاشة التلفاز بفوطة ناعمة.,1,,,بطاقة مشاركة مطلوبة,Pasted text (3)(3).txt,simple,simple,moderate,simple,اعتُمد مستوى بُعدين من ثلاثة: حجم الدور بسيط، الترابط والتنظيم متوسط، الاختيار والتكيف بسيط.,false
HOME-036-OP002,HOME-036,تنظيف لوحة المفاتيح بفرشاة صغيرة.,2,,,بطاقة مشاركة مطلوبة,Pasted text (3)(3).txt,moderate,moderate,moderate,simple,اعتُمد مستوى بُعدين من ثلاثة: حجم الدور متوسط، الترابط والتنظيم متوسط، الاختيار والتكيف بسيط.,false
HOME-036-OP003,HOME-036,مسح أجهزة التحكم عن بعد.,3,,,بطاقة مشاركة مطلوبة,Pasted text (3)(3).txt,simple,simple,moderate,simple,اعتُمد مستوى بُعدين من ثلاثة: حجم الدور بسيط، الترابط والتنظيم متوسط، الاختيار والتكيف بسيط.,false
HOME-037-OP001,HOME-037,تجميع بكرات الخيوط.,1,,,بطاقة مشاركة مطلوبة,Pasted text (3)(3).txt,simple,moderate,simple,simple,اعتُمد مستوى بُعدين من ثلاثة: حجم الدور متوسط، الترابط والتنظيم بسيط، الاختيار والتكيف بسيط.,false
HOME-037-OP002,HOME-037,ترتيب المسامير أو الأدوات الصغيرة في العلب المقسمة.,2,,,بطاقة مشاركة مطلوبة,Pasted text (3)(3).txt,moderate,moderate,advanced,simple,حالة حدودية: اختلفت الأبعاد الثلاثة (حجم الدور متوسط، الترابط والتنظيم متقدم، الاختيار والتكيف بسيط)، واعتُمد المستوى المتوسط للمراجعة.,true
HOME-037-OP003,HOME-037,إعادة صندوق الأدوات لمكانه.,3,,,بطاقة مشاركة مطلوبة,Pasted text (3)(3).txt,moderate,moderate,moderate,simple,اعتُمد مستوى بُعدين من ثلاثة: حجم الدور متوسط، الترابط والتنظيم متوسط، الاختيار والتكيف بسيط.,false
HOME-038-OP001,HOME-038,مسح واجهة الثلاجة من البصمات.,1,,,بطاقة مشاركة مطلوبة,Pasted text (3)(3).txt,simple,simple,moderate,simple,اعتُمد مستوى بُعدين من ثلاثة: حجم الدور بسيط، الترابط والتنظيم متوسط، الاختيار والتكيف بسيط.,false
HOME-038-OP002,HOME-038,تنظيف مقابض أبواب الثلاجة.,2,,,بطاقة مشاركة مطلوبة,Pasted text (3)(3).txt,moderate,moderate,moderate,simple,اعتُمد مستوى بُعدين من ثلاثة: حجم الدور متوسط، الترابط والتنظيم متوسط، الاختيار والتكيف بسيط.,false
HOME-039-OP001,HOME-039,مسح الأسطح العلوية للغسالة.,1,,,بطاقة مشاركة مطلوبة,Pasted text (3)(3).txt,simple,simple,moderate,simple,اعتُمد مستوى بُعدين من ثلاثة: حجم الدور بسيط، الترابط والتنظيم متوسط، الاختيار والتكيف بسيط.,false
HOME-039-OP002,HOME-039,تنظيف زجاج الباب الخارجي.,2,,,بطاقة مشاركة مطلوبة,Pasted text (3)(3).txt,moderate,moderate,moderate,simple,اعتُمد مستوى بُعدين من ثلاثة: حجم الدور متوسط، الترابط والتنظيم متوسط، الاختيار والتكيف بسيط.,false
HOME-040-OP001,HOME-040,كنس الأتربة المتراكمة بعد سحب الجهاز.,1,,,بطاقة مشاركة مطلوبة,Pasted text (3)(3).txt,advanced,advanced,advanced,simple,اعتُمد مستوى بُعدين من ثلاثة: حجم الدور متقدم، الترابط والتنظيم متقدم، الاختيار والتكيف بسيط.,false
HOME-040-OP002,HOME-040,مسح الأرضية والجدار خلف الجهاز.,2,,,بطاقة مشاركة مطلوبة,Pasted text (3)(3).txt,simple,simple,moderate,simple,اعتُمد مستوى بُعدين من ثلاثة: حجم الدور بسيط، الترابط والتنظيم متوسط، الاختيار والتكيف بسيط.,false
HOME-041-OP001,HOME-041,إخراج علب الأدوية لفحصها.,1,,,بطاقة مشاركة مطلوبة,Pasted text (3)(3).txt,moderate,moderate,moderate,simple,اعتُمد مستوى بُعدين من ثلاثة: حجم الدور متوسط، الترابط والتنظيم متوسط، الاختيار والتكيف بسيط.,false
HOME-041-OP002,HOME-041,فرز الأدوية ومواد الإسعاف في مجموعات.,2,,,بطاقة مشاركة مطلوبة,Pasted text (3)(3).txt,moderate,moderate,advanced,simple,حالة حدودية: اختلفت الأبعاد الثلاثة (حجم الدور متوسط، الترابط والتنظيم متقدم، الاختيار والتكيف بسيط)، واعتُمد المستوى المتوسط للمراجعة.,true
HOME-041-OP003,HOME-041,إعادة ترتيب العلب في الخزانة.,3,,,بطاقة مشاركة مطلوبة,Pasted text (3)(3).txt,moderate,moderate,moderate,simple,اعتُمد مستوى بُعدين من ثلاثة: حجم الدور متوسط، الترابط والتنظيم متوسط، الاختيار والتكيف بسيط.,false
HOME-042-OP001,HOME-042,مسح طفاية الحريق من الغبار.,1,,,بطاقة مشاركة مطلوبة,Pasted text (3)(3).txt,simple,simple,moderate,simple,اعتُمد مستوى بُعدين من ثلاثة: حجم الدور بسيط، الترابط والتنظيم متوسط، الاختيار والتكيف بسيط.,false
HOME-042-OP002,HOME-042,الضغط على زر الاختبار في كاشف الدخان (بمساعدة).,2,,,بطاقة مشاركة مطلوبة,Pasted text (3)(3).txt,simple,simple,advanced,simple,اعتُمد مستوى بُعدين من ثلاثة: حجم الدور بسيط، الترابط والتنظيم متقدم، الاختيار والتكيف بسيط.,false
HOME-043-OP001,HOME-043,إزالة العوالق من سطح المصفاة.,1,,,بطاقة مشاركة مطلوبة,Pasted text (3)(3).txt,moderate,moderate,moderate,simple,اعتُمد مستوى بُعدين من ثلاثة: حجم الدور متوسط، الترابط والتنظيم متوسط، الاختيار والتكيف بسيط.,false
HOME-043-OP002,HOME-043,سكب سائل التنظيف في البالوعة.,2,,,بطاقة مشاركة مطلوبة,Pasted text (3)(3).txt,moderate,moderate,moderate,simple,اعتُمد مستوى بُعدين من ثلاثة: حجم الدور متوسط، الترابط والتنظيم متوسط، الاختيار والتكيف بسيط.,false
HOME-044-OP001,HOME-044,لف خرطوم المياه.,1,,,بطاقة مشاركة مطلوبة,Pasted text (3)(3).txt,simple,simple,simple,simple,تطابقت الأبعاد الثلاثة: حجم الدور بسيط، الترابط والتنظيم بسيط، الاختيار والتكيف بسيط.,false
HOME-044-OP002,HOME-044,جمع أدوات الحفر والمقصات ووضعها في الصندوق.,2,,,بطاقة مشاركة مطلوبة,Pasted text (3)(3).txt,simple,simple,advanced,simple,اعتُمد مستوى بُعدين من ثلاثة: حجم الدور بسيط، الترابط والتنظيم متقدم، الاختيار والتكيف بسيط.,false
HOME-045-OP001,HOME-045,إحضار الأغطية الواقية.,1,,,بطاقة مشاركة مطلوبة,Pasted text (3)(3).txt,simple,moderate,simple,simple,اعتُمد مستوى بُعدين من ثلاثة: حجم الدور متوسط، الترابط والتنظيم بسيط، الاختيار والتكيف بسيط.,false
HOME-045-OP002,HOME-045,المساعدة في فرد الأغطية على الكراسي.,2,,,بطاقة مشاركة مطلوبة,Pasted text (3)(3).txt,moderate,moderate,advanced,simple,حالة حدودية: اختلفت الأبعاد الثلاثة (حجم الدور متوسط، الترابط والتنظيم متقدم، الاختيار والتكيف بسيط)، واعتُمد المستوى المتوسط للمراجعة.,true
HOME-045-OP003,HOME-045,تثبيت حواف الأغطية.,3,,,بطاقة مشاركة مطلوبة,Pasted text (3)(3).txt,simple,moderate,simple,simple,اعتُمد مستوى بُعدين من ثلاثة: حجم الدور متوسط، الترابط والتنظيم بسيط، الاختيار والتكيف بسيط.,false
HOME-046-OP001,HOME-046,تجميع أوراق الشجر المتساقطة.,1,,,بطاقة مشاركة مطلوبة,Pasted text (3)(3).txt,moderate,moderate,moderate,simple,اعتُمد مستوى بُعدين من ثلاثة: حجم الدور متوسط، الترابط والتنظيم متوسط، الاختيار والتكيف بسيط.,false
HOME-046-OP002,HOME-046,كنس مساحة الجلوس.,2,,,بطاقة مشاركة مطلوبة,Pasted text (3)(3).txt,simple,simple,simple,simple,تطابقت الأبعاد الثلاثة: حجم الدور بسيط، الترابط والتنظيم بسيط، الاختيار والتكيف بسيط.,false
HOME-046-OP003,HOME-046,ترتيب الكراسي الخارجية.,3,,,بطاقة مشاركة مطلوبة,Pasted text (3)(3).txt,simple,moderate,simple,simple,اعتُمد مستوى بُعدين من ثلاثة: حجم الدور متوسط، الترابط والتنظيم بسيط، الاختيار والتكيف بسيط.,false
HOME-047-OP001,HOME-047,طي المناشف النظيفة.,1,,,بطاقة مشاركة مطلوبة,Pasted text (3)(3).txt,simple,moderate,simple,simple,اعتُمد مستوى بُعدين من ثلاثة: حجم الدور متوسط، الترابط والتنظيم بسيط، الاختيار والتكيف بسيط.,false
HOME-047-OP002,HOME-047,فرز المناشف حسب المقاس.,2,,,بطاقة مشاركة مطلوبة,Pasted text (3)(3).txt,moderate,moderate,moderate,moderate,تطابقت الأبعاد الثلاثة: حجم الدور متوسط، الترابط والتنظيم متوسط، الاختيار والتكيف متوسط.,false
HOME-047-OP003,HOME-047,ترتيب المناشف والمفارش على الرفوف.,3,,,بطاقة مشاركة مطلوبة,Pasted text (3)(3).txt,moderate,moderate,moderate,simple,اعتُمد مستوى بُعدين من ثلاثة: حجم الدور متوسط، الترابط والتنظيم متوسط، الاختيار والتكيف بسيط.,false
HOME-048-OP001,HOME-048,جمع المناشف المستخدمة من الحمامات.,1,,,بطاقة مشاركة مطلوبة,Pasted text (3)(3).txt,simple,simple,moderate,simple,اعتُمد مستوى بُعدين من ثلاثة: حجم الدور بسيط، الترابط والتنظيم متوسط، الاختيار والتكيف بسيط.,false
HOME-048-OP002,HOME-048,وضع المناشف المتسخة في سلة الغسيل.,2,,,بطاقة مشاركة مطلوبة,Pasted text (3)(3).txt,simple,simple,advanced,simple,اعتُمد مستوى بُعدين من ثلاثة: حجم الدور بسيط، الترابط والتنظيم متقدم، الاختيار والتكيف بسيط.,false
HOME-048-OP003,HOME-048,تعليق المناشف النظيفة في أماكنها.,3,,,بطاقة مشاركة مطلوبة,Pasted text (3)(3).txt,moderate,moderate,moderate,simple,اعتُمد مستوى بُعدين من ثلاثة: حجم الدور متوسط، الترابط والتنظيم متوسط، الاختيار والتكيف بسيط.,false
HOME-049-OP001,HOME-049,رش سائل التنظيف داخل الحوض.,1,,,بطاقة مشاركة مطلوبة,Pasted text (3)(3).txt,moderate,moderate,moderate,simple,اعتُمد مستوى بُعدين من ثلاثة: حجم الدور متوسط، الترابط والتنظيم متوسط، الاختيار والتكيف بسيط.,false
HOME-049-OP002,HOME-049,فرك الجوانب بالإسفنجة.,2,,,بطاقة مشاركة مطلوبة,Pasted text (3)(3).txt,simple,simple,simple,simple,تطابقت الأبعاد الثلاثة: حجم الدور بسيط، الترابط والتنظيم بسيط، الاختيار والتكيف بسيط.,false
HOME-049-OP003,HOME-049,شطف الحوض بالماء الجاري.,3,,,بطاقة مشاركة مطلوبة,Pasted text (3)(3).txt,simple,simple,moderate,simple,اعتُمد مستوى بُعدين من ثلاثة: حجم الدور بسيط، الترابط والتنظيم متوسط، الاختيار والتكيف بسيط.,false
HOME-050-OP001,HOME-050,رش ملمع المعادن على الصنابير.,1,,,بطاقة مشاركة مطلوبة,Pasted text (3)(3).txt,moderate,moderate,moderate,simple,اعتُمد مستوى بُعدين من ثلاثة: حجم الدور متوسط، الترابط والتنظيم متوسط، الاختيار والتكيف بسيط.,false
HOME-050-OP002,HOME-050,فرك الصنابير وتجفيفها لتعود لامعة.,2,,,بطاقة مشاركة مطلوبة,Pasted text (3)(3).txt,simple,simple,moderate,simple,اعتُمد مستوى بُعدين من ثلاثة: حجم الدور بسيط، الترابط والتنظيم متوسط، الاختيار والتكيف بسيط.,false
HOME-051-OP001,HOME-051,رش المنظف المخصص للفواصل.,1,,,بطاقة مشاركة مطلوبة,Pasted text (3)(3).txt,moderate,moderate,moderate,simple,اعتُمد مستوى بُعدين من ثلاثة: حجم الدور متوسط، الترابط والتنظيم متوسط، الاختيار والتكيف بسيط.,false
HOME-051-OP002,HOME-051,فرك الفواصل بفرشاة التنظيف.,2,,,بطاقة مشاركة مطلوبة,Pasted text (3)(3).txt,moderate,moderate,moderate,simple,اعتُمد مستوى بُعدين من ثلاثة: حجم الدور متوسط، الترابط والتنظيم متوسط، الاختيار والتكيف بسيط.,false
HOME-051-OP003,HOME-051,شطف الجدران بالماء.,3,,,بطاقة مشاركة مطلوبة,Pasted text (3)(3).txt,simple,simple,simple,simple,تطابقت الأبعاد الثلاثة: حجم الدور بسيط، الترابط والتنظيم بسيط، الاختيار والتكيف بسيط.,false
HOME-052-OP001,HOME-052,إخراج العلب من الخزانة ومسح الأرفف,1,,,معتمد مبدئيًا,Pasted text (3)(2).txt,simple,simple,moderate,simple,اعتُمد مستوى بُعدين من ثلاثة: حجم الدور بسيط، الترابط والتنظيم متوسط، الاختيار والتكيف بسيط.,false
HOME-052-OP002,HOME-052,التخلص من العلب الفارغة أو التالفة,2,,,معتمد مبدئيًا,Pasted text (3)(2).txt,moderate,advanced,moderate,moderate,اعتُمد مستوى بُعدين من ثلاثة: حجم الدور متقدم، الترابط والتنظيم متوسط، الاختيار والتكيف متوسط.,false
HOME-052-OP003,HOME-052,ترتيب العلب حسب نوعها واستخدامها,3,,,معتمد مبدئيًا,Pasted text (3)(2).txt,moderate,moderate,simple,moderate,اعتُمد مستوى بُعدين من ثلاثة: حجم الدور متوسط، الترابط والتنظيم بسيط، الاختيار والتكيف متوسط.,false
HOME-053-OP001,HOME-053,استخراج عبوات المنظفات لفحصها.,1,,,بطاقة مشاركة مطلوبة,Pasted text (3)(3).txt,moderate,moderate,moderate,simple,اعتُمد مستوى بُعدين من ثلاثة: حجم الدور متوسط، الترابط والتنظيم متوسط، الاختيار والتكيف بسيط.,false
HOME-053-OP002,HOME-053,فرز العبوات التالفة أو المنتهية.,2,,,بطاقة مشاركة مطلوبة,Pasted text (3)(3).txt,moderate,moderate,moderate,simple,اعتُمد مستوى بُعدين من ثلاثة: حجم الدور متوسط، الترابط والتنظيم متوسط، الاختيار والتكيف بسيط.,false
HOME-053-OP003,HOME-053,إلقاء العبوات الفاسدة في القمامة.,3,,,بطاقة مشاركة مطلوبة,Pasted text (3)(3).txt,simple,simple,moderate,simple,اعتُمد مستوى بُعدين من ثلاثة: حجم الدور بسيط، الترابط والتنظيم متوسط، الاختيار والتكيف بسيط.,false
HOME-054-OP001,HOME-054,إحضار البريد من الصندوق.,1,,,بطاقة مشاركة مطلوبة,Pasted text (3)(3).txt,simple,simple,moderate,simple,اعتُمد مستوى بُعدين من ثلاثة: حجم الدور بسيط، الترابط والتنظيم متوسط، الاختيار والتكيف بسيط.,false
HOME-054-OP002,HOME-054,تجميع الفواتير ووضعها في ملف الإدارة المالية.,2,,,بطاقة مشاركة مطلوبة,Pasted text (3)(3).txt,advanced,advanced,advanced,simple,اعتُمد مستوى بُعدين من ثلاثة: حجم الدور متقدم، الترابط والتنظيم متقدم، الاختيار والتكيف بسيط.,false
HOME-055-OP001,HOME-055,تجميع الفواتير الورقية.,1,,,بطاقة مشاركة مطلوبة,Pasted text (3)(3).txt,simple,moderate,simple,simple,اعتُمد مستوى بُعدين من ثلاثة: حجم الدور متوسط، الترابط والتنظيم بسيط، الاختيار والتكيف بسيط.,false
HOME-055-OP002,HOME-055,حفظ الإيصالات بعد الدفع في الملف المخصص.,2,,,بطاقة مشاركة مطلوبة,Pasted text (3)(3).txt,advanced,advanced,advanced,simple,اعتُمد مستوى بُعدين من ثلاثة: حجم الدور متقدم، الترابط والتنظيم متقدم، الاختيار والتكيف بسيط.,false
HOME-056-OP001,HOME-056,فرز الأوراق المبعثرة.,1,,,بطاقة مشاركة مطلوبة,Pasted text (3)(3).txt,simple,moderate,simple,simple,اعتُمد مستوى بُعدين من ثلاثة: حجم الدور متوسط، الترابط والتنظيم بسيط، الاختيار والتكيف بسيط.,false
HOME-056-OP002,HOME-056,وضع الوثائق داخل الملفات أو الأظرف البلاستيكية.,2,,,بطاقة مشاركة مطلوبة,Pasted text (3)(3).txt,moderate,moderate,advanced,simple,حالة حدودية: اختلفت الأبعاد الثلاثة (حجم الدور متوسط، الترابط والتنظيم متقدم، الاختيار والتكيف بسيط)، واعتُمد المستوى المتوسط للمراجعة.,true
HOME-056-OP003,HOME-056,إعادة الملفات إلى الدرج.,3,,,بطاقة مشاركة مطلوبة,Pasted text (3)(3).txt,moderate,moderate,moderate,simple,اعتُمد مستوى بُعدين من ثلاثة: حجم الدور متوسط، الترابط والتنظيم متوسط، الاختيار والتكيف بسيط.,false
HOME-057-OP001,HOME-057,جمع المواد المطلوبة (بطاريات، كشاف، ماء).,1,,,بطاقة مشاركة مطلوبة,Pasted text (3)(3).txt,simple,simple,advanced,simple,اعتُمد مستوى بُعدين من ثلاثة: حجم الدور بسيط، الترابط والتنظيم متقدم، الاختيار والتكيف بسيط.,false
HOME-057-OP002,HOME-057,تعبئة المواد في الحقيبة.,2,,,بطاقة مشاركة مطلوبة,Pasted text (3)(3).txt,moderate,moderate,moderate,simple,اعتُمد مستوى بُعدين من ثلاثة: حجم الدور متوسط، الترابط والتنظيم متوسط، الاختيار والتكيف بسيط.,false
HOME-057-OP003,HOME-057,إغلاق الحقيبة ووضعها في المكان المخصص.,3,,,بطاقة مشاركة مطلوبة,Pasted text (3)(3).txt,simple,simple,advanced,simple,اعتُمد مستوى بُعدين من ثلاثة: حجم الدور بسيط، الترابط والتنظيم متقدم، الاختيار والتكيف بسيط.,false
HOME-058-OP001,HOME-058,غسل الممسحة بالماء النظيف.,1,,,بطاقة مشاركة مطلوبة,Pasted text (3)(3).txt,moderate,moderate,moderate,simple,اعتُمد مستوى بُعدين من ثلاثة: حجم الدور متوسط، الترابط والتنظيم متوسط، الاختيار والتكيف بسيط.,false
HOME-058-OP002,HOME-058,تنظيف فرشاة المكنسة من العوالق.,2,,,بطاقة مشاركة مطلوبة,Pasted text (3)(3).txt,moderate,moderate,moderate,simple,اعتُمد مستوى بُعدين من ثلاثة: حجم الدور متوسط، الترابط والتنظيم متوسط، الاختيار والتكيف بسيط.,false
HOME-058-OP003,HOME-058,تجفيف الإسفنج والفوط ووضعها في مكان جيد التهوية.,3,,,بطاقة مشاركة مطلوبة,Pasted text (3)(3).txt,simple,simple,advanced,simple,اعتُمد مستوى بُعدين من ثلاثة: حجم الدور بسيط، الترابط والتنظيم متقدم، الاختيار والتكيف بسيط.,false
HOME-059-OP001,HOME-059,التخلص من عبوات المعطرات الفارغة.,1,,,بطاقة مشاركة مطلوبة,Pasted text (3)(3).txt,moderate,moderate,moderate,simple,اعتُمد مستوى بُعدين من ثلاثة: حجم الدور متوسط، الترابط والتنظيم متوسط، الاختيار والتكيف بسيط.,false
HOME-059-OP002,HOME-059,تركيب عبوات التعطير الجديدة.,2,,,بطاقة مشاركة مطلوبة,Pasted text (3)(3).txt,moderate,moderate,moderate,simple,اعتُمد مستوى بُعدين من ثلاثة: حجم الدور متوسط، الترابط والتنظيم متوسط، الاختيار والتكيف بسيط.,false
HOME-059-OP003,HOME-059,توزيع الشموع الجديدة.,3,,,بطاقة مشاركة مطلوبة,Pasted text (3)(3).txt,simple,moderate,simple,simple,اعتُمد مستوى بُعدين من ثلاثة: حجم الدور متوسط، الترابط والتنظيم بسيط، الاختيار والتكيف بسيط.,false
HOME-060-OP001,HOME-060,استلام الفلتر بعد فكه.,1,,,بطاقة مشاركة مطلوبة,Pasted text (3)(3).txt,simple,simple,moderate,simple,اعتُمد مستوى بُعدين من ثلاثة: حجم الدور بسيط، الترابط والتنظيم متوسط، الاختيار والتكيف بسيط.,false
HOME-060-OP002,HOME-060,مسح أو غسل الفلتر.,2,,,بطاقة مشاركة مطلوبة,Pasted text (3)(3).txt,moderate,moderate,moderate,simple,اعتُمد مستوى بُعدين من ثلاثة: حجم الدور متوسط، الترابط والتنظيم متوسط، الاختيار والتكيف بسيط.,false
HOME-060-OP003,HOME-060,مناولة الفلتر لتركيبه.,3,,,بطاقة مشاركة مطلوبة,Pasted text (3)(3).txt,simple,moderate,simple,simple,اعتُمد مستوى بُعدين من ثلاثة: حجم الدور متوسط، الترابط والتنظيم بسيط، الاختيار والتكيف بسيط.,false
HOME-061-OP001,HOME-061,رش أو وضع قطرات الزيت على المفصلة.,1,,,بطاقة مشاركة مطلوبة,Pasted text (3)(3).txt,simple,simple,advanced,simple,اعتُمد مستوى بُعدين من ثلاثة: حجم الدور بسيط، الترابط والتنظيم متقدم، الاختيار والتكيف بسيط.,false
HOME-061-OP002,HOME-061,مسح الزيت الزائد بمنديل.,2,,,بطاقة مشاركة مطلوبة,Pasted text (3)(3).txt,simple,simple,moderate,simple,اعتُمد مستوى بُعدين من ثلاثة: حجم الدور بسيط، الترابط والتنظيم متوسط، الاختيار والتكيف بسيط.,false
HOME-061-OP003,HOME-061,تحريك الباب لتوزيع الزيت.,3,,,بطاقة مشاركة مطلوبة,Pasted text (3)(3).txt,moderate,moderate,moderate,simple,اعتُمد مستوى بُعدين من ثلاثة: حجم الدور متوسط، الترابط والتنظيم متوسط، الاختيار والتكيف بسيط.,false
HOME-062-OP001,HOME-062,كنس درجات السلم.,1,,,بطاقة مشاركة مطلوبة,Pasted text (3)(3).txt,simple,simple,simple,simple,تطابقت الأبعاد الثلاثة: حجم الدور بسيط، الترابط والتنظيم بسيط، الاختيار والتكيف بسيط.,false
HOME-062-OP002,HOME-062,مسح درابزين السلم (المقبض الجانبي).,2,,,بطاقة مشاركة مطلوبة,Pasted text (3)(3).txt,simple,simple,moderate,simple,اعتُمد مستوى بُعدين من ثلاثة: حجم الدور بسيط، الترابط والتنظيم متوسط، الاختيار والتكيف بسيط.,false
HOME-062-OP003,HOME-062,مسح الدرجات بالممسحة.,3,,,بطاقة مشاركة مطلوبة,Pasted text (3)(3).txt,simple,simple,simple,simple,تطابقت الأبعاد الثلاثة: حجم الدور بسيط، الترابط والتنظيم بسيط، الاختيار والتكيف بسيط.,false
HOME-063-OP001,HOME-063,فرز سلال الغسيل وتنسيقها.,1,,,بطاقة مشاركة مطلوبة,Pasted text (3)(3).txt,moderate,advanced,moderate,simple,حالة حدودية: اختلفت الأبعاد الثلاثة (حجم الدور متقدم، الترابط والتنظيم متوسط، الاختيار والتكيف بسيط)، واعتُمد المستوى المتوسط للمراجعة.,true
HOME-063-OP002,HOME-063,ترتيب عبوات المنظفات على الرف.,2,,,بطاقة مشاركة مطلوبة,Pasted text (3)(3).txt,moderate,moderate,moderate,simple,اعتُمد مستوى بُعدين من ثلاثة: حجم الدور متوسط، الترابط والتنظيم متوسط، الاختيار والتكيف بسيط.,false
HOME-063-OP003,HOME-063,طي طاولة الكي ووضعها في الركن.,3,,,بطاقة مشاركة مطلوبة,Pasted text (3)(3).txt,moderate,moderate,advanced,simple,حالة حدودية: اختلفت الأبعاد الثلاثة (حجم الدور متوسط، الترابط والتنظيم متقدم، الاختيار والتكيف بسيط)، واعتُمد المستوى المتوسط للمراجعة.,true
HOME-064-OP001,HOME-064,استخراج شبكة الوبر من المجفف وتنظيفها.,1,,,بطاقة مشاركة مطلوبة,Pasted text (3)(3).txt,moderate,moderate,advanced,simple,حالة حدودية: اختلفت الأبعاد الثلاثة (حجم الدور متوسط، الترابط والتنظيم متقدم، الاختيار والتكيف بسيط)، واعتُمد المستوى المتوسط للمراجعة.,true
HOME-064-OP002,HOME-064,مسح الإطار المطاطي الداخلي للغسالة.,2,,,بطاقة مشاركة مطلوبة,Pasted text (3)(3).txt,moderate,moderate,moderate,simple,اعتُمد مستوى بُعدين من ثلاثة: حجم الدور متوسط، الترابط والتنظيم متوسط، الاختيار والتكيف بسيط.,false
HOME-065-OP001,HOME-065,تفريغ الحقائب ومسحها من الداخل.,1,,,بطاقة مشاركة مطلوبة,Pasted text (3)(3).txt,simple,simple,moderate,simple,اعتُمد مستوى بُعدين من ثلاثة: حجم الدور بسيط، الترابط والتنظيم متوسط، الاختيار والتكيف بسيط.,false
HOME-065-OP002,HOME-065,تداخل الحقائب الصغيرة داخل الكبيرة.,2,,,بطاقة مشاركة مطلوبة,Pasted text (3)(3).txt,moderate,moderate,moderate,simple,اعتُمد مستوى بُعدين من ثلاثة: حجم الدور متوسط، الترابط والتنظيم متوسط، الاختيار والتكيف بسيط.,false
HOME-065-OP003,HOME-065,إعادة الحقائب إلى المخزن.,3,,,بطاقة مشاركة مطلوبة,Pasted text (3)(3).txt,moderate,moderate,moderate,simple,اعتُمد مستوى بُعدين من ثلاثة: حجم الدور متوسط، الترابط والتنظيم متوسط، الاختيار والتكيف بسيط.,false
HOME-066-OP001,HOME-066,كنس الأتربة خارجاً.,1,,,بطاقة مشاركة مطلوبة,Pasted text (3)(3).txt,simple,simple,simple,simple,تطابقت الأبعاد الثلاثة: حجم الدور بسيط، الترابط والتنظيم بسيط، الاختيار والتكيف بسيط.,false
HOME-066-OP002,HOME-066,مسح الباب الرئيسي من الخارج.,2,,,بطاقة مشاركة مطلوبة,Pasted text (3)(3).txt,simple,simple,moderate,simple,اعتُمد مستوى بُعدين من ثلاثة: حجم الدور بسيط، الترابط والتنظيم متوسط، الاختيار والتكيف بسيط.,false
HOME-067-OP001,HOME-067,فصل الأحذية الرياضية عن الرسمية.,1,,,بطاقة مشاركة مطلوبة,Pasted text (3)(3).txt,moderate,moderate,moderate,simple,اعتُمد مستوى بُعدين من ثلاثة: حجم الدور متوسط، الترابط والتنظيم متوسط، الاختيار والتكيف بسيط.,false
HOME-067-OP002,HOME-067,مسح نعل الحذاء أو تلميعه قبل إدخاله.,2,,,بطاقة مشاركة مطلوبة,Pasted text (3)(3).txt,simple,simple,advanced,simple,اعتُمد مستوى بُعدين من ثلاثة: حجم الدور بسيط، الترابط والتنظيم متقدم، الاختيار والتكيف بسيط.,false
HOME-067-OP003,HOME-067,ترتيب الأحذية داخل الخزانة.,3,,,بطاقة مشاركة مطلوبة,Pasted text (3)(3).txt,moderate,moderate,moderate,simple,اعتُمد مستوى بُعدين من ثلاثة: حجم الدور متوسط، الترابط والتنظيم متوسط، الاختيار والتكيف بسيط.,false
HOME-068-OP001,HOME-068,مسح الهيكل الخارجي للمكيف.,1,,,بطاقة مشاركة مطلوبة,Pasted text (3)(3).txt,moderate,moderate,moderate,simple,اعتُمد مستوى بُعدين من ثلاثة: حجم الدور متوسط، الترابط والتنظيم متوسط، الاختيار والتكيف بسيط.,false
HOME-068-OP002,HOME-068,غسل الفلاتر بالماء.,2,,,بطاقة مشاركة مطلوبة,Pasted text (3)(3).txt,simple,moderate,simple,simple,اعتُمد مستوى بُعدين من ثلاثة: حجم الدور متوسط، الترابط والتنظيم بسيط، الاختيار والتكيف بسيط.,false
HOME-069-OP001,HOME-069,جمع الكشافات والبطاريات الاحتياطية.,1,,,بطاقة مشاركة مطلوبة,Pasted text (3)(3).txt,moderate,moderate,moderate,simple,اعتُمد مستوى بُعدين من ثلاثة: حجم الدور متوسط، الترابط والتنظيم متوسط، الاختيار والتكيف بسيط.,false
HOME-069-OP002,HOME-069,ترتيب الشموع وأعواد الثقاب في درج محدد.,2,,,بطاقة مشاركة مطلوبة,Pasted text (3)(3).txt,moderate,moderate,advanced,simple,حالة حدودية: اختلفت الأبعاد الثلاثة (حجم الدور متوسط، الترابط والتنظيم متقدم، الاختيار والتكيف بسيط)، واعتُمد المستوى المتوسط للمراجعة.,true
HOME-070-OP001,HOME-070,مسح الأدوات (المطارق والمفكات).,1,,,بطاقة مشاركة مطلوبة,Pasted text (3)(3).txt,simple,simple,moderate,simple,اعتُمد مستوى بُعدين من ثلاثة: حجم الدور بسيط، الترابط والتنظيم متوسط، الاختيار والتكيف بسيط.,false
HOME-070-OP002,HOME-070,ترتيب الأدوات في جيوب صندوق الصيانة.,2,,,بطاقة مشاركة مطلوبة,Pasted text (3)(3).txt,moderate,moderate,advanced,simple,حالة حدودية: اختلفت الأبعاد الثلاثة (حجم الدور متوسط، الترابط والتنظيم متقدم، الاختيار والتكيف بسيط)، واعتُمد المستوى المتوسط للمراجعة.,true
HOME-071-OP001,HOME-071,تمرير المكنسة ذات الذراع الطويل على زوايا السقف.,1,,,بطاقة مشاركة مطلوبة,Pasted text (3)(3).txt,advanced,advanced,advanced,simple,اعتُمد مستوى بُعدين من ثلاثة: حجم الدور متقدم، الترابط والتنظيم متقدم، الاختيار والتكيف بسيط.,false
HOME-071-OP002,HOME-071,جمع ما يتساقط على الأرض بمكنسة صغيرة.,2,,,بطاقة مشاركة مطلوبة,Pasted text (3)(3).txt,simple,simple,advanced,simple,اعتُمد مستوى بُعدين من ثلاثة: حجم الدور بسيط، الترابط والتنظيم متقدم، الاختيار والتكيف بسيط.,false
HOME-072-OP001,HOME-072,تنظيف المروحة أو المدفأة قبل تخزينها.,1,,,بطاقة مشاركة مطلوبة,Pasted text (3)(3).txt,moderate,moderate,advanced,simple,حالة حدودية: اختلفت الأبعاد الثلاثة (حجم الدور متوسط، الترابط والتنظيم متقدم، الاختيار والتكيف بسيط)، واعتُمد المستوى المتوسط للمراجعة.,true
HOME-072-OP002,HOME-072,وضع كيس الحماية على الجهاز.,2,,,بطاقة مشاركة مطلوبة,Pasted text (3)(3).txt,moderate,moderate,moderate,simple,اعتُمد مستوى بُعدين من ثلاثة: حجم الدور متوسط، الترابط والتنظيم متوسط، الاختيار والتكيف بسيط.,false
HOME-072-OP003,HOME-072,نقل الجهاز لغرفة التخزين.,3,,,بطاقة مشاركة مطلوبة,Pasted text (3)(3).txt,moderate,moderate,moderate,simple,اعتُمد مستوى بُعدين من ثلاثة: حجم الدور متوسط، الترابط والتنظيم متوسط، الاختيار والتكيف بسيط.,false
HOME-073-OP001,HOME-073,كنس أرضية الكراج.,1,,,بطاقة مشاركة مطلوبة,Pasted text (3)(3).txt,simple,simple,simple,simple,تطابقت الأبعاد الثلاثة: حجم الدور بسيط، الترابط والتنظيم بسيط، الاختيار والتكيف بسيط.,false
HOME-073-OP002,HOME-073,تجميع أدوات غسيل السيارة في سلة واحدة.,2,,,بطاقة مشاركة مطلوبة,Pasted text (3)(3).txt,moderate,moderate,advanced,simple,حالة حدودية: اختلفت الأبعاد الثلاثة (حجم الدور متوسط، الترابط والتنظيم متقدم، الاختيار والتكيف بسيط)، واعتُمد المستوى المتوسط للمراجعة.,true
HOME-074-OP001,HOME-074,جمع ألعاب الحيوان.,1,,,بطاقة مشاركة مطلوبة,Pasted text (3)(3).txt,simple,simple,simple,simple,تطابقت الأبعاد الثلاثة: حجم الدور بسيط، الترابط والتنظيم بسيط، الاختيار والتكيف بسيط.,false
HOME-074-OP002,HOME-074,ترتيب أكياس الطعام في الرف المخصص.,2,,,بطاقة مشاركة مطلوبة,Pasted text (3)(3).txt,moderate,moderate,advanced,simple,حالة حدودية: اختلفت الأبعاد الثلاثة (حجم الدور متوسط، الترابط والتنظيم متقدم، الاختيار والتكيف بسيط)، واعتُمد المستوى المتوسط للمراجعة.,true
HOME-074-OP003,HOME-074,غسل أوعية الطعام والشرب.,3,,,بطاقة مشاركة مطلوبة,Pasted text (3)(3).txt,moderate,moderate,moderate,simple,اعتُمد مستوى بُعدين من ثلاثة: حجم الدور متوسط، الترابط والتنظيم متوسط، الاختيار والتكيف بسيط.,false
HOME-075-OP001,HOME-075,التخلص من الفضلات أو الرمل القديم.,1,,,بطاقة مشاركة مطلوبة,Pasted text (3)(3).txt,advanced,advanced,advanced,simple,اعتُمد مستوى بُعدين من ثلاثة: حجم الدور متقدم، الترابط والتنظيم متقدم، الاختيار والتكيف بسيط.,false
HOME-075-OP002,HOME-075,مسح أرضية القفص أو المنطقة.,2,,,بطاقة مشاركة مطلوبة,Pasted text (3)(3).txt,simple,simple,moderate,simple,اعتُمد مستوى بُعدين من ثلاثة: حجم الدور بسيط، الترابط والتنظيم متوسط، الاختيار والتكيف بسيط.,false
HOME-075-OP003,HOME-075,وضع المفارش أو الرمل الجديد.,3,,,بطاقة مشاركة مطلوبة,Pasted text (3)(3).txt,simple,simple,moderate,simple,اعتُمد مستوى بُعدين من ثلاثة: حجم الدور بسيط، الترابط والتنظيم متوسط، الاختيار والتكيف بسيط.,false
HOME-076-OP001,HOME-076,ترتيب الساعات في العلب.,1,,,بطاقة مشاركة مطلوبة,Pasted text (3)(3).txt,moderate,moderate,moderate,simple,اعتُمد مستوى بُعدين من ثلاثة: حجم الدور متوسط، الترابط والتنظيم متوسط، الاختيار والتكيف بسيط.,false
HOME-076-OP002,HOME-076,تعليق القلائد لمنع تشابكها.,2,,,بطاقة مشاركة مطلوبة,Pasted text (3)(3).txt,moderate,moderate,moderate,simple,اعتُمد مستوى بُعدين من ثلاثة: حجم الدور متوسط، الترابط والتنظيم متوسط، الاختيار والتكيف بسيط.,false
HOME-076-OP003,HOME-076,مسح سطح التسريحة المخصص للإكسسوارات.,3,,,بطاقة مشاركة مطلوبة,Pasted text (3)(3).txt,simple,simple,moderate,simple,اعتُمد مستوى بُعدين من ثلاثة: حجم الدور بسيط، الترابط والتنظيم متوسط، الاختيار والتكيف بسيط.,false
HOME-077-OP001,HOME-077,مسح أجهزة الريموت بمناديل معقمة.,1,,,بطاقة مشاركة مطلوبة,Pasted text (3)(3).txt,simple,simple,moderate,simple,اعتُمد مستوى بُعدين من ثلاثة: حجم الدور بسيط، الترابط والتنظيم متوسط، الاختيار والتكيف بسيط.,false
HOME-077-OP002,HOME-077,تنظيف أزرار وسماعة الهاتف الأرضي.,2,,,بطاقة مشاركة مطلوبة,Pasted text (3)(3).txt,moderate,moderate,moderate,simple,اعتُمد مستوى بُعدين من ثلاثة: حجم الدور متوسط، الترابط والتنظيم متوسط، الاختيار والتكيف بسيط.,false
HOME-078-OP001,HOME-078,فرز العبوات والتخلص من الفارغ منها.,1,,,بطاقة مشاركة مطلوبة,Pasted text (3)(3).txt,moderate,moderate,advanced,simple,حالة حدودية: اختلفت الأبعاد الثلاثة (حجم الدور متوسط، الترابط والتنظيم متقدم، الاختيار والتكيف بسيط)، واعتُمد المستوى المتوسط للمراجعة.,true
HOME-078-OP002,HOME-078,مسح الرفوف.,2,,,بطاقة مشاركة مطلوبة,Pasted text (3)(3).txt,simple,simple,simple,simple,تطابقت الأبعاد الثلاثة: حجم الدور بسيط، الترابط والتنظيم بسيط، الاختيار والتكيف بسيط.,false
HOME-078-OP003,HOME-078,ترتيب العبوات المتشابهة معاً.,3,,,بطاقة مشاركة مطلوبة,Pasted text (3)(3).txt,moderate,moderate,moderate,simple,اعتُمد مستوى بُعدين من ثلاثة: حجم الدور متوسط، الترابط والتنظيم متوسط، الاختيار والتكيف بسيط.,false
HOME-079-OP001,HOME-079,جمع الستارة القديمة لوضعها في الغسيل.,1,,,بطاقة مشاركة مطلوبة,Pasted text (3)(3).txt,simple,simple,advanced,simple,اعتُمد مستوى بُعدين من ثلاثة: حجم الدور بسيط، الترابط والتنظيم متقدم، الاختيار والتكيف بسيط.,false
HOME-079-OP002,HOME-079,مناولة حلقات الستارة الجديدة للتركيب.,2,,,بطاقة مشاركة مطلوبة,Pasted text (3)(3).txt,moderate,advanced,moderate,simple,حالة حدودية: اختلفت الأبعاد الثلاثة (حجم الدور متقدم، الترابط والتنظيم متوسط، الاختيار والتكيف بسيط)، واعتُمد المستوى المتوسط للمراجعة.,true
HOME-080-OP001,HOME-080,كنس الشرفة جيداً.,1,,,بطاقة مشاركة مطلوبة,Pasted text (3)(3).txt,simple,simple,simple,simple,تطابقت الأبعاد الثلاثة: حجم الدور بسيط، الترابط والتنظيم بسيط، الاختيار والتكيف بسيط.,false
HOME-080-OP002,HOME-080,سكب الماء والصابون.,2,,,بطاقة مشاركة مطلوبة,Pasted text (3)(3).txt,simple,simple,simple,simple,تطابقت الأبعاد الثلاثة: حجم الدور بسيط، الترابط والتنظيم بسيط، الاختيار والتكيف بسيط.,false
HOME-080-OP003,HOME-080,دفع الماء بالممسحة المطاطية نحو المصرف.,3,,,بطاقة مشاركة مطلوبة,Pasted text (3)(3).txt,advanced,advanced,advanced,simple,اعتُمد مستوى بُعدين من ثلاثة: حجم الدور متقدم، الترابط والتنظيم متقدم، الاختيار والتكيف بسيط.,false
HOME-081-OP001,HOME-081,تجميع الأجهزة الموسمية.,1,,,بطاقة مشاركة مطلوبة,Pasted text (3)(3).txt,simple,moderate,simple,simple,اعتُمد مستوى بُعدين من ثلاثة: حجم الدور متوسط، الترابط والتنظيم بسيط، الاختيار والتكيف بسيط.,false
HOME-081-OP002,HOME-081,تنظيفها ومسحها.,2,,,بطاقة مشاركة مطلوبة,Pasted text (3)(3).txt,simple,moderate,simple,simple,اعتُمد مستوى بُعدين من ثلاثة: حجم الدور متوسط، الترابط والتنظيم بسيط، الاختيار والتكيف بسيط.,false
HOME-081-OP003,HOME-081,إعادتها للكرتون الأصلي أو غلافها.,3,,,بطاقة مشاركة مطلوبة,Pasted text (3)(3).txt,moderate,moderate,moderate,simple,اعتُمد مستوى بُعدين من ثلاثة: حجم الدور متوسط، الترابط والتنظيم متوسط، الاختيار والتكيف بسيط.,false
HOME-082-OP001,HOME-082,نقع الفلاتر المعدنية في ماء ساخن.,1,,,بطاقة مشاركة مطلوبة,Pasted text (3)(3).txt,advanced,advanced,advanced,simple,اعتُمد مستوى بُعدين من ثلاثة: حجم الدور متقدم، الترابط والتنظيم متقدم، الاختيار والتكيف بسيط.,false
HOME-082-OP002,HOME-082,فرك الفلاتر بالفرشاة لإزالة الدهون.,2,,,بطاقة مشاركة مطلوبة,Pasted text (3)(3).txt,moderate,moderate,moderate,simple,اعتُمد مستوى بُعدين من ثلاثة: حجم الدور متوسط، الترابط والتنظيم متوسط، الاختيار والتكيف بسيط.,false
HOME-082-OP003,HOME-082,شطف الفلاتر وتجفيفها.,3,,,بطاقة مشاركة مطلوبة,Pasted text (3)(3).txt,simple,simple,simple,simple,تطابقت الأبعاد الثلاثة: حجم الدور بسيط، الترابط والتنظيم بسيط، الاختيار والتكيف بسيط.,false
HOME-083-OP001,HOME-083,رص عبوات الحفاضات.,1,,,بطاقة مشاركة مطلوبة,Pasted text (3)(3).txt,simple,simple,simple,simple,تطابقت الأبعاد الثلاثة: حجم الدور بسيط، الترابط والتنظيم بسيط، الاختيار والتكيف بسيط.,false
HOME-083-OP002,HOME-083,ترتيب الكريمات وعلب المناديل المبللة.,2,,,بطاقة مشاركة مطلوبة,Pasted text (3)(3).txt,moderate,moderate,moderate,simple,اعتُمد مستوى بُعدين من ثلاثة: حجم الدور متوسط، الترابط والتنظيم متوسط، الاختيار والتكيف بسيط.,false
HOME-084-OP001,HOME-084,كنس الفتات من زوايا الكرسي.,1,,,بطاقة مشاركة مطلوبة,Pasted text (3)(3).txt,moderate,moderate,moderate,simple,اعتُمد مستوى بُعدين من ثلاثة: حجم الدور متوسط، الترابط والتنظيم متوسط، الاختيار والتكيف بسيط.,false
HOME-084-OP002,HOME-084,مسح الأجزاء البلاستيكية.,2,,,بطاقة مشاركة مطلوبة,Pasted text (3)(3).txt,simple,moderate,simple,simple,اعتُمد مستوى بُعدين من ثلاثة: حجم الدور متوسط، الترابط والتنظيم بسيط، الاختيار والتكيف بسيط.,false
HOME-085-OP001,HOME-085,فرز الألعاب التالفة.,1,,,بطاقة مشاركة مطلوبة,Pasted text (3)(3).txt,simple,moderate,simple,simple,اعتُمد مستوى بُعدين من ثلاثة: حجم الدور متوسط، الترابط والتنظيم بسيط، الاختيار والتكيف بسيط.,false
HOME-085-OP002,HOME-085,تجميع قطع التركيب في صناديقها.,2,,,بطاقة مشاركة مطلوبة,Pasted text (3)(3).txt,moderate,moderate,moderate,simple,اعتُمد مستوى بُعدين من ثلاثة: حجم الدور متوسط، الترابط والتنظيم متوسط، الاختيار والتكيف بسيط.,false
HOME-085-OP003,HOME-085,ترتيب الصناديق على الرفوف.,3,,,بطاقة مشاركة مطلوبة,Pasted text (3)(3).txt,moderate,moderate,moderate,simple,اعتُمد مستوى بُعدين من ثلاثة: حجم الدور متوسط، الترابط والتنظيم متوسط، الاختيار والتكيف بسيط.,false
HOME-086-OP001,HOME-086,رش مزيل الدهون على البقع الصعبة.,1,,,بطاقة مشاركة مطلوبة,Pasted text (3)(3).txt,advanced,advanced,advanced,simple,اعتُمد مستوى بُعدين من ثلاثة: حجم الدور متقدم، الترابط والتنظيم متقدم، الاختيار والتكيف بسيط.,false
HOME-086-OP002,HOME-086,فرك الأرضية.,2,,,بطاقة مشاركة مطلوبة,Pasted text (3)(3).txt,simple,simple,simple,simple,تطابقت الأبعاد الثلاثة: حجم الدور بسيط، الترابط والتنظيم بسيط، الاختيار والتكيف بسيط.,false
HOME-086-OP003,HOME-086,مسح الأرضية وتجفيفها بالكامل.,3,,,بطاقة مشاركة مطلوبة,Pasted text (3)(3).txt,simple,simple,moderate,simple,اعتُمد مستوى بُعدين من ثلاثة: حجم الدور بسيط، الترابط والتنظيم متوسط، الاختيار والتكيف بسيط.,false
HOME-087-OP001,HOME-087,مطابقة الأغطية مع العلب البلاستيكية.,1,,,بطاقة مشاركة مطلوبة,Pasted text (3)(3).txt,moderate,moderate,moderate,simple,اعتُمد مستوى بُعدين من ثلاثة: حجم الدور متوسط، الترابط والتنظيم متوسط، الاختيار والتكيف بسيط.,false
HOME-087-OP002,HOME-087,ترتيب العلب داخل بعضها.,2,,,بطاقة مشاركة مطلوبة,Pasted text (3)(3).txt,moderate,moderate,moderate,simple,اعتُمد مستوى بُعدين من ثلاثة: حجم الدور متوسط، الترابط والتنظيم متوسط، الاختيار والتكيف بسيط.,false
HOME-087-OP003,HOME-087,رص المقالي بشكل منظم.,3,,,بطاقة مشاركة مطلوبة,Pasted text (3)(3).txt,moderate,moderate,moderate,simple,اعتُمد مستوى بُعدين من ثلاثة: حجم الدور متوسط، الترابط والتنظيم متوسط، الاختيار والتكيف بسيط.,false
HOME-088-OP001,HOME-088,رش سائل التعقيم على فوطة نظيفة.,1,,,بطاقة مشاركة مطلوبة,Pasted text (3)(3).txt,moderate,moderate,advanced,simple,حالة حدودية: اختلفت الأبعاد الثلاثة (حجم الدور متوسط، الترابط والتنظيم متقدم، الاختيار والتكيف بسيط)، واعتُمد المستوى المتوسط للمراجعة.,true
HOME-088-OP002,HOME-088,مسح مقابض أبواب الغرف ومفاتيح الإضاءة.,2,,,بطاقة مشاركة مطلوبة,Pasted text (3)(3).txt,simple,simple,advanced,simple,اعتُمد مستوى بُعدين من ثلاثة: حجم الدور بسيط، الترابط والتنظيم متقدم، الاختيار والتكيف بسيط.,false
HOME-089-OP001,HOME-089,مسح وتلميع صواني التقديم.,1,,,بطاقة مشاركة مطلوبة,Pasted text (3)(3).txt,simple,simple,moderate,simple,اعتُمد مستوى بُعدين من ثلاثة: حجم الدور بسيط، الترابط والتنظيم متوسط، الاختيار والتكيف بسيط.,false
HOME-089-OP002,HOME-089,ترتيب الفناجين والأكواب في الخزانة الخاصة بالضيافة.,2,,,بطاقة مشاركة مطلوبة,Pasted text (3)(3).txt,moderate,moderate,advanced,simple,حالة حدودية: اختلفت الأبعاد الثلاثة (حجم الدور متوسط، الترابط والتنظيم متقدم، الاختيار والتكيف بسيط)، واعتُمد المستوى المتوسط للمراجعة.,true
HOME-090-OP001,HOME-090,إخراج الملابس لإفراغ الخزانة.,1,,,بطاقة مشاركة مطلوبة,Pasted text (3)(3).txt,moderate,moderate,moderate,simple,اعتُمد مستوى بُعدين من ثلاثة: حجم الدور متوسط، الترابط والتنظيم متوسط، الاختيار والتكيف بسيط.,false
HOME-090-OP002,HOME-090,مسح الرفوف وأرضية الخزانة.,2,,,بطاقة مشاركة مطلوبة,Pasted text (3)(3).txt,simple,simple,moderate,simple,اعتُمد مستوى بُعدين من ثلاثة: حجم الدور بسيط، الترابط والتنظيم متوسط، الاختيار والتكيف بسيط.,false
HOME-090-OP003,HOME-090,إعادة ترتيب الملابس بعد جفاف الرفوف.,3,,,بطاقة مشاركة مطلوبة,Pasted text (3)(3).txt,moderate,moderate,advanced,simple,حالة حدودية: اختلفت الأبعاد الثلاثة (حجم الدور متوسط، الترابط والتنظيم متقدم، الاختيار والتكيف بسيط)، واعتُمد المستوى المتوسط للمراجعة.,true
HOME-091-OP001,HOME-091,نزع الأغطية المتسخة.,1,,,بطاقة مشاركة مطلوبة,Pasted text (3)(3).txt,simple,moderate,simple,simple,اعتُمد مستوى بُعدين من ثلاثة: حجم الدور متوسط، الترابط والتنظيم بسيط، الاختيار والتكيف بسيط.,false
HOME-091-OP002,HOME-091,إدخال اللحاف في الغطاء الجديد.,2,,,بطاقة مشاركة مطلوبة,Pasted text (3)(3).txt,moderate,moderate,moderate,simple,اعتُمد مستوى بُعدين من ثلاثة: حجم الدور متوسط، الترابط والتنظيم متوسط، الاختيار والتكيف بسيط.,false
HOME-091-OP003,HOME-091,إدخال الوسائد في أغطيتها النظيفة.,3,,,بطاقة مشاركة مطلوبة,Pasted text (3)(3).txt,moderate,moderate,moderate,simple,اعتُمد مستوى بُعدين من ثلاثة: حجم الدور متوسط، الترابط والتنظيم متوسط، الاختيار والتكيف بسيط.,false
HOME-092-OP001,HOME-092,إفراغ محتويات الدرج.,1,,,بطاقة مشاركة مطلوبة,Pasted text (3)(3).txt,simple,simple,simple,simple,تطابقت الأبعاد الثلاثة: حجم الدور بسيط، الترابط والتنظيم بسيط، الاختيار والتكيف بسيط.,false
HOME-092-OP002,HOME-092,مسح الدرج من الداخل لإزالة الفتات.,2,,,بطاقة مشاركة مطلوبة,Pasted text (3)(3).txt,simple,simple,advanced,simple,اعتُمد مستوى بُعدين من ثلاثة: حجم الدور بسيط، الترابط والتنظيم متقدم، الاختيار والتكيف بسيط.,false
HOME-092-OP003,HOME-092,إعادة الأدوات بتنظيم.,3,,,بطاقة مشاركة مطلوبة,Pasted text (3)(3).txt,simple,advanced,simple,simple,اعتُمد مستوى بُعدين من ثلاثة: حجم الدور متقدم، الترابط والتنظيم بسيط، الاختيار والتكيف بسيط.,false
HOME-093-OP001,HOME-093,تجميع بكرات المناديل الإضافية.,1,,,بطاقة مشاركة مطلوبة,Pasted text (3)(3).txt,moderate,moderate,moderate,simple,اعتُمد مستوى بُعدين من ثلاثة: حجم الدور متوسط، الترابط والتنظيم متوسط، الاختيار والتكيف بسيط.,false
HOME-093-OP002,HOME-093,ترتيب علب المناديل فوق بعضها بشكل منظم.,2,,,بطاقة مشاركة مطلوبة,Pasted text (3)(3).txt,moderate,moderate,advanced,simple,حالة حدودية: اختلفت الأبعاد الثلاثة (حجم الدور متوسط، الترابط والتنظيم متقدم، الاختيار والتكيف بسيط)، واعتُمد المستوى المتوسط للمراجعة.,true
HOME-094-OP001,HOME-094,استلام غطاء الشفاط بعد فكه.,1,,,بطاقة مشاركة مطلوبة,Pasted text (3)(3).txt,simple,simple,moderate,simple,اعتُمد مستوى بُعدين من ثلاثة: حجم الدور بسيط، الترابط والتنظيم متوسط، الاختيار والتكيف بسيط.,false
HOME-094-OP002,HOME-094,مسحه وتجفيفه.,2,,,بطاقة مشاركة مطلوبة,Pasted text (3)(3).txt,simple,simple,simple,simple,تطابقت الأبعاد الثلاثة: حجم الدور بسيط، الترابط والتنظيم بسيط، الاختيار والتكيف بسيط.,false
HOME-094-OP003,HOME-094,مناولته لإعادة التركيب.,3,,,بطاقة مشاركة مطلوبة,Pasted text (3)(3).txt,simple,moderate,simple,simple,اعتُمد مستوى بُعدين من ثلاثة: حجم الدور متوسط، الترابط والتنظيم بسيط، الاختيار والتكيف بسيط.,false
HOME-095-OP001,HOME-095,طي البطانيات.,1,,,بطاقة مشاركة مطلوبة,Pasted text (3)(3).txt,simple,moderate,simple,simple,اعتُمد مستوى بُعدين من ثلاثة: حجم الدور متوسط، الترابط والتنظيم بسيط، الاختيار والتكيف بسيط.,false
HOME-095-OP002,HOME-095,وضع معطر أو أكياس لافندر بين المفارش.,2,,,بطاقة مشاركة مطلوبة,Pasted text (3)(3).txt,moderate,moderate,advanced,simple,حالة حدودية: اختلفت الأبعاد الثلاثة (حجم الدور متوسط، الترابط والتنظيم متقدم، الاختيار والتكيف بسيط)، واعتُمد المستوى المتوسط للمراجعة.,true
HOME-095-OP003,HOME-095,ترتيبها في الخزانة.,3,,,بطاقة مشاركة مطلوبة,Pasted text (3)(3).txt,simple,moderate,simple,simple,اعتُمد مستوى بُعدين من ثلاثة: حجم الدور متوسط، الترابط والتنظيم بسيط، الاختيار والتكيف بسيط.,false
HOME-096-OP001,HOME-096,ترتيب السجاد الصغير وإزالته مؤقتاً.,1,,,بطاقة مشاركة مطلوبة,Pasted text (3)(3).txt,moderate,moderate,moderate,simple,اعتُمد مستوى بُعدين من ثلاثة: حجم الدور متوسط، الترابط والتنظيم متوسط، الاختيار والتكيف بسيط.,false
HOME-096-OP002,HOME-096,كنس الأرضية بتركيز على المساحات تحت السرير.,2,,,بطاقة مشاركة مطلوبة,Pasted text (3)(3).txt,moderate,moderate,advanced,simple,حالة حدودية: اختلفت الأبعاد الثلاثة (حجم الدور متوسط، الترابط والتنظيم متقدم، الاختيار والتكيف بسيط)، واعتُمد المستوى المتوسط للمراجعة.,true
HOME-096-OP003,HOME-096,إعادة السجاد الصغير لمكانه.,3,,,بطاقة مشاركة مطلوبة,Pasted text (3)(3).txt,moderate,moderate,moderate,simple,اعتُمد مستوى بُعدين من ثلاثة: حجم الدور متوسط، الترابط والتنظيم متوسط، الاختيار والتكيف بسيط.,false
HOME-097-OP001,HOME-097,فرز الأشرطة اللاصقة والأسلاك.,1,,,بطاقة مشاركة مطلوبة,Pasted text (3)(3).txt,moderate,moderate,moderate,simple,اعتُمد مستوى بُعدين من ثلاثة: حجم الدور متوسط، الترابط والتنظيم متوسط، الاختيار والتكيف بسيط.,false
HOME-097-OP002,HOME-097,تجميع المفكات والأدوات ووضعها في حقيبة أو صندوق الصيانة.,2,,,بطاقة مشاركة مطلوبة,Pasted text (3)(3).txt,moderate,moderate,advanced,simple,حالة حدودية: اختلفت الأبعاد الثلاثة (حجم الدور متوسط، الترابط والتنظيم متقدم، الاختيار والتكيف بسيط)، واعتُمد المستوى المتوسط للمراجعة.,true
HOME-098-OP001,HOME-098,رش المنظف على الجدران القريبة من الموقد.,1,,,بطاقة مشاركة مطلوبة,Pasted text (3)(3).txt,advanced,advanced,advanced,simple,اعتُمد مستوى بُعدين من ثلاثة: حجم الدور متقدم، الترابط والتنظيم متقدم، الاختيار والتكيف بسيط.,false
HOME-098-OP002,HOME-098,فرك البقع بالإسفنجة.,2,,,بطاقة مشاركة مطلوبة,Pasted text (3)(3).txt,simple,simple,simple,simple,تطابقت الأبعاد الثلاثة: حجم الدور بسيط، الترابط والتنظيم بسيط، الاختيار والتكيف بسيط.,false
HOME-098-OP003,HOME-098,مسح الجدران وتجفيفها.,3,,,بطاقة مشاركة مطلوبة,Pasted text (3)(3).txt,simple,simple,simple,simple,تطابقت الأبعاد الثلاثة: حجم الدور بسيط، الترابط والتنظيم بسيط، الاختيار والتكيف بسيط.,false
HOME-099-OP001,HOME-099,إخراج الأحذية لمسح الرفوف.,1,,,بطاقة مشاركة مطلوبة,Pasted text (3)(3).txt,simple,simple,moderate,simple,اعتُمد مستوى بُعدين من ثلاثة: حجم الدور بسيط، الترابط والتنظيم متوسط، الاختيار والتكيف بسيط.,false
HOME-099-OP002,HOME-099,وضع أكياس امتصاص الرطوبة أو معطر الخزانة.,2,,,بطاقة مشاركة مطلوبة,Pasted text (3)(3).txt,moderate,moderate,advanced,simple,حالة حدودية: اختلفت الأبعاد الثلاثة (حجم الدور متوسط، الترابط والتنظيم متقدم، الاختيار والتكيف بسيط)، واعتُمد المستوى المتوسط للمراجعة.,true
HOME-099-OP003,HOME-099,إعادة ترتيب الأحذية بشكل منظم.,3,,,بطاقة مشاركة مطلوبة,Pasted text (3)(3).txt,moderate,moderate,moderate,simple,اعتُمد مستوى بُعدين من ثلاثة: حجم الدور متوسط، الترابط والتنظيم متوسط، الاختيار والتكيف بسيط.,false
HOME-100-OP001,HOME-100,عزل العبوات البلاستيكية الفارغة.,1,,,بطاقة مشاركة مطلوبة,Pasted text (3)(3).txt,moderate,moderate,moderate,simple,اعتُمد مستوى بُعدين من ثلاثة: حجم الدور متوسط، الترابط والتنظيم متوسط، الاختيار والتكيف بسيط.,false
HOME-100-OP002,HOME-100,طي وتجميع الكراتين والورق.,2,,,بطاقة مشاركة مطلوبة,Pasted text (3)(3).txt,moderate,moderate,moderate,simple,اعتُمد مستوى بُعدين من ثلاثة: حجم الدور متوسط، الترابط والتنظيم متوسط، الاختيار والتكيف بسيط.,false
HOME-100-OP003,HOME-100,وضع كل نوع في حاوية إعادة التدوير المخصصة.,3,,,بطاقة مشاركة مطلوبة,Pasted text (3)(3).txt,simple,simple,advanced,simple,اعتُمد مستوى بُعدين من ثلاثة: حجم الدور بسيط، الترابط والتنظيم متقدم، الاختيار والتكيف بسيط.,false
HOME-100-OP004,HOME-100,**ما أُضيف اليوم:** كتالوج أحداث إدارة المنزل (HOME-001 إلى HOME-100) متضمناً فرص المشاركة المستخرجة كأدوار فعلية.,4,,,بطاقة مشاركة مطلوبة,Pasted text (3)(3).txt,advanced,advanced,advanced,simple,اعتُمد مستوى بُعدين من ثلاثة: حجم الدور متقدم، الترابط والتنظيم متقدم، الاختيار والتكيف بسيط.,false
HOME-100-OP005,HOME-100,"**ما يحتاج استكمال بياناته:** تحويل فرص المشاركة إلى بطاقات أداء تفصيلية لاحقاً، وربطها بمرحلة ""الحياة الانتقالية"" لتخصيصها حسب مستويات الاستقلالية.",5,,,بطاقة مشاركة مطلوبة,Pasted text (3)(3).txt,advanced,advanced,advanced,moderate,اعتُمد مستوى بُعدين من ثلاثة: حجم الدور متقدم، الترابط والتنظيم متقدم، الاختيار والتكيف متوسط.,false
SHOP-001-OP001,SHOP-001,جرد محتويات الخزائن والثلاجة,1,,,معتمد مبدئيًا,Pasted text (3)(4).txt,moderate,moderate,moderate,simple,اعتُمد مستوى بُعدين من ثلاثة: حجم الدور متوسط، الترابط والتنظيم متوسط، الاختيار والتكيف بسيط.,false
SHOP-001-OP002,SHOP-001,تدوين المنتجات الناقصة (ورقيًا أو رقميًا),2,,,معتمد مبدئيًا,Pasted text (3)(4).txt,simple,advanced,simple,simple,اعتُمد مستوى بُعدين من ثلاثة: حجم الدور متقدم، الترابط والتنظيم بسيط، الاختيار والتكيف بسيط.,false
SHOP-001-OP003,SHOP-001,تصنيف القائمة حسب أقسام المتجر,3,,,معتمد مبدئيًا,Pasted text (3)(4).txt,moderate,moderate,simple,moderate,اعتُمد مستوى بُعدين من ثلاثة: حجم الدور متوسط، الترابط والتنظيم بسيط، الاختيار والتكيف متوسط.,false
SHOP-002-OP001,SHOP-002,فحص تواريخ صلاحية المنتجات الحالية,1,,,معتمد مبدئيًا,Pasted text (3)(4).txt,moderate,moderate,moderate,simple,اعتُمد مستوى بُعدين من ثلاثة: حجم الدور متوسط، الترابط والتنظيم متوسط، الاختيار والتكيف بسيط.,false
SHOP-002-OP002,SHOP-002,التبليغ عن المنتجات التي أوشكت على الانتهاء,2,,,معتمد مبدئيًا,Pasted text (3)(4).txt,simple,advanced,simple,simple,اعتُمد مستوى بُعدين من ثلاثة: حجم الدور متقدم، الترابط والتنظيم بسيط، الاختيار والتكيف بسيط.,false
SHOP-002-OP003,SHOP-002,كتابة مسودة النواقص الأولية,3,,,معتمد مبدئيًا,Pasted text (3)(4).txt,simple,moderate,simple,simple,اعتُمد مستوى بُعدين من ثلاثة: حجم الدور متوسط، الترابط والتنظيم بسيط، الاختيار والتكيف بسيط.,false
SHOP-003-OP001,SHOP-003,حساب المبالغ المتاحة للتسوق,1,,,معتمد مبدئيًا,Pasted text (3)(4).txt,moderate,moderate,moderate,simple,اعتُمد مستوى بُعدين من ثلاثة: حجم الدور متوسط، الترابط والتنظيم متوسط، الاختيار والتكيف بسيط.,false
SHOP-003-OP002,SHOP-003,توزيع الميزانية التقديرية على أقسام القائمة,2,,,معتمد مبدئيًا,Pasted text (3)(4).txt,simple,advanced,simple,simple,اعتُمد مستوى بُعدين من ثلاثة: حجم الدور متقدم، الترابط والتنظيم بسيط، الاختيار والتكيف بسيط.,false
SHOP-003-OP003,SHOP-003,تسجيل الميزانية في تطبيق المصروفات,3,,,معتمد مبدئيًا,Pasted text (3)(4).txt,simple,advanced,simple,simple,اعتُمد مستوى بُعدين من ثلاثة: حجم الدور متقدم، الترابط والتنظيم بسيط، الاختيار والتكيف بسيط.,false
SHOP-004-OP001,SHOP-004,تجهيز أكياس التسوق القابلة لإعادة الاستخدام,1,,,معتمد مبدئيًا,Pasted text (3)(4).txt,moderate,moderate,moderate,moderate,تطابقت الأبعاد الثلاثة: حجم الدور متوسط، الترابط والتنظيم متوسط، الاختيار والتكيف متوسط.,false
SHOP-004-OP002,SHOP-004,حمل الأكياس الفارغة إلى السيارة,2,,,معتمد مبدئيًا,Pasted text (3)(4).txt,moderate,moderate,moderate,simple,اعتُمد مستوى بُعدين من ثلاثة: حجم الدور متوسط، الترابط والتنظيم متوسط، الاختيار والتكيف بسيط.,false
SHOP-004-OP003,SHOP-004,التأكد من إغلاق أبواب المنزل قبل المغادرة,3,,,معتمد مبدئيًا,Pasted text (3)(4).txt,simple,simple,moderate,simple,اعتُمد مستوى بُعدين من ثلاثة: حجم الدور بسيط، الترابط والتنظيم متوسط، الاختيار والتكيف بسيط.,false
SHOP-005-OP001,SHOP-005,اختيار الثمار السليمة والناضجة,1,,,معتمد مبدئيًا,Pasted text (3)(4).txt,moderate,moderate,advanced,moderate,اعتُمد مستوى بُعدين من ثلاثة: حجم الدور متوسط، الترابط والتنظيم متقدم، الاختيار والتكيف متوسط.,false
SHOP-005-OP002,SHOP-005,وضع الخضار في الأكياس المخصصة,2,,,معتمد مبدئيًا,Pasted text (3)(4).txt,moderate,moderate,moderate,simple,اعتُمد مستوى بُعدين من ثلاثة: حجم الدور متوسط، الترابط والتنظيم متوسط، الاختيار والتكيف بسيط.,false
SHOP-005-OP003,SHOP-005,تسليم الأكياس للوزن أو وضعها في العربة,3,,,معتمد مبدئيًا,Pasted text (3)(4).txt,moderate,moderate,moderate,simple,اعتُمد مستوى بُعدين من ثلاثة: حجم الدور متوسط، الترابط والتنظيم متوسط، الاختيار والتكيف بسيط.,false
SHOP-006-OP001,SHOP-006,طلب الكمية المحددة من موظف القسم,1,,,معتمد مبدئيًا,Pasted text (3)(4).txt,moderate,advanced,moderate,simple,حالة حدودية: اختلفت الأبعاد الثلاثة (حجم الدور متقدم، الترابط والتنظيم متوسط، الاختيار والتكيف بسيط)، واعتُمد المستوى المتوسط للمراجعة.,true
SHOP-006-OP002,SHOP-006,استلام مغلفات اللحوم,2,,,معتمد مبدئيًا,Pasted text (3)(4).txt,simple,simple,moderate,simple,اعتُمد مستوى بُعدين من ثلاثة: حجم الدور بسيط، الترابط والتنظيم متوسط، الاختيار والتكيف بسيط.,false
SHOP-006-OP003,SHOP-006,التأكد من إغلاق المغلفات قبل وضعها بالعربة,3,,,معتمد مبدئيًا,Pasted text (3)(4).txt,simple,simple,moderate,simple,اعتُمد مستوى بُعدين من ثلاثة: حجم الدور بسيط، الترابط والتنظيم متوسط، الاختيار والتكيف بسيط.,false
SHOP-007-OP001,SHOP-007,اختيار نوع الخبز المطلوب,1,,,معتمد مبدئيًا,Pasted text (3)(4).txt,moderate,moderate,moderate,advanced,اعتُمد مستوى بُعدين من ثلاثة: حجم الدور متوسط، الترابط والتنظيم متوسط، الاختيار والتكيف متقدم.,false
SHOP-007-OP002,SHOP-007,فحص تاريخ الإنتاج,2,,,معتمد مبدئيًا,Pasted text (3)(4).txt,moderate,moderate,moderate,simple,اعتُمد مستوى بُعدين من ثلاثة: حجم الدور متوسط، الترابط والتنظيم متوسط، الاختيار والتكيف بسيط.,false
SHOP-007-OP003,SHOP-007,وضع المخبوزات في أعلى العربة لحمايتها من التلف,3,,,معتمد مبدئيًا,Pasted text (3)(4).txt,simple,simple,moderate,simple,اعتُمد مستوى بُعدين من ثلاثة: حجم الدور بسيط، الترابط والتنظيم متوسط، الاختيار والتكيف بسيط.,false
SHOP-008-OP001,SHOP-008,فتح وإغلاق أبواب الثلاجات في المتجر,1,,,معتمد مبدئيًا,Pasted text (3)(4).txt,simple,simple,advanced,simple,اعتُمد مستوى بُعدين من ثلاثة: حجم الدور بسيط، الترابط والتنظيم متقدم، الاختيار والتكيف بسيط.,false
SHOP-008-OP002,SHOP-008,اختيار المنتجات المجمدة السليمة,2,,,معتمد مبدئيًا,Pasted text (3)(4).txt,moderate,moderate,moderate,moderate,تطابقت الأبعاد الثلاثة: حجم الدور متوسط، الترابط والتنظيم متوسط، الاختيار والتكيف متوسط.,false
SHOP-008-OP003,SHOP-008,تجميع المجمدات في نهاية التسوق للحفاظ على برودتها,3,,,معتمد مبدئيًا,Pasted text (3)(4).txt,moderate,moderate,moderate,simple,اعتُمد مستوى بُعدين من ثلاثة: حجم الدور متوسط، الترابط والتنظيم متوسط، الاختيار والتكيف بسيط.,false
SHOP-009-OP001,SHOP-009,البحث عن الأصناف المطلوبة على الرفوف,1,,,معتمد مبدئيًا,Pasted text (3)(4).txt,moderate,advanced,moderate,simple,حالة حدودية: اختلفت الأبعاد الثلاثة (حجم الدور متقدم، الترابط والتنظيم متوسط، الاختيار والتكيف بسيط)، واعتُمد المستوى المتوسط للمراجعة.,true
SHOP-009-OP002,SHOP-009,فحص سلامة العبوات من الانبعاج أو التلف,2,,,معتمد مبدئيًا,Pasted text (3)(4).txt,moderate,moderate,advanced,simple,حالة حدودية: اختلفت الأبعاد الثلاثة (حجم الدور متوسط، الترابط والتنظيم متقدم، الاختيار والتكيف بسيط)، واعتُمد المستوى المتوسط للمراجعة.,true
SHOP-009-OP003,SHOP-009,مطابقة أحجام العبوات مع القائمة,3,,,معتمد مبدئيًا,Pasted text (3)(4).txt,moderate,moderate,simple,moderate,اعتُمد مستوى بُعدين من ثلاثة: حجم الدور متوسط، الترابط والتنظيم بسيط، الاختيار والتكيف متوسط.,false
SHOP-010-OP001,SHOP-010,اختيار الروائح والأنواع المفضلة,1,,,معتمد مبدئيًا,Pasted text (3)(4).txt,moderate,moderate,moderate,advanced,اعتُمد مستوى بُعدين من ثلاثة: حجم الدور متوسط، الترابط والتنظيم متوسط، الاختيار والتكيف متقدم.,false
SHOP-010-OP002,SHOP-010,التأكد من إحكام إغلاق العبوات السائلة,2,,,معتمد مبدئيًا,Pasted text (3)(4).txt,simple,simple,advanced,simple,اعتُمد مستوى بُعدين من ثلاثة: حجم الدور بسيط، الترابط والتنظيم متقدم، الاختيار والتكيف بسيط.,false
SHOP-010-OP003,SHOP-010,عزل المنظفات عن المواد الغذائية داخل العربة,3,,,معتمد مبدئيًا,Pasted text (3)(4).txt,moderate,advanced,moderate,simple,حالة حدودية: اختلفت الأبعاد الثلاثة (حجم الدور متقدم، الترابط والتنظيم متوسط، الاختيار والتكيف بسيط)، واعتُمد المستوى المتوسط للمراجعة.,true
SHOP-011-OP001,SHOP-011,مقارنة أحجام العبوات (شامبو، صابون),1,,,معتمد مبدئيًا,Pasted text (3)(4).txt,advanced,advanced,moderate,advanced,اعتُمد مستوى بُعدين من ثلاثة: حجم الدور متقدم، الترابط والتنظيم متوسط، الاختيار والتكيف متقدم.,false
SHOP-011-OP002,SHOP-011,اختيار العلامات التجارية المعتادة,2,,,معتمد مبدئيًا,Pasted text (3)(4).txt,moderate,moderate,moderate,moderate,تطابقت الأبعاد الثلاثة: حجم الدور متوسط، الترابط والتنظيم متوسط، الاختيار والتكيف متوسط.,false
SHOP-011-OP003,SHOP-011,وضع المستلزمات الشخصية في السلة,3,,,معتمد مبدئيًا,Pasted text (3)(4).txt,simple,simple,moderate,simple,اعتُمد مستوى بُعدين من ثلاثة: حجم الدور بسيط، الترابط والتنظيم متوسط، الاختيار والتكيف بسيط.,false
SHOP-012-OP001,SHOP-012,تقديم الوصفة الطبية للصيدلي,1,,,معتمد مبدئيًا,Pasted text (3)(4).txt,simple,simple,moderate,simple,اعتُمد مستوى بُعدين من ثلاثة: حجم الدور بسيط، الترابط والتنظيم متوسط، الاختيار والتكيف بسيط.,false
SHOP-012-OP002,SHOP-012,استلام الأدوية,2,,,معتمد مبدئيًا,Pasted text (3)(4).txt,simple,simple,moderate,simple,اعتُمد مستوى بُعدين من ثلاثة: حجم الدور بسيط، الترابط والتنظيم متوسط، الاختيار والتكيف بسيط.,false
SHOP-012-OP003,SHOP-012,دفع قيمة المشتريات الطبية,3,,,معتمد مبدئيًا,Pasted text (3)(4).txt,moderate,advanced,moderate,simple,حالة حدودية: اختلفت الأبعاد الثلاثة (حجم الدور متقدم، الترابط والتنظيم متوسط، الاختيار والتكيف بسيط)، واعتُمد المستوى المتوسط للمراجعة.,true
SHOP-013-OP001,SHOP-013,اختيار المقاس المناسب للحفاضات,1,,,معتمد مبدئيًا,Pasted text (3)(4).txt,moderate,moderate,moderate,advanced,اعتُمد مستوى بُعدين من ثلاثة: حجم الدور متوسط، الترابط والتنظيم متوسط، الاختيار والتكيف متقدم.,false
SHOP-013-OP002,SHOP-013,البحث عن العلامات التجارية المطلوبة لأغذية الأطفال,2,,,معتمد مبدئيًا,Pasted text (3)(4).txt,moderate,advanced,moderate,simple,حالة حدودية: اختلفت الأبعاد الثلاثة (حجم الدور متقدم، الترابط والتنظيم متوسط، الاختيار والتكيف بسيط)، واعتُمد المستوى المتوسط للمراجعة.,true
SHOP-013-OP003,SHOP-013,وضع المستلزمات في العربة,3,,,معتمد مبدئيًا,Pasted text (3)(4).txt,simple,simple,moderate,simple,اعتُمد مستوى بُعدين من ثلاثة: حجم الدور بسيط، الترابط والتنظيم متوسط، الاختيار والتكيف بسيط.,false
SHOP-014-OP001,SHOP-014,البحث عن المقاسات المناسبة,1,,,معتمد مبدئيًا,Pasted text (3)(4).txt,moderate,moderate,moderate,moderate,تطابقت الأبعاد الثلاثة: حجم الدور متوسط، الترابط والتنظيم متوسط، الاختيار والتكيف متوسط.,false
SHOP-014-OP002,SHOP-014,اختيار القطع والألوان,2,,,معتمد مبدئيًا,Pasted text (3)(4).txt,moderate,moderate,moderate,advanced,اعتُمد مستوى بُعدين من ثلاثة: حجم الدور متوسط، الترابط والتنظيم متوسط، الاختيار والتكيف متقدم.,false
SHOP-014-OP003,SHOP-014,نقل الملابس لغرفة القياس,3,,,معتمد مبدئيًا,Pasted text (3)(4).txt,moderate,moderate,moderate,simple,اعتُمد مستوى بُعدين من ثلاثة: حجم الدور متوسط، الترابط والتنظيم متوسط، الاختيار والتكيف بسيط.,false
SHOP-015-OP001,SHOP-015,البحث عن المقاس الصحيح,1,,,معتمد مبدئيًا,Pasted text (3)(4).txt,moderate,moderate,moderate,simple,اعتُمد مستوى بُعدين من ثلاثة: حجم الدور متوسط، الترابط والتنظيم متوسط، الاختيار والتكيف بسيط.,false
SHOP-015-OP002,SHOP-015,تجربة الحذاء والمشي به للتأكد من القياس,2,,,معتمد مبدئيًا,Pasted text (3)(4).txt,moderate,moderate,advanced,simple,حالة حدودية: اختلفت الأبعاد الثلاثة (حجم الدور متوسط، الترابط والتنظيم متقدم، الاختيار والتكيف بسيط)، واعتُمد المستوى المتوسط للمراجعة.,true
SHOP-015-OP003,SHOP-015,إعادة ترتيب الأحذية غير المناسبة في علبها,3,,,معتمد مبدئيًا,Pasted text (3)(4).txt,moderate,moderate,moderate,moderate,تطابقت الأبعاد الثلاثة: حجم الدور متوسط، الترابط والتنظيم متوسط، الاختيار والتكيف متوسط.,false
SHOP-016-OP001,SHOP-016,فحص جودة الإكسسوار أو الحقيبة,1,,,معتمد مبدئيًا,Pasted text (3)(4).txt,moderate,moderate,moderate,simple,اعتُمد مستوى بُعدين من ثلاثة: حجم الدور متوسط، الترابط والتنظيم متوسط، الاختيار والتكيف بسيط.,false
SHOP-016-OP002,SHOP-016,تجربة القطع للتأكد من الملاءمة,2,,,معتمد مبدئيًا,Pasted text (3)(4).txt,moderate,moderate,moderate,simple,اعتُمد مستوى بُعدين من ثلاثة: حجم الدور متوسط، الترابط والتنظيم متوسط، الاختيار والتكيف بسيط.,false
SHOP-016-OP003,SHOP-016,مناولة القطع المختارة للمحاسب,3,,,معتمد مبدئيًا,Pasted text (3)(4).txt,moderate,moderate,moderate,simple,اعتُمد مستوى بُعدين من ثلاثة: حجم الدور متوسط، الترابط والتنظيم متوسط، الاختيار والتكيف بسيط.,false
SHOP-017-OP001,SHOP-017,البحث عن الأدوات المطلوبة,1,,,معتمد مبدئيًا,Pasted text (3)(4).txt,moderate,moderate,moderate,simple,اعتُمد مستوى بُعدين من ثلاثة: حجم الدور متوسط، الترابط والتنظيم متوسط، الاختيار والتكيف بسيط.,false
SHOP-017-OP002,SHOP-017,فحص سلامة الأواني أو الأكواب الزجاجية,2,,,معتمد مبدئيًا,Pasted text (3)(4).txt,moderate,moderate,advanced,simple,حالة حدودية: اختلفت الأبعاد الثلاثة (حجم الدور متوسط، الترابط والتنظيم متقدم، الاختيار والتكيف بسيط)، واعتُمد المستوى المتوسط للمراجعة.,true
SHOP-017-OP003,SHOP-017,حمل الأدوات بحذر لتجنب الكسر,3,,,معتمد مبدئيًا,Pasted text (3)(4).txt,simple,simple,moderate,simple,اعتُمد مستوى بُعدين من ثلاثة: حجم الدور بسيط، الترابط والتنظيم متوسط، الاختيار والتكيف بسيط.,false
SHOP-018-OP001,SHOP-018,أخذ القياسات بالمتر الشريطي,1,,,معتمد مبدئيًا,Pasted text (3)(4).txt,moderate,moderate,moderate,simple,اعتُمد مستوى بُعدين من ثلاثة: حجم الدور متوسط، الترابط والتنظيم متوسط، الاختيار والتكيف بسيط.,false
SHOP-018-OP002,SHOP-018,تجربة الجلوس على الأثاث لتقييمه,2,,,معتمد مبدئيًا,Pasted text (3)(4).txt,moderate,moderate,moderate,simple,اعتُمد مستوى بُعدين من ثلاثة: حجم الدور متوسط، الترابط والتنظيم متوسط، الاختيار والتكيف بسيط.,false
SHOP-018-OP003,SHOP-018,مقارنة الخيارات المتوفرة في المعرض,3,,,معتمد مبدئيًا,Pasted text (3)(4).txt,advanced,advanced,moderate,advanced,اعتُمد مستوى بُعدين من ثلاثة: حجم الدور متقدم، الترابط والتنظيم متوسط، الاختيار والتكيف متقدم.,false
SHOP-019-OP001,SHOP-019,مقارنة مواصفات الأجهزة,1,,,معتمد مبدئيًا,Pasted text (3)(4).txt,advanced,advanced,moderate,advanced,اعتُمد مستوى بُعدين من ثلاثة: حجم الدور متقدم، الترابط والتنظيم متوسط، الاختيار والتكيف متقدم.,false
SHOP-019-OP002,SHOP-019,طلب تجربة الجهاز من البائع,2,,,معتمد مبدئيًا,Pasted text (3)(4).txt,moderate,advanced,moderate,simple,حالة حدودية: اختلفت الأبعاد الثلاثة (حجم الدور متقدم، الترابط والتنظيم متوسط، الاختيار والتكيف بسيط)، واعتُمد المستوى المتوسط للمراجعة.,true
SHOP-019-OP003,SHOP-019,استلام وحفظ شهادة الضمان والفاتورة,3,,,معتمد مبدئيًا,Pasted text (3)(4).txt,moderate,moderate,moderate,simple,اعتُمد مستوى بُعدين من ثلاثة: حجم الدور متوسط، الترابط والتنظيم متوسط، الاختيار والتكيف بسيط.,false
SHOP-020-OP001,SHOP-020,مراجعة قائمة الطلبات المدرسية,1,,,معتمد مبدئيًا,Pasted text (3)(4).txt,moderate,advanced,moderate,simple,حالة حدودية: اختلفت الأبعاد الثلاثة (حجم الدور متقدم، الترابط والتنظيم متوسط، الاختيار والتكيف بسيط)، واعتُمد المستوى المتوسط للمراجعة.,true
SHOP-020-OP002,SHOP-020,اختيار الدفاتر والأقلام,2,,,معتمد مبدئيًا,Pasted text (3)(4).txt,moderate,moderate,moderate,advanced,اعتُمد مستوى بُعدين من ثلاثة: حجم الدور متوسط، الترابط والتنظيم متوسط، الاختيار والتكيف متقدم.,false
SHOP-020-OP003,SHOP-020,وضع الأدوات في السلة,3,,,معتمد مبدئيًا,Pasted text (3)(4).txt,simple,simple,moderate,simple,اعتُمد مستوى بُعدين من ثلاثة: حجم الدور بسيط، الترابط والتنظيم متوسط، الاختيار والتكيف بسيط.,false
SHOP-021-OP001,SHOP-021,تجربة الأداة الرياضية في المتجر,1,,,معتمد مبدئيًا,Pasted text (3)(4).txt,moderate,moderate,moderate,simple,اعتُمد مستوى بُعدين من ثلاثة: حجم الدور متوسط، الترابط والتنظيم متوسط، الاختيار والتكيف بسيط.,false
SHOP-021-OP002,SHOP-021,اختيار المقاس المناسب,2,,,معتمد مبدئيًا,Pasted text (3)(4).txt,moderate,moderate,moderate,advanced,اعتُمد مستوى بُعدين من ثلاثة: حجم الدور متوسط، الترابط والتنظيم متوسط، الاختيار والتكيف متقدم.,false
SHOP-021-OP003,SHOP-021,فحص متانة الأداة,3,,,معتمد مبدئيًا,Pasted text (3)(4).txt,moderate,moderate,moderate,simple,اعتُمد مستوى بُعدين من ثلاثة: حجم الدور متوسط، الترابط والتنظيم متوسط، الاختيار والتكيف بسيط.,false
SHOP-022-OP001,SHOP-022,اختيار الهدية المناسبة للفئة العمرية,1,,,معتمد مبدئيًا,Pasted text (3)(4).txt,moderate,moderate,moderate,advanced,اعتُمد مستوى بُعدين من ثلاثة: حجم الدور متوسط، الترابط والتنظيم متوسط، الاختيار والتكيف متقدم.,false
SHOP-022-OP002,SHOP-022,طلب خدمة تغليف الهدية,2,,,معتمد مبدئيًا,Pasted text (3)(4).txt,moderate,advanced,moderate,simple,حالة حدودية: اختلفت الأبعاد الثلاثة (حجم الدور متقدم، الترابط والتنظيم متوسط، الاختيار والتكيف بسيط)، واعتُمد المستوى المتوسط للمراجعة.,true
SHOP-022-OP003,SHOP-022,كتابة بطاقة الإهداء,3,,,معتمد مبدئيًا,Pasted text (3)(4).txt,simple,simple,simple,moderate,اعتُمد مستوى بُعدين من ثلاثة: حجم الدور بسيط، الترابط والتنظيم بسيط، الاختيار والتكيف متوسط.,false
SHOP-023-OP001,SHOP-023,اختيار النباتات السليمة والخالية من الآفات,1,,,معتمد مبدئيًا,Pasted text (3)(4).txt,moderate,moderate,moderate,moderate,تطابقت الأبعاد الثلاثة: حجم الدور متوسط، الترابط والتنظيم متوسط، الاختيار والتكيف متوسط.,false
SHOP-023-OP002,SHOP-023,حمل أكياس التربة الزراعية,2,,,معتمد مبدئيًا,Pasted text (3)(4).txt,moderate,moderate,moderate,simple,اعتُمد مستوى بُعدين من ثلاثة: حجم الدور متوسط، الترابط والتنظيم متوسط، الاختيار والتكيف بسيط.,false
SHOP-023-OP003,SHOP-023,اختيار الأوعية أو الأحواض المناسبة,3,,,معتمد مبدئيًا,Pasted text (3)(4).txt,moderate,moderate,moderate,advanced,اعتُمد مستوى بُعدين من ثلاثة: حجم الدور متوسط، الترابط والتنظيم متوسط، الاختيار والتكيف متقدم.,false
SHOP-024-OP001,SHOP-024,مطابقة الأدوات مع المقاسات المطلوبة,1,,,معتمد مبدئيًا,Pasted text (3)(4).txt,moderate,moderate,simple,moderate,اعتُمد مستوى بُعدين من ثلاثة: حجم الدور متوسط، الترابط والتنظيم بسيط، الاختيار والتكيف متوسط.,false
SHOP-024-OP002,SHOP-024,حمل العبوات أو الأدوات الثقيلة (بمساعدة),2,,,معتمد مبدئيًا,Pasted text (3)(4).txt,simple,simple,moderate,simple,اعتُمد مستوى بُعدين من ثلاثة: حجم الدور بسيط، الترابط والتنظيم متوسط، الاختيار والتكيف بسيط.,false
SHOP-024-OP003,SHOP-024,تسليم قائمة الطلبات لمسؤول المبيعات,3,,,معتمد مبدئيًا,Pasted text (3)(4).txt,moderate,advanced,moderate,simple,حالة حدودية: اختلفت الأبعاد الثلاثة (حجم الدور متقدم، الترابط والتنظيم متوسط، الاختيار والتكيف بسيط)، واعتُمد المستوى المتوسط للمراجعة.,true
SHOP-025-OP001,SHOP-025,تقديم استمارة السيارة أو تفاصيل الموديل للبائع,1,,,معتمد مبدئيًا,Pasted text (3)(4).txt,simple,simple,moderate,simple,اعتُمد مستوى بُعدين من ثلاثة: حجم الدور بسيط، الترابط والتنظيم متوسط، الاختيار والتكيف بسيط.,false
SHOP-025-OP002,SHOP-025,استلام القطع وفحصها,2,,,معتمد مبدئيًا,Pasted text (3)(4).txt,moderate,moderate,moderate,simple,اعتُمد مستوى بُعدين من ثلاثة: حجم الدور متوسط، الترابط والتنظيم متوسط، الاختيار والتكيف بسيط.,false
SHOP-025-OP003,SHOP-025,حمل القطع إلى السيارة,3,,,معتمد مبدئيًا,Pasted text (3)(4).txt,simple,simple,moderate,simple,اعتُمد مستوى بُعدين من ثلاثة: حجم الدور بسيط، الترابط والتنظيم متوسط، الاختيار والتكيف بسيط.,false
SHOP-026-OP001,SHOP-026,تتبع خريطة المركز التجاري للوصول للمتاجر,1,,,معتمد مبدئيًا,Pasted text (3)(4).txt,moderate,advanced,moderate,simple,حالة حدودية: اختلفت الأبعاد الثلاثة (حجم الدور متقدم، الترابط والتنظيم متوسط، الاختيار والتكيف بسيط)، واعتُمد المستوى المتوسط للمراجعة.,true
SHOP-026-OP002,SHOP-026,حمل أكياس المشتريات,2,,,معتمد مبدئيًا,Pasted text (3)(4).txt,moderate,moderate,moderate,simple,اعتُمد مستوى بُعدين من ثلاثة: حجم الدور متوسط، الترابط والتنظيم متوسط، الاختيار والتكيف بسيط.,false
SHOP-026-OP003,SHOP-026,متابعة الوقت خلال التسوق,3,,,معتمد مبدئيًا,Pasted text (3)(4).txt,moderate,advanced,moderate,simple,حالة حدودية: اختلفت الأبعاد الثلاثة (حجم الدور متقدم، الترابط والتنظيم متوسط، الاختيار والتكيف بسيط)، واعتُمد المستوى المتوسط للمراجعة.,true
SHOP-027-OP001,SHOP-027,إبراز بطاقة المساهم عند الدفع,1,,,معتمد مبدئيًا,Pasted text (3)(4).txt,moderate,advanced,moderate,simple,حالة حدودية: اختلفت الأبعاد الثلاثة (حجم الدور متقدم، الترابط والتنظيم متوسط، الاختيار والتكيف بسيط)، واعتُمد المستوى المتوسط للمراجعة.,true
SHOP-027-OP002,SHOP-027,البحث عن المنتجات المخفضة الخاصة بالجمعية,2,,,معتمد مبدئيًا,Pasted text (3)(4).txt,simple,simple,moderate,simple,اعتُمد مستوى بُعدين من ثلاثة: حجم الدور بسيط، الترابط والتنظيم متوسط، الاختيار والتكيف بسيط.,false
SHOP-027-OP003,SHOP-027,دفع عربة التسوق داخل الممرات,3,,,معتمد مبدئيًا,Pasted text (3)(4).txt,moderate,advanced,moderate,simple,حالة حدودية: اختلفت الأبعاد الثلاثة (حجم الدور متقدم، الترابط والتنظيم متوسط، الاختيار والتكيف بسيط)، واعتُمد المستوى المتوسط للمراجعة.,true
SHOP-028-OP001,SHOP-028,الشراء السريع للطلبات اليومية,1,,,معتمد مبدئيًا,Pasted text (3)(4).txt,moderate,advanced,moderate,simple,حالة حدودية: اختلفت الأبعاد الثلاثة (حجم الدور متقدم، الترابط والتنظيم متوسط، الاختيار والتكيف بسيط)، واعتُمد المستوى المتوسط للمراجعة.,true
SHOP-028-OP002,SHOP-028,دفع المبلغ النقدي للبائع,2,,,معتمد مبدئيًا,Pasted text (3)(4).txt,simple,advanced,simple,simple,اعتُمد مستوى بُعدين من ثلاثة: حجم الدور متقدم، الترابط والتنظيم بسيط، الاختيار والتكيف بسيط.,false
SHOP-028-OP003,SHOP-028,استلام وتأكيد الباقي,3,,,معتمد مبدئيًا,Pasted text (3)(4).txt,moderate,moderate,moderate,simple,اعتُمد مستوى بُعدين من ثلاثة: حجم الدور متوسط، الترابط والتنظيم متوسط، الاختيار والتكيف بسيط.,false
SHOP-029-OP001,SHOP-029,الاستفسار من البائع عن تفاصيل المنتجات,1,,,معتمد مبدئيًا,Pasted text (3)(4).txt,moderate,advanced,moderate,simple,حالة حدودية: اختلفت الأبعاد الثلاثة (حجم الدور متقدم، الترابط والتنظيم متوسط، الاختيار والتكيف بسيط)، واعتُمد المستوى المتوسط للمراجعة.,true
SHOP-029-OP002,SHOP-029,مقارنة الخيارات المتخصصة,2,,,معتمد مبدئيًا,Pasted text (3)(4).txt,advanced,advanced,moderate,advanced,اعتُمد مستوى بُعدين من ثلاثة: حجم الدور متقدم، الترابط والتنظيم متوسط، الاختيار والتكيف متقدم.,false
SHOP-029-OP003,SHOP-029,اختيار المنتج النهائي,3,,,معتمد مبدئيًا,Pasted text (3)(4).txt,moderate,moderate,moderate,moderate,تطابقت الأبعاد الثلاثة: حجم الدور متوسط، الترابط والتنظيم متوسط، الاختيار والتكيف متوسط.,false
SHOP-030-OP001,SHOP-030,البحث في أقسام التخفيضات,1,,,معتمد مبدئيًا,Pasted text (3)(4).txt,moderate,moderate,moderate,simple,اعتُمد مستوى بُعدين من ثلاثة: حجم الدور متوسط، الترابط والتنظيم متوسط، الاختيار والتكيف بسيط.,false
SHOP-030-OP002,SHOP-030,مقارنة السعر الأصلي بسعر الخصم,2,,,معتمد مبدئيًا,Pasted text (3)(4).txt,moderate,advanced,moderate,moderate,اعتُمد مستوى بُعدين من ثلاثة: حجم الدور متقدم، الترابط والتنظيم متوسط، الاختيار والتكيف متوسط.,false
SHOP-030-OP003,SHOP-030,فحص جودة المنتجات المخفضة بدقة,3,,,معتمد مبدئيًا,Pasted text (3)(4).txt,moderate,moderate,moderate,simple,اعتُمد مستوى بُعدين من ثلاثة: حجم الدور متوسط، الترابط والتنظيم متوسط، الاختيار والتكيف بسيط.,false
SHOP-031-OP001,SHOP-031,تقييم جودة الصناديق الكبيرة,1,,,معتمد مبدئيًا,Pasted text (3)(4).txt,moderate,moderate,moderate,simple,اعتُمد مستوى بُعدين من ثلاثة: حجم الدور متوسط، الترابط والتنظيم متوسط، الاختيار والتكيف بسيط.,false
SHOP-031-OP002,SHOP-031,التفاوض المعقول على السعر,2,,,معتمد مبدئيًا,Pasted text (3)(4).txt,moderate,moderate,moderate,simple,اعتُمد مستوى بُعدين من ثلاثة: حجم الدور متوسط، الترابط والتنظيم متوسط، الاختيار والتكيف بسيط.,false
SHOP-031-OP003,SHOP-031,مساعدة الحمّال في توجيه الصناديق للسيارة,3,,,معتمد مبدئيًا,Pasted text (3)(4).txt,moderate,advanced,moderate,simple,حالة حدودية: اختلفت الأبعاد الثلاثة (حجم الدور متقدم، الترابط والتنظيم متوسط، الاختيار والتكيف بسيط)، واعتُمد المستوى المتوسط للمراجعة.,true
SHOP-032-OP001,SHOP-032,اختيار الأسماك الطازجة,1,,,معتمد مبدئيًا,Pasted text (3)(4).txt,moderate,moderate,moderate,moderate,تطابقت الأبعاد الثلاثة: حجم الدور متوسط، الترابط والتنظيم متوسط، الاختيار والتكيف متوسط.,false
SHOP-032-OP002,SHOP-032,طلب تنظيف وتقطيع الأسماك,2,,,معتمد مبدئيًا,Pasted text (3)(4).txt,moderate,advanced,moderate,simple,حالة حدودية: اختلفت الأبعاد الثلاثة (حجم الدور متقدم، الترابط والتنظيم متوسط، الاختيار والتكيف بسيط)، واعتُمد المستوى المتوسط للمراجعة.,true
SHOP-032-OP003,SHOP-032,استلام الأكياس بعد التجهيز,3,,,معتمد مبدئيًا,Pasted text (3)(4).txt,moderate,moderate,moderate,simple,اعتُمد مستوى بُعدين من ثلاثة: حجم الدور متوسط، الترابط والتنظيم متوسط، الاختيار والتكيف بسيط.,false
SHOP-033-OP001,SHOP-033,طلب الكمية والنوع المحدد,1,,,معتمد مبدئيًا,Pasted text (3)(4).txt,moderate,advanced,moderate,simple,حالة حدودية: اختلفت الأبعاد الثلاثة (حجم الدور متقدم، الترابط والتنظيم متوسط، الاختيار والتكيف بسيط)، واعتُمد المستوى المتوسط للمراجعة.,true
SHOP-033-OP002,SHOP-033,استلام الأكياس الساخنة بحذر,2,,,معتمد مبدئيًا,Pasted text (3)(4).txt,moderate,moderate,moderate,simple,اعتُمد مستوى بُعدين من ثلاثة: حجم الدور متوسط، الترابط والتنظيم متوسط، الاختيار والتكيف بسيط.,false
SHOP-033-OP003,SHOP-033,دفع الحساب للبائع,3,,,معتمد مبدئيًا,Pasted text (3)(4).txt,moderate,advanced,moderate,simple,حالة حدودية: اختلفت الأبعاد الثلاثة (حجم الدور متقدم، الترابط والتنظيم متوسط، الاختيار والتكيف بسيط)، واعتُمد المستوى المتوسط للمراجعة.,true
SHOP-034-OP001,SHOP-034,تحديد نوع التقطيع المطلوب من الجزار,1,,,معتمد مبدئيًا,Pasted text (3)(4).txt,moderate,moderate,moderate,moderate,تطابقت الأبعاد الثلاثة: حجم الدور متوسط، الترابط والتنظيم متوسط، الاختيار والتكيف متوسط.,false
SHOP-034-OP002,SHOP-034,مراقبة عملية الوزن,2,,,معتمد مبدئيًا,Pasted text (3)(4).txt,simple,simple,moderate,simple,اعتُمد مستوى بُعدين من ثلاثة: حجم الدور بسيط، الترابط والتنظيم متوسط، الاختيار والتكيف بسيط.,false
SHOP-034-OP003,SHOP-034,استلام الأكياس والدفع,3,,,معتمد مبدئيًا,Pasted text (3)(4).txt,moderate,advanced,moderate,simple,حالة حدودية: اختلفت الأبعاد الثلاثة (حجم الدور متقدم، الترابط والتنظيم متوسط، الاختيار والتكيف بسيط)، واعتُمد المستوى المتوسط للمراجعة.,true
SHOP-035-OP001,SHOP-035,مراجعة جودة المنتجات المعروضة,1,,,معتمد مبدئيًا,Pasted text (3)(4).txt,moderate,advanced,moderate,simple,حالة حدودية: اختلفت الأبعاد الثلاثة (حجم الدور متقدم، الترابط والتنظيم متوسط، الاختيار والتكيف بسيط)، واعتُمد المستوى المتوسط للمراجعة.,true
SHOP-035-OP002,SHOP-035,التفاوض على الأسعار,2,,,معتمد مبدئيًا,Pasted text (3)(4).txt,simple,simple,moderate,simple,اعتُمد مستوى بُعدين من ثلاثة: حجم الدور بسيط، الترابط والتنظيم متوسط، الاختيار والتكيف بسيط.,false
SHOP-035-OP003,SHOP-035,حمل المشتريات المباشرة,3,,,معتمد مبدئيًا,Pasted text (3)(4).txt,simple,simple,moderate,simple,اعتُمد مستوى بُعدين من ثلاثة: حجم الدور بسيط، الترابط والتنظيم متوسط، الاختيار والتكيف بسيط.,false
SHOP-036-OP001,SHOP-036,قراءة أسماء المنتجات للوصول للمطلوب,1,,,معتمد مبدئيًا,Pasted text (3)(4).txt,moderate,moderate,moderate,simple,اعتُمد مستوى بُعدين من ثلاثة: حجم الدور متوسط، الترابط والتنظيم متوسط، الاختيار والتكيف بسيط.,false
SHOP-036-OP002,SHOP-036,سحب المنتجات من الرف برفق,2,,,معتمد مبدئيًا,Pasted text (3)(4).txt,moderate,moderate,moderate,simple,اعتُمد مستوى بُعدين من ثلاثة: حجم الدور متوسط، الترابط والتنظيم متوسط، الاختيار والتكيف بسيط.,false
SHOP-036-OP003,SHOP-036,مطابقة المنتج المسحوب مع القائمة,3,,,معتمد مبدئيًا,Pasted text (3)(4).txt,simple,simple,simple,moderate,اعتُمد مستوى بُعدين من ثلاثة: حجم الدور بسيط، الترابط والتنظيم بسيط، الاختيار والتكيف متوسط.,false
SHOP-037-OP001,SHOP-037,البحث عن مكونات تسبب الحساسية,1,,,معتمد مبدئيًا,Pasted text (3)(4).txt,moderate,moderate,moderate,simple,اعتُمد مستوى بُعدين من ثلاثة: حجم الدور متوسط، الترابط والتنظيم متوسط، الاختيار والتكيف بسيط.,false
SHOP-037-OP002,SHOP-037,مقارنة السعرات الحرارية بين منتجين,2,,,معتمد مبدئيًا,Pasted text (3)(4).txt,moderate,advanced,moderate,moderate,اعتُمد مستوى بُعدين من ثلاثة: حجم الدور متقدم، الترابط والتنظيم متوسط، الاختيار والتكيف متوسط.,false
SHOP-037-OP003,SHOP-037,قراءة التعليمات الغذائية,3,,,معتمد مبدئيًا,Pasted text (3)(4).txt,simple,simple,simple,simple,تطابقت الأبعاد الثلاثة: حجم الدور بسيط، الترابط والتنظيم بسيط، الاختيار والتكيف بسيط.,false
SHOP-038-OP001,SHOP-038,قراءة تاريخ الإنتاج والانتهاء,1,,,معتمد مبدئيًا,Pasted text (3)(4).txt,moderate,moderate,moderate,simple,اعتُمد مستوى بُعدين من ثلاثة: حجم الدور متوسط، الترابط والتنظيم متوسط، الاختيار والتكيف بسيط.,false
SHOP-038-OP002,SHOP-038,البحث في الرفوف الخلفية عن تواريخ أطول,2,,,معتمد مبدئيًا,Pasted text (3)(4).txt,moderate,advanced,moderate,simple,حالة حدودية: اختلفت الأبعاد الثلاثة (حجم الدور متقدم، الترابط والتنظيم متوسط، الاختيار والتكيف بسيط)، واعتُمد المستوى المتوسط للمراجعة.,true
SHOP-038-OP003,SHOP-038,استبعاد المنتجات منتهية الصلاحية,3,,,معتمد مبدئيًا,Pasted text (3)(4).txt,moderate,moderate,moderate,advanced,اعتُمد مستوى بُعدين من ثلاثة: حجم الدور متوسط، الترابط والتنظيم متوسط، الاختيار والتكيف متقدم.,false
SHOP-039-OP001,SHOP-039,قراءة بطاقات الأسعار على الرفوف,1,,,معتمد مبدئيًا,Pasted text (3)(4).txt,moderate,moderate,moderate,moderate,تطابقت الأبعاد الثلاثة: حجم الدور متوسط، الترابط والتنظيم متوسط، الاختيار والتكيف متوسط.,false
SHOP-039-OP002,SHOP-039,مقارنة السعر بالنسبة للوزن أو الحجم,2,,,معتمد مبدئيًا,Pasted text (3)(4).txt,moderate,advanced,moderate,moderate,اعتُمد مستوى بُعدين من ثلاثة: حجم الدور متقدم، الترابط والتنظيم متوسط، الاختيار والتكيف متوسط.,false
SHOP-039-OP003,SHOP-039,اختيار المنتج الأوفر للقائمة,3,,,معتمد مبدئيًا,Pasted text (3)(4).txt,moderate,moderate,moderate,moderate,تطابقت الأبعاد الثلاثة: حجم الدور متوسط، الترابط والتنظيم متوسط، الاختيار والتكيف متوسط.,false
SHOP-040-OP001,SHOP-040,تدوين أسعار السلع الأساسية,1,,,معتمد مبدئيًا,Pasted text (3)(4).txt,simple,moderate,simple,simple,اعتُمد مستوى بُعدين من ثلاثة: حجم الدور متوسط، الترابط والتنظيم بسيط، الاختيار والتكيف بسيط.,false
SHOP-040-OP002,SHOP-040,زيارة متاجر مختلفة للاستطلاع,2,,,معتمد مبدئيًا,Pasted text (3)(4).txt,moderate,advanced,moderate,moderate,اعتُمد مستوى بُعدين من ثلاثة: حجم الدور متقدم، الترابط والتنظيم متوسط، الاختيار والتكيف متوسط.,false
SHOP-040-OP003,SHOP-040,اتخاذ قرار الشراء من المتجر الأنسب,3,,,معتمد مبدئيًا,Pasted text (3)(4).txt,moderate,advanced,moderate,moderate,اعتُمد مستوى بُعدين من ثلاثة: حجم الدور متقدم، الترابط والتنظيم متوسط، الاختيار والتكيف متوسط.,false
SHOP-041-OP001,SHOP-041,سحب العربة من منطقة التجمع,1,,,معتمد مبدئيًا,Pasted text (3)(4).txt,simple,simple,moderate,simple,اعتُمد مستوى بُعدين من ثلاثة: حجم الدور بسيط، الترابط والتنظيم متوسط، الاختيار والتكيف بسيط.,false
SHOP-041-OP002,SHOP-041,قيادة العربة بأمان بين الممرات,2,,,معتمد مبدئيًا,Pasted text (3)(4).txt,moderate,moderate,moderate,simple,اعتُمد مستوى بُعدين من ثلاثة: حجم الدور متوسط، الترابط والتنظيم متوسط، الاختيار والتكيف بسيط.,false
SHOP-041-OP003,SHOP-041,ترتيب المنتجات داخل العربة لضمان استيعابها,3,,,معتمد مبدئيًا,Pasted text (3)(4).txt,moderate,moderate,moderate,simple,اعتُمد مستوى بُعدين من ثلاثة: حجم الدور متوسط، الترابط والتنظيم متوسط، الاختيار والتكيف بسيط.,false
SHOP-042-OP001,SHOP-042,إحضار السلة عند الدخول,1,,,معتمد مبدئيًا,Pasted text (3)(4).txt,moderate,simple,moderate,moderate,اعتُمد مستوى بُعدين من ثلاثة: حجم الدور بسيط، الترابط والتنظيم متوسط، الاختيار والتكيف متوسط.,false
SHOP-042-OP002,SHOP-042,حمل السلة أثناء التنقل,2,,,معتمد مبدئيًا,Pasted text (3)(4).txt,simple,simple,moderate,simple,اعتُمد مستوى بُعدين من ثلاثة: حجم الدور بسيط، الترابط والتنظيم متوسط، الاختيار والتكيف بسيط.,false
SHOP-042-OP003,SHOP-042,ترتيب المنتجات داخلها لتحقيق التوازن,3,,,معتمد مبدئيًا,Pasted text (3)(4).txt,moderate,moderate,moderate,simple,اعتُمد مستوى بُعدين من ثلاثة: حجم الدور متوسط، الترابط والتنظيم متوسط، الاختيار والتكيف بسيط.,false
SHOP-043-OP001,SHOP-043,وضع المنتجات على ميزان المتجر الذاتي,1,,,معتمد مبدئيًا,Pasted text (3)(4).txt,simple,simple,moderate,simple,اعتُمد مستوى بُعدين من ثلاثة: حجم الدور بسيط، الترابط والتنظيم متوسط، الاختيار والتكيف بسيط.,false
SHOP-043-OP002,SHOP-043,إدخال كود الصنف أو اختياره من الشاشة,2,,,معتمد مبدئيًا,Pasted text (3)(4).txt,moderate,moderate,moderate,moderate,تطابقت الأبعاد الثلاثة: حجم الدور متوسط، الترابط والتنظيم متوسط، الاختيار والتكيف متوسط.,false
SHOP-043-OP003,SHOP-043,طباعة الملصق ولصقه على الكيس,3,,,معتمد مبدئيًا,Pasted text (3)(4).txt,moderate,moderate,moderate,simple,اعتُمد مستوى بُعدين من ثلاثة: حجم الدور متوسط، الترابط والتنظيم متوسط، الاختيار والتكيف بسيط.,false
SHOP-044-OP001,SHOP-044,البحث عن موظف متاح,1,,,معتمد مبدئيًا,Pasted text (3)(4).txt,moderate,moderate,moderate,simple,اعتُمد مستوى بُعدين من ثلاثة: حجم الدور متوسط، الترابط والتنظيم متوسط، الاختيار والتكيف بسيط.,false
SHOP-044-OP002,SHOP-044,توجيه السؤال بوضوح عن موقع المنتج,2,,,معتمد مبدئيًا,Pasted text (3)(4).txt,moderate,advanced,moderate,simple,حالة حدودية: اختلفت الأبعاد الثلاثة (حجم الدور متقدم، الترابط والتنظيم متوسط، الاختيار والتكيف بسيط)، واعتُمد المستوى المتوسط للمراجعة.,true
SHOP-044-OP003,SHOP-044,تتبع إرشادات الموظف للوصول للرف,3,,,معتمد مبدئيًا,Pasted text (3)(4).txt,simple,moderate,simple,simple,اعتُمد مستوى بُعدين من ثلاثة: حجم الدور متوسط، الترابط والتنظيم بسيط، الاختيار والتكيف بسيط.,false
SHOP-045-OP001,SHOP-045,حمل القطع المراد قياسها,1,,,معتمد مبدئيًا,Pasted text (3)(4).txt,moderate,moderate,moderate,simple,اعتُمد مستوى بُعدين من ثلاثة: حجم الدور متوسط، الترابط والتنظيم متوسط، الاختيار والتكيف بسيط.,false
SHOP-045-OP002,SHOP-045,تجربة الملابس والتأكد من الراحة,2,,,معتمد مبدئيًا,Pasted text (3)(4).txt,moderate,moderate,moderate,simple,اعتُمد مستوى بُعدين من ثلاثة: حجم الدور متوسط، الترابط والتنظيم متوسط، الاختيار والتكيف بسيط.,false
SHOP-045-OP003,SHOP-045,تسليم القطع غير المناسبة لموظف الغرفة,3,,,معتمد مبدئيًا,Pasted text (3)(4).txt,moderate,simple,moderate,moderate,اعتُمد مستوى بُعدين من ثلاثة: حجم الدور بسيط، الترابط والتنظيم متوسط، الاختيار والتكيف متوسط.,false
SHOP-046-OP001,SHOP-046,تجميع الكوبونات الورقية أو الرقمية مسبقاً,1,,,معتمد مبدئيًا,Pasted text (3)(4).txt,moderate,moderate,moderate,moderate,تطابقت الأبعاد الثلاثة: حجم الدور متوسط، الترابط والتنظيم متوسط، الاختيار والتكيف متوسط.,false
SHOP-046-OP002,SHOP-046,إبراز الكوبون للكاشير وقت الحساب,2,,,معتمد مبدئيًا,Pasted text (3)(4).txt,moderate,moderate,moderate,simple,اعتُمد مستوى بُعدين من ثلاثة: حجم الدور متوسط، الترابط والتنظيم متوسط، الاختيار والتكيف بسيط.,false
SHOP-046-OP003,SHOP-046,التأكد من تطبيق الخصم على الشاشة,3,,,معتمد مبدئيًا,Pasted text (3)(4).txt,moderate,advanced,moderate,simple,حالة حدودية: اختلفت الأبعاد الثلاثة (حجم الدور متقدم، الترابط والتنظيم متوسط، الاختيار والتكيف بسيط)، واعتُمد المستوى المتوسط للمراجعة.,true
SHOP-047-OP001,SHOP-047,إبراز بطاقة الولاء أو إدخال رقم الهاتف,1,,,معتمد مبدئيًا,Pasted text (3)(4).txt,simple,advanced,simple,simple,اعتُمد مستوى بُعدين من ثلاثة: حجم الدور متقدم، الترابط والتنظيم بسيط، الاختيار والتكيف بسيط.,false
SHOP-047-OP002,SHOP-047,الاستفسار عن رصيد النقاط المتاح,2,,,معتمد مبدئيًا,Pasted text (3)(4).txt,simple,moderate,simple,simple,اعتُمد مستوى بُعدين من ثلاثة: حجم الدور متوسط، الترابط والتنظيم بسيط، الاختيار والتكيف بسيط.,false
SHOP-047-OP003,SHOP-047,اتخاذ قرار بخصم النقاط من الفاتورة,3,,,معتمد مبدئيًا,Pasted text (3)(4).txt,moderate,advanced,moderate,moderate,اعتُمد مستوى بُعدين من ثلاثة: حجم الدور متقدم، الترابط والتنظيم متوسط، الاختيار والتكيف متوسط.,false
SHOP-048-OP001,SHOP-048,اختيار الطابور الأقصر أو المناسب للكمية,1,,,معتمد مبدئيًا,Pasted text (3)(4).txt,moderate,moderate,moderate,advanced,اعتُمد مستوى بُعدين من ثلاثة: حجم الدور متوسط، الترابط والتنظيم متوسط، الاختيار والتكيف متقدم.,false
SHOP-048-OP002,SHOP-048,الالتزام بالدور,2,,,معتمد مبدئيًا,Pasted text (3)(4).txt,simple,simple,moderate,simple,اعتُمد مستوى بُعدين من ثلاثة: حجم الدور بسيط، الترابط والتنظيم متوسط، الاختيار والتكيف بسيط.,false
SHOP-048-OP003,SHOP-048,التقدم بانتظام مع تحرك الطابور,3,,,معتمد مبدئيًا,Pasted text (3)(4).txt,moderate,moderate,moderate,simple,اعتُمد مستوى بُعدين من ثلاثة: حجم الدور متوسط، الترابط والتنظيم متوسط، الاختيار والتكيف بسيط.,false
SHOP-049-OP001,SHOP-049,إخراج المنتجات من العربة,1,,,معتمد مبدئيًا,Pasted text (3)(4).txt,moderate,moderate,moderate,simple,اعتُمد مستوى بُعدين من ثلاثة: حجم الدور متوسط، الترابط والتنظيم متوسط، الاختيار والتكيف بسيط.,false
SHOP-049-OP002,SHOP-049,ترتيب المنتجات بشكل يسهل مسحها,2,,,معتمد مبدئيًا,Pasted text (3)(4).txt,simple,moderate,simple,simple,اعتُمد مستوى بُعدين من ثلاثة: حجم الدور متوسط، الترابط والتنظيم بسيط، الاختيار والتكيف بسيط.,false
SHOP-049-OP003,SHOP-049,وضع الفاصل البلاستيكي بعد الانتهاء,3,,,معتمد مبدئيًا,Pasted text (3)(4).txt,moderate,moderate,moderate,advanced,اعتُمد مستوى بُعدين من ثلاثة: حجم الدور متوسط، الترابط والتنظيم متوسط، الاختيار والتكيف متقدم.,false
SHOP-050-OP001,SHOP-050,فرز المنتجات (عزل المنظفات عن الطعام),1,,,معتمد مبدئيًا,Pasted text (3)(4).txt,moderate,moderate,moderate,simple,اعتُمد مستوى بُعدين من ثلاثة: حجم الدور متوسط، الترابط والتنظيم متوسط، الاختيار والتكيف بسيط.,false
SHOP-050-OP002,SHOP-050,وضع الأشياء الثقيلة أسفل الكيس,2,,,معتمد مبدئيًا,Pasted text (3)(4).txt,moderate,moderate,moderate,simple,اعتُمد مستوى بُعدين من ثلاثة: حجم الدور متوسط، الترابط والتنظيم متوسط، الاختيار والتكيف بسيط.,false
SHOP-050-OP003,SHOP-050,توزيع الأوزان لتسهيل الحمل,3,,,معتمد مبدئيًا,Pasted text (3)(4).txt,simple,moderate,simple,simple,اعتُمد مستوى بُعدين من ثلاثة: حجم الدور متوسط، الترابط والتنظيم بسيط، الاختيار والتكيف بسيط.,false
SHOP-051-OP001,SHOP-051,تجهيز المبلغ المطلوب,1,,,معتمد مبدئيًا,Pasted text (3)(4).txt,moderate,moderate,moderate,simple,اعتُمد مستوى بُعدين من ثلاثة: حجم الدور متوسط، الترابط والتنظيم متوسط، الاختيار والتكيف بسيط.,false
SHOP-051-OP002,SHOP-051,تسليم النقود للكاشير,2,,,معتمد مبدئيًا,Pasted text (3)(4).txt,simple,simple,simple,simple,تطابقت الأبعاد الثلاثة: حجم الدور بسيط، الترابط والتنظيم بسيط، الاختيار والتكيف بسيط.,false
SHOP-051-OP003,SHOP-051,استلام الباقي والتأكد من صحته,3,,,معتمد مبدئيًا,Pasted text (3)(4).txt,simple,simple,moderate,simple,اعتُمد مستوى بُعدين من ثلاثة: حجم الدور بسيط، الترابط والتنظيم متوسط، الاختيار والتكيف بسيط.,false
SHOP-052-OP001,SHOP-052,تمرير أو إدخال البطاقة في الجهاز,1,,,معتمد مبدئيًا,Pasted text (3)(4).txt,moderate,advanced,moderate,simple,حالة حدودية: اختلفت الأبعاد الثلاثة (حجم الدور متقدم، الترابط والتنظيم متوسط، الاختيار والتكيف بسيط)، واعتُمد المستوى المتوسط للمراجعة.,true
SHOP-052-OP002,SHOP-052,إدخال الرقم السري,2,,,معتمد مبدئيًا,Pasted text (3)(4).txt,simple,simple,simple,simple,تطابقت الأبعاد الثلاثة: حجم الدور بسيط، الترابط والتنظيم بسيط، الاختيار والتكيف بسيط.,false
SHOP-052-OP003,SHOP-052,استلام وسحب البطاقة بعد نجاح العملية,3,,,معتمد مبدئيًا,Pasted text (3)(4).txt,simple,simple,moderate,simple,اعتُمد مستوى بُعدين من ثلاثة: حجم الدور بسيط، الترابط والتنظيم متوسط، الاختيار والتكيف بسيط.,false
SHOP-053-OP001,SHOP-053,فتح التطبيق وتجهيز رمز الدفع,1,,,معتمد مبدئيًا,Pasted text (3)(4).txt,moderate,advanced,moderate,simple,حالة حدودية: اختلفت الأبعاد الثلاثة (حجم الدور متقدم، الترابط والتنظيم متوسط، الاختيار والتكيف بسيط)، واعتُمد المستوى المتوسط للمراجعة.,true
SHOP-053-OP002,SHOP-053,تمرير الهاتف على جهاز القارئ,2,,,معتمد مبدئيًا,Pasted text (3)(4).txt,moderate,moderate,moderate,moderate,تطابقت الأبعاد الثلاثة: حجم الدور متوسط، الترابط والتنظيم متوسط، الاختيار والتكيف متوسط.,false
SHOP-053-OP003,SHOP-053,تأكيد عملية الدفع من الهاتف,3,,,معتمد مبدئيًا,Pasted text (3)(4).txt,simple,advanced,simple,simple,اعتُمد مستوى بُعدين من ثلاثة: حجم الدور متقدم، الترابط والتنظيم بسيط، الاختيار والتكيف بسيط.,false
SHOP-054-OP001,SHOP-054,تمرير المنتجات (الباركود) أمام الماسح,1,,,معتمد مبدئيًا,Pasted text (3)(4).txt,moderate,moderate,moderate,simple,اعتُمد مستوى بُعدين من ثلاثة: حجم الدور متوسط، الترابط والتنظيم متوسط، الاختيار والتكيف بسيط.,false
SHOP-054-OP002,SHOP-054,وضع المنتجات الممسوحة في منطقة الوزن المخصصة,2,,,معتمد مبدئيًا,Pasted text (3)(4).txt,simple,simple,simple,simple,تطابقت الأبعاد الثلاثة: حجم الدور بسيط، الترابط والتنظيم بسيط، الاختيار والتكيف بسيط.,false
SHOP-054-OP003,SHOP-054,إتمام عملية الدفع الآلي واستلام الإيصال,3,,,معتمد مبدئيًا,Pasted text (3)(4).txt,moderate,advanced,moderate,simple,حالة حدودية: اختلفت الأبعاد الثلاثة (حجم الدور متقدم، الترابط والتنظيم متوسط، الاختيار والتكيف بسيط)، واعتُمد المستوى المتوسط للمراجعة.,true
SHOP-055-OP001,SHOP-055,طلب الفاتورة الضريبية من الكاشير,1,,,معتمد مبدئيًا,Pasted text (3)(4).txt,moderate,advanced,moderate,simple,حالة حدودية: اختلفت الأبعاد الثلاثة (حجم الدور متقدم، الترابط والتنظيم متوسط، الاختيار والتكيف بسيط)، واعتُمد المستوى المتوسط للمراجعة.,true
SHOP-055-OP002,SHOP-055,تقديم البيانات المطلوبة,2,,,معتمد مبدئيًا,Pasted text (3)(4).txt,simple,simple,simple,simple,تطابقت الأبعاد الثلاثة: حجم الدور بسيط، الترابط والتنظيم بسيط، الاختيار والتكيف بسيط.,false
SHOP-055-OP003,SHOP-055,استلام الفاتورة والاحتفاظ بها,3,,,معتمد مبدئيًا,Pasted text (3)(4).txt,simple,simple,moderate,simple,اعتُمد مستوى بُعدين من ثلاثة: حجم الدور بسيط، الترابط والتنظيم متوسط، الاختيار والتكيف بسيط.,false
SHOP-056-OP001,SHOP-056,توزيع الأكياس لتوازن الحمل,1,,,معتمد مبدئيًا,Pasted text (3)(4).txt,simple,moderate,simple,simple,اعتُمد مستوى بُعدين من ثلاثة: حجم الدور متوسط، الترابط والتنظيم بسيط، الاختيار والتكيف بسيط.,false
SHOP-056-OP002,SHOP-056,حمل الأكياس حتى المخرج,2,,,معتمد مبدئيًا,Pasted text (3)(4).txt,moderate,moderate,moderate,simple,اعتُمد مستوى بُعدين من ثلاثة: حجم الدور متوسط، الترابط والتنظيم متوسط، الاختيار والتكيف بسيط.,false
SHOP-056-OP003,SHOP-056,إعادة عربة التسوق إلى المكان المخصص,3,,,معتمد مبدئيًا,Pasted text (3)(4).txt,moderate,advanced,moderate,simple,حالة حدودية: اختلفت الأبعاد الثلاثة (حجم الدور متقدم، الترابط والتنظيم متوسط، الاختيار والتكيف بسيط)، واعتُمد المستوى المتوسط للمراجعة.,true
SHOP-057-OP001,SHOP-057,فتح صندوق السيارة,1,,,معتمد مبدئيًا,Pasted text (3)(4).txt,simple,simple,simple,simple,تطابقت الأبعاد الثلاثة: حجم الدور بسيط، الترابط والتنظيم بسيط، الاختيار والتكيف بسيط.,false
SHOP-057-OP002,SHOP-057,نقل الأكياس من العربة إلى الصندوق,2,,,معتمد مبدئيًا,Pasted text (3)(4).txt,moderate,moderate,moderate,simple,اعتُمد مستوى بُعدين من ثلاثة: حجم الدور متوسط، الترابط والتنظيم متوسط، الاختيار والتكيف بسيط.,false
SHOP-057-OP003,SHOP-057,إغلاق الصندوق بإحكام,3,,,معتمد مبدئيًا,Pasted text (3)(4).txt,simple,simple,simple,moderate,اعتُمد مستوى بُعدين من ثلاثة: حجم الدور بسيط، الترابط والتنظيم بسيط، الاختيار والتكيف متوسط.,false
SHOP-058-OP001,SHOP-058,تأمين الأكياس لمنع انسكابها أثناء القيادة,1,,,معتمد مبدئيًا,Pasted text (3)(4).txt,simple,moderate,simple,simple,اعتُمد مستوى بُعدين من ثلاثة: حجم الدور متوسط، الترابط والتنظيم بسيط، الاختيار والتكيف بسيط.,false
SHOP-058-OP002,SHOP-058,عزل الأشياء القابلة للكسر كزجاجات الزيت,2,,,معتمد مبدئيًا,Pasted text (3)(4).txt,moderate,advanced,moderate,simple,حالة حدودية: اختلفت الأبعاد الثلاثة (حجم الدور متقدم، الترابط والتنظيم متوسط، الاختيار والتكيف بسيط)، واعتُمد المستوى المتوسط للمراجعة.,true
SHOP-058-OP003,SHOP-058,وضع الأغراض الخفيفة في الأعلى,3,,,معتمد مبدئيًا,Pasted text (3)(4).txt,simple,simple,moderate,simple,اعتُمد مستوى بُعدين من ثلاثة: حجم الدور بسيط، الترابط والتنظيم متوسط، الاختيار والتكيف بسيط.,false
SHOP-059-OP001,SHOP-059,حمل الأكياس من صندوق السيارة,1,,,معتمد مبدئيًا,Pasted text (3)(4).txt,moderate,moderate,moderate,simple,اعتُمد مستوى بُعدين من ثلاثة: حجم الدور متوسط، الترابط والتنظيم متوسط، الاختيار والتكيف بسيط.,false
SHOP-059-OP002,SHOP-059,التأكد من عدم نسيان أي غرض داخل السيارة,2,,,معتمد مبدئيًا,Pasted text (3)(4).txt,moderate,advanced,moderate,simple,حالة حدودية: اختلفت الأبعاد الثلاثة (حجم الدور متقدم، الترابط والتنظيم متوسط، الاختيار والتكيف بسيط)، واعتُمد المستوى المتوسط للمراجعة.,true
SHOP-059-OP003,SHOP-059,إغلاق السيارة,3,,,معتمد مبدئيًا,Pasted text (3)(4).txt,simple,simple,simple,simple,تطابقت الأبعاد الثلاثة: حجم الدور بسيط، الترابط والتنظيم بسيط، الاختيار والتكيف بسيط.,false
SHOP-060-OP001,SHOP-060,فتح باب المنزل,1,,,معتمد مبدئيًا,Pasted text (3)(4).txt,simple,simple,moderate,simple,اعتُمد مستوى بُعدين من ثلاثة: حجم الدور بسيط، الترابط والتنظيم متوسط، الاختيار والتكيف بسيط.,false
SHOP-060-OP002,SHOP-060,نقل الأكياس إلى المطبخ أو أماكن التخزين,2,,,معتمد مبدئيًا,Pasted text (3)(4).txt,moderate,moderate,moderate,simple,اعتُمد مستوى بُعدين من ثلاثة: حجم الدور متوسط، الترابط والتنظيم متوسط، الاختيار والتكيف بسيط.,false
SHOP-060-OP003,SHOP-060,وضع الأكياس على طاولة الفرز,3,,,معتمد مبدئيًا,Pasted text (3)(4).txt,moderate,moderate,moderate,simple,اعتُمد مستوى بُعدين من ثلاثة: حجم الدور متوسط، الترابط والتنظيم متوسط، الاختيار والتكيف بسيط.,false
SHOP-061-OP001,SHOP-061,إخراج المنتجات من الأكياس,1,,,معتمد مبدئيًا,Pasted text (3)(4).txt,moderate,moderate,moderate,simple,اعتُمد مستوى بُعدين من ثلاثة: حجم الدور متوسط، الترابط والتنظيم متوسط، الاختيار والتكيف بسيط.,false
SHOP-061-OP002,SHOP-061,فرز المشتريات بناءً على مكان تخزينها,2,,,معتمد مبدئيًا,Pasted text (3)(4).txt,moderate,moderate,moderate,simple,اعتُمد مستوى بُعدين من ثلاثة: حجم الدور متوسط، الترابط والتنظيم متوسط، الاختيار والتكيف بسيط.,false
SHOP-061-OP003,SHOP-061,عزل المنتجات التي تحتاج للتبريد الفوري,3,,,معتمد مبدئيًا,Pasted text (3)(4).txt,moderate,advanced,moderate,simple,حالة حدودية: اختلفت الأبعاد الثلاثة (حجم الدور متقدم، الترابط والتنظيم متوسط، الاختيار والتكيف بسيط)، واعتُمد المستوى المتوسط للمراجعة.,true
SHOP-062-OP001,SHOP-062,طي الأكياس القابلة لإعادة الاستخدام,1,,,معتمد مبدئيًا,Pasted text (3)(4).txt,moderate,moderate,moderate,simple,اعتُمد مستوى بُعدين من ثلاثة: حجم الدور متوسط، الترابط والتنظيم متوسط، الاختيار والتكيف بسيط.,false
SHOP-062-OP002,SHOP-062,تجميع الأغلفة البلاستيكية والورقية الزائدة,2,,,معتمد مبدئيًا,Pasted text (3)(4).txt,moderate,moderate,moderate,simple,اعتُمد مستوى بُعدين من ثلاثة: حجم الدور متوسط، الترابط والتنظيم متوسط، الاختيار والتكيف بسيط.,false
SHOP-062-OP003,SHOP-062,رمي الأغلفة التالفة في سلة المهملات,3,,,معتمد مبدئيًا,Pasted text (3)(4).txt,simple,simple,moderate,simple,اعتُمد مستوى بُعدين من ثلاثة: حجم الدور بسيط، الترابط والتنظيم متوسط، الاختيار والتكيف بسيط.,false
SHOP-063-OP001,SHOP-063,مسح العبوات الزجاجية أو البلاستيكية قبل إدخالها,1,,,معتمد مبدئيًا,Pasted text (3)(4).txt,simple,moderate,simple,simple,اعتُمد مستوى بُعدين من ثلاثة: حجم الدور متوسط، الترابط والتنظيم بسيط، الاختيار والتكيف بسيط.,false
SHOP-063-OP002,SHOP-063,ترتيب المنتجات على الرفوف المناسبة,2,,,معتمد مبدئيًا,Pasted text (3)(4).txt,moderate,moderate,moderate,moderate,تطابقت الأبعاد الثلاثة: حجم الدور متوسط، الترابط والتنظيم متوسط، الاختيار والتكيف متوسط.,false
SHOP-063-OP003,SHOP-063,تنظيم الخضار والفواكه في الأدراج المخصصة,3,,,معتمد مبدئيًا,Pasted text (3)(4).txt,moderate,advanced,moderate,simple,حالة حدودية: اختلفت الأبعاد الثلاثة (حجم الدور متقدم، الترابط والتنظيم متوسط، الاختيار والتكيف بسيط)، واعتُمد المستوى المتوسط للمراجعة.,true
SHOP-064-OP001,SHOP-064,ترتيب العلب والأكياس الجافة على الرفوف,1,,,معتمد مبدئيًا,Pasted text (3)(4).txt,moderate,moderate,moderate,simple,اعتُمد مستوى بُعدين من ثلاثة: حجم الدور متوسط، الترابط والتنظيم متوسط، الاختيار والتكيف بسيط.,false
SHOP-064-OP002,SHOP-064,وضع المنتجات الأحدث في الخلف لدعم استهلاك القديم,2,,,معتمد مبدئيًا,Pasted text (3)(4).txt,simple,simple,moderate,simple,اعتُمد مستوى بُعدين من ثلاثة: حجم الدور بسيط، الترابط والتنظيم متوسط، الاختيار والتكيف بسيط.,false
SHOP-065-OP001,SHOP-065,نقل المنظفات لخزانة أدوات التنظيف,1,,,معتمد مبدئيًا,Pasted text (3)(4).txt,moderate,moderate,moderate,simple,اعتُمد مستوى بُعدين من ثلاثة: حجم الدور متوسط، الترابط والتنظيم متوسط، الاختيار والتكيف بسيط.,false
SHOP-065-OP002,SHOP-065,ترتيب العبوات بشكل آمن ومغلق,2,,,معتمد مبدئيًا,Pasted text (3)(4).txt,moderate,moderate,moderate,simple,اعتُمد مستوى بُعدين من ثلاثة: حجم الدور متوسط، الترابط والتنظيم متوسط، الاختيار والتكيف بسيط.,false
SHOP-065-OP003,SHOP-065,التأكد من إبعادها عن المواد الغذائية,3,,,معتمد مبدئيًا,Pasted text (3)(4).txt,simple,advanced,simple,simple,اعتُمد مستوى بُعدين من ثلاثة: حجم الدور متقدم، الترابط والتنظيم بسيط، الاختيار والتكيف بسيط.,false
SHOP-066-OP001,SHOP-066,توزيع عبوات الشامبو والصابون في الحمامات,1,,,معتمد مبدئيًا,Pasted text (3)(4).txt,moderate,moderate,moderate,simple,اعتُمد مستوى بُعدين من ثلاثة: حجم الدور متوسط، الترابط والتنظيم متوسط، الاختيار والتكيف بسيط.,false
SHOP-066-OP002,SHOP-066,ترتيب الأدوات الاحتياطية في خزانة الحمام,2,,,معتمد مبدئيًا,Pasted text (3)(4).txt,moderate,moderate,moderate,simple,اعتُمد مستوى بُعدين من ثلاثة: حجم الدور متوسط، الترابط والتنظيم متوسط، الاختيار والتكيف بسيط.,false
SHOP-067-OP001,SHOP-067,إزالة بطاقات الأسعار والأغلفة,1,,,معتمد مبدئيًا,Pasted text (3)(4).txt,simple,moderate,simple,simple,اعتُمد مستوى بُعدين من ثلاثة: حجم الدور متوسط، الترابط والتنظيم بسيط، الاختيار والتكيف بسيط.,false
SHOP-067-OP002,SHOP-067,تعليق الملابس على الشماعات,2,,,معتمد مبدئيًا,Pasted text (3)(4).txt,moderate,moderate,moderate,simple,اعتُمد مستوى بُعدين من ثلاثة: حجم الدور متوسط، الترابط والتنظيم متوسط، الاختيار والتكيف بسيط.,false
SHOP-067-OP003,SHOP-067,ترتيب الملابس الجديدة في الخزانة,3,,,معتمد مبدئيًا,Pasted text (3)(4).txt,moderate,moderate,moderate,simple,اعتُمد مستوى بُعدين من ثلاثة: حجم الدور متوسط، الترابط والتنظيم متوسط، الاختيار والتكيف بسيط.,false
SHOP-068-OP001,SHOP-068,مطابقة المنتجات في الفاتورة مع المشتريات الفعلية,1,,,معتمد مبدئيًا,Pasted text (3)(4).txt,moderate,advanced,moderate,simple,حالة حدودية: اختلفت الأبعاد الثلاثة (حجم الدور متقدم، الترابط والتنظيم متوسط، الاختيار والتكيف بسيط)، واعتُمد المستوى المتوسط للمراجعة.,true
SHOP-068-OP002,SHOP-068,التأكد من صحة الأسعار والعروض المحتسبة,2,,,معتمد مبدئيًا,Pasted text (3)(4).txt,simple,advanced,simple,simple,اعتُمد مستوى بُعدين من ثلاثة: حجم الدور متقدم، الترابط والتنظيم بسيط، الاختيار والتكيف بسيط.,false
SHOP-069-OP001,SHOP-069,إدخال القيمة الإجمالية في تطبيق الميزانية,1,,,معتمد مبدئيًا,Pasted text (3)(4).txt,moderate,advanced,moderate,simple,حالة حدودية: اختلفت الأبعاد الثلاثة (حجم الدور متقدم، الترابط والتنظيم متوسط، الاختيار والتكيف بسيط)، واعتُمد المستوى المتوسط للمراجعة.,true
SHOP-069-OP002,SHOP-069,تصنيف المصروفات حسب الأقسام (طعام، تنظيف),2,,,معتمد مبدئيًا,Pasted text (3)(4).txt,moderate,moderate,simple,moderate,اعتُمد مستوى بُعدين من ثلاثة: حجم الدور متوسط، الترابط والتنظيم بسيط، الاختيار والتكيف متوسط.,false
SHOP-070-OP001,SHOP-070,كتابة تاريخ الشراء على الإيصال,1,,,معتمد مبدئيًا,Pasted text (3)(4).txt,moderate,advanced,moderate,simple,حالة حدودية: اختلفت الأبعاد الثلاثة (حجم الدور متقدم، الترابط والتنظيم متوسط، الاختيار والتكيف بسيط)، واعتُمد المستوى المتوسط للمراجعة.,true
SHOP-070-OP002,SHOP-070,إيداع الإيصال في الملف المخصص للضمانات,2,,,معتمد مبدئيًا,Pasted text (3)(4).txt,moderate,advanced,moderate,simple,حالة حدودية: اختلفت الأبعاد الثلاثة (حجم الدور متقدم، الترابط والتنظيم متوسط، الاختيار والتكيف بسيط)، واعتُمد المستوى المتوسط للمراجعة.,true
SHOP-071-OP001,SHOP-071,تصفح الأقسام وتطبيق الفلاتر (السعر، المقاس),1,,,معتمد مبدئيًا,Pasted text (3)(4).txt,moderate,advanced,moderate,simple,حالة حدودية: اختلفت الأبعاد الثلاثة (حجم الدور متقدم، الترابط والتنظيم متوسط، الاختيار والتكيف بسيط)، واعتُمد المستوى المتوسط للمراجعة.,true
SHOP-071-OP002,SHOP-071,البحث عن المنتجات المطلوبة,2,,,معتمد مبدئيًا,Pasted text (3)(4).txt,simple,moderate,simple,simple,اعتُمد مستوى بُعدين من ثلاثة: حجم الدور متوسط، الترابط والتنظيم بسيط، الاختيار والتكيف بسيط.,false
SHOP-071-OP003,SHOP-071,استعراض صور المنتج,3,,,معتمد مبدئيًا,Pasted text (3)(4).txt,simple,simple,moderate,simple,اعتُمد مستوى بُعدين من ثلاثة: حجم الدور بسيط، الترابط والتنظيم متوسط، الاختيار والتكيف بسيط.,false
SHOP-072-OP001,SHOP-072,تحديد الكميات المطلوبة,1,,,معتمد مبدئيًا,Pasted text (3)(4).txt,moderate,moderate,simple,moderate,اعتُمد مستوى بُعدين من ثلاثة: حجم الدور متوسط، الترابط والتنظيم بسيط، الاختيار والتكيف متوسط.,false
SHOP-072-OP002,SHOP-072,اختيار الخيارات (اللون، المقاس),2,,,معتمد مبدئيًا,Pasted text (3)(4).txt,moderate,moderate,simple,advanced,حالة حدودية: اختلفت الأبعاد الثلاثة (حجم الدور متوسط، الترابط والتنظيم بسيط، الاختيار والتكيف متقدم)، واعتُمد المستوى المتوسط للمراجعة.,true
SHOP-072-OP003,SHOP-072,"النقر على زر ""إضافة للسلة""",3,,,معتمد مبدئيًا,Pasted text (3)(4).txt,simple,moderate,simple,simple,اعتُمد مستوى بُعدين من ثلاثة: حجم الدور متوسط، الترابط والتنظيم بسيط، الاختيار والتكيف بسيط.,false
SHOP-073-OP001,SHOP-073,قراءة تقييمات وتعليقات المشترين,1,,,معتمد مبدئيًا,Pasted text (3)(4).txt,moderate,moderate,moderate,simple,اعتُمد مستوى بُعدين من ثلاثة: حجم الدور متوسط، الترابط والتنظيم متوسط، الاختيار والتكيف بسيط.,false
SHOP-073-OP002,SHOP-073,فحص الصور المرفقة من المستخدمين,2,,,معتمد مبدئيًا,Pasted text (3)(4).txt,moderate,moderate,moderate,simple,اعتُمد مستوى بُعدين من ثلاثة: حجم الدور متوسط، الترابط والتنظيم متوسط، الاختيار والتكيف بسيط.,false
SHOP-073-OP003,SHOP-073,اتخاذ قرار الشراء بناءً على المراجعات,3,,,معتمد مبدئيًا,Pasted text (3)(4).txt,moderate,advanced,simple,moderate,حالة حدودية: اختلفت الأبعاد الثلاثة (حجم الدور متقدم، الترابط والتنظيم بسيط، الاختيار والتكيف متوسط)، واعتُمد المستوى المتوسط للمراجعة.,true
SHOP-074-OP001,SHOP-074,حفظ المنتجات المفضلة للمقارنة اللاحقة,1,,,معتمد مبدئيًا,Pasted text (3)(4).txt,moderate,advanced,simple,moderate,حالة حدودية: اختلفت الأبعاد الثلاثة (حجم الدور متقدم، الترابط والتنظيم بسيط، الاختيار والتكيف متوسط)، واعتُمد المستوى المتوسط للمراجعة.,true
SHOP-074-OP002,SHOP-074,مراجعة وتصفية القائمة لاحقاً,2,,,معتمد مبدئيًا,Pasted text (3)(4).txt,moderate,advanced,moderate,simple,حالة حدودية: اختلفت الأبعاد الثلاثة (حجم الدور متقدم، الترابط والتنظيم متوسط، الاختيار والتكيف بسيط)، واعتُمد المستوى المتوسط للمراجعة.,true
SHOP-075-OP001,SHOP-075,مراجعة محتويات السلة النهائية,1,,,معتمد مبدئيًا,Pasted text (3)(4).txt,moderate,advanced,moderate,simple,حالة حدودية: اختلفت الأبعاد الثلاثة (حجم الدور متقدم، الترابط والتنظيم متوسط، الاختيار والتكيف بسيط)، واعتُمد المستوى المتوسط للمراجعة.,true
SHOP-075-OP002,SHOP-075,إدخال أو تأكيد عنوان التوصيل,2,,,معتمد مبدئيًا,Pasted text (3)(4).txt,moderate,moderate,moderate,simple,اعتُمد مستوى بُعدين من ثلاثة: حجم الدور متوسط، الترابط والتنظيم متوسط، الاختيار والتكيف بسيط.,false
SHOP-075-OP003,SHOP-075,اختيار طريقة الدفع وتأكيد الطلب,3,,,معتمد مبدئيًا,Pasted text (3)(4).txt,moderate,advanced,moderate,moderate,اعتُمد مستوى بُعدين من ثلاثة: حجم الدور متقدم، الترابط والتنظيم متوسط، الاختيار والتكيف متوسط.,false
SHOP-076-OP001,SHOP-076,مقارنة تكاليف أساليب الشحن المتاحة,1,,,معتمد مبدئيًا,Pasted text (3)(4).txt,advanced,advanced,moderate,advanced,اعتُمد مستوى بُعدين من ثلاثة: حجم الدور متقدم، الترابط والتنظيم متوسط، الاختيار والتكيف متقدم.,false
SHOP-076-OP002,SHOP-076,اختيار التوقيت المناسب للتوصيل,2,,,معتمد مبدئيًا,Pasted text (3)(4).txt,moderate,moderate,simple,advanced,حالة حدودية: اختلفت الأبعاد الثلاثة (حجم الدور متوسط، الترابط والتنظيم بسيط، الاختيار والتكيف متقدم)، واعتُمد المستوى المتوسط للمراجعة.,true
SHOP-076-OP003,SHOP-076,اعتماد الاختيار لإتمام العملية,3,,,معتمد مبدئيًا,Pasted text (3)(4).txt,moderate,moderate,simple,moderate,اعتُمد مستوى بُعدين من ثلاثة: حجم الدور متوسط، الترابط والتنظيم بسيط، الاختيار والتكيف متوسط.,false
SHOP-077-OP001,SHOP-077,فتح رابط التتبع دورياً,1,,,معتمد مبدئيًا,Pasted text (3)(4).txt,simple,simple,moderate,simple,اعتُمد مستوى بُعدين من ثلاثة: حجم الدور بسيط، الترابط والتنظيم متوسط، الاختيار والتكيف بسيط.,false
SHOP-077-OP002,SHOP-077,متابعة مسار الشحنة على الخريطة أو عبر الحالات,2,,,معتمد مبدئيًا,Pasted text (3)(4).txt,moderate,advanced,moderate,simple,حالة حدودية: اختلفت الأبعاد الثلاثة (حجم الدور متقدم، الترابط والتنظيم متوسط، الاختيار والتكيف بسيط)، واعتُمد المستوى المتوسط للمراجعة.,true
SHOP-077-OP003,SHOP-077,توقع وتحديد موعد الاستلام,3,,,معتمد مبدئيًا,Pasted text (3)(4).txt,moderate,advanced,moderate,moderate,اعتُمد مستوى بُعدين من ثلاثة: حجم الدور متقدم، الترابط والتنظيم متوسط، الاختيار والتكيف متوسط.,false
SHOP-078-OP001,SHOP-078,قراءة الرسالة النصية أو إشعار التطبيق,1,,,معتمد مبدئيًا,Pasted text (3)(4).txt,moderate,advanced,moderate,simple,حالة حدودية: اختلفت الأبعاد الثلاثة (حجم الدور متقدم، الترابط والتنظيم متوسط، الاختيار والتكيف بسيط)، واعتُمد المستوى المتوسط للمراجعة.,true
SHOP-078-OP002,SHOP-078,تجهيز كود الاستلام المطلوب,2,,,معتمد مبدئيًا,Pasted text (3)(4).txt,moderate,moderate,moderate,simple,اعتُمد مستوى بُعدين من ثلاثة: حجم الدور متوسط، الترابط والتنظيم متوسط، الاختيار والتكيف بسيط.,false
SHOP-078-OP003,SHOP-078,إبلاغ أفراد الأسرة بوصول المندوب,3,,,معتمد مبدئيًا,Pasted text (3)(4).txt,simple,moderate,simple,simple,اعتُمد مستوى بُعدين من ثلاثة: حجم الدور متوسط، الترابط والتنظيم بسيط، الاختيار والتكيف بسيط.,false
SHOP-079-OP001,SHOP-079,التوجه للباب لاستقبال المندوب,1,,,معتمد مبدئيًا,Pasted text (3)(4).txt,moderate,moderate,moderate,simple,اعتُمد مستوى بُعدين من ثلاثة: حجم الدور متوسط، الترابط والتنظيم متوسط، الاختيار والتكيف بسيط.,false
SHOP-079-OP002,SHOP-079,استلام الطرد أو الأكياس,2,,,معتمد مبدئيًا,Pasted text (3)(4).txt,moderate,moderate,moderate,simple,اعتُمد مستوى بُعدين من ثلاثة: حجم الدور متوسط، الترابط والتنظيم متوسط، الاختيار والتكيف بسيط.,false
SHOP-079-OP003,SHOP-079,تزويد المندوب بكود التسليم إن لزم,3,,,معتمد مبدئيًا,Pasted text (3)(4).txt,simple,simple,simple,simple,تطابقت الأبعاد الثلاثة: حجم الدور بسيط، الترابط والتنظيم بسيط، الاختيار والتكيف بسيط.,false
SHOP-080-OP001,SHOP-080,فتح الطرد أو الغلاف,1,,,معتمد مبدئيًا,Pasted text (3)(4).txt,simple,simple,moderate,simple,اعتُمد مستوى بُعدين من ثلاثة: حجم الدور بسيط، الترابط والتنظيم متوسط، الاختيار والتكيف بسيط.,false
SHOP-080-OP002,SHOP-080,مطابقة المحتويات مع الطلب الرقمي,2,,,معتمد مبدئيًا,Pasted text (3)(4).txt,simple,advanced,simple,simple,اعتُمد مستوى بُعدين من ثلاثة: حجم الدور متقدم، الترابط والتنظيم بسيط، الاختيار والتكيف بسيط.,false
SHOP-080-OP003,SHOP-080,فحص سلامة المنتجات من أي تلف,3,,,معتمد مبدئيًا,Pasted text (3)(4).txt,moderate,moderate,moderate,simple,اعتُمد مستوى بُعدين من ثلاثة: حجم الدور متوسط، الترابط والتنظيم متوسط، الاختيار والتكيف بسيط.,false
SHOP-081-OP001,SHOP-081,تجهيز المبلغ المطلوب نقداً,1,,,معتمد مبدئيًا,Pasted text (3)(4).txt,moderate,moderate,moderate,simple,اعتُمد مستوى بُعدين من ثلاثة: حجم الدور متوسط، الترابط والتنظيم متوسط، الاختيار والتكيف بسيط.,false
SHOP-081-OP002,SHOP-081,تسليم المبلغ للمندوب,2,,,معتمد مبدئيًا,Pasted text (3)(4).txt,simple,simple,simple,simple,تطابقت الأبعاد الثلاثة: حجم الدور بسيط، الترابط والتنظيم بسيط، الاختيار والتكيف بسيط.,false
SHOP-081-OP003,SHOP-081,استلام وتأكيد التغيير (الباقي),3,,,معتمد مبدئيًا,Pasted text (3)(4).txt,moderate,moderate,moderate,simple,اعتُمد مستوى بُعدين من ثلاثة: حجم الدور متوسط، الترابط والتنظيم متوسط، الاختيار والتكيف بسيط.,false
SHOP-082-OP001,SHOP-082,قراءة بيانات الإيصال,1,,,معتمد مبدئيًا,Pasted text (3)(4).txt,simple,simple,simple,simple,تطابقت الأبعاد الثلاثة: حجم الدور بسيط، الترابط والتنظيم بسيط، الاختيار والتكيف بسيط.,false
SHOP-082-OP002,SHOP-082,التوقيع بالاسم أو التوقيع الإلكتروني,2,,,معتمد مبدئيًا,Pasted text (3)(4).txt,simple,moderate,simple,simple,اعتُمد مستوى بُعدين من ثلاثة: حجم الدور متوسط، الترابط والتنظيم بسيط، الاختيار والتكيف بسيط.,false
SHOP-082-OP003,SHOP-082,استلام النسخة الخاصة بالعميل,3,,,معتمد مبدئيًا,Pasted text (3)(4).txt,simple,simple,moderate,simple,اعتُمد مستوى بُعدين من ثلاثة: حجم الدور بسيط، الترابط والتنظيم متوسط، الاختيار والتكيف بسيط.,false
SHOP-083-OP001,SHOP-083,تغليف المنتج بغلافه الأصلي,1,,,معتمد مبدئيًا,Pasted text (3)(4).txt,moderate,moderate,moderate,simple,اعتُمد مستوى بُعدين من ثلاثة: حجم الدور متوسط، الترابط والتنظيم متوسط، الاختيار والتكيف بسيط.,false
SHOP-083-OP002,SHOP-083,إحضار الفاتورة أو الإيصال,2,,,معتمد مبدئيًا,Pasted text (3)(4).txt,simple,simple,moderate,simple,اعتُمد مستوى بُعدين من ثلاثة: حجم الدور بسيط، الترابط والتنظيم متوسط، الاختيار والتكيف بسيط.,false
SHOP-083-OP003,SHOP-083,تسليم المنتج لموظف خدمة العملاء,3,,,معتمد مبدئيًا,Pasted text (3)(4).txt,simple,simple,moderate,simple,اعتُمد مستوى بُعدين من ثلاثة: حجم الدور بسيط، الترابط والتنظيم متوسط، الاختيار والتكيف بسيط.,false
SHOP-084-OP001,SHOP-084,اختيار البديل المناسب من الرفوف,1,,,معتمد مبدئيًا,Pasted text (3)(4).txt,moderate,moderate,moderate,advanced,اعتُمد مستوى بُعدين من ثلاثة: حجم الدور متوسط، الترابط والتنظيم متوسط، الاختيار والتكيف متقدم.,false
SHOP-084-OP002,SHOP-084,التوجه لقسم الاستبدال بالمنتج الجديد والقديم,2,,,معتمد مبدئيًا,Pasted text (3)(4).txt,moderate,advanced,moderate,simple,حالة حدودية: اختلفت الأبعاد الثلاثة (حجم الدور متقدم، الترابط والتنظيم متوسط، الاختيار والتكيف بسيط)، واعتُمد المستوى المتوسط للمراجعة.,true
SHOP-084-OP003,SHOP-084,إتمام عملية التبديل مع الموظف,3,,,معتمد مبدئيًا,Pasted text (3)(4).txt,moderate,moderate,moderate,moderate,تطابقت الأبعاد الثلاثة: حجم الدور متوسط، الترابط والتنظيم متوسط، الاختيار والتكيف متوسط.,false
SHOP-085-OP001,SHOP-085,تقديم طلب إرجاع في التطبيق,1,,,معتمد مبدئيًا,Pasted text (3)(4).txt,moderate,advanced,moderate,moderate,اعتُمد مستوى بُعدين من ثلاثة: حجم الدور متقدم، الترابط والتنظيم متوسط، الاختيار والتكيف متوسط.,false
SHOP-085-OP002,SHOP-085,تغليف المنتج وتجهيزه,2,,,معتمد مبدئيًا,Pasted text (3)(4).txt,moderate,moderate,moderate,simple,اعتُمد مستوى بُعدين من ثلاثة: حجم الدور متوسط، الترابط والتنظيم متوسط، الاختيار والتكيف بسيط.,false
SHOP-085-OP003,SHOP-085,تسليم الطرد لمندوب شركة الشحن,3,,,معتمد مبدئيًا,Pasted text (3)(4).txt,simple,simple,moderate,simple,اعتُمد مستوى بُعدين من ثلاثة: حجم الدور بسيط، الترابط والتنظيم متوسط، الاختيار والتكيف بسيط.,false
SHOP-086-OP001,SHOP-086,متابعة الحساب البنكي للتأكد من وصول الحوالة,1,,,معتمد مبدئيًا,Pasted text (3)(4).txt,moderate,advanced,moderate,simple,حالة حدودية: اختلفت الأبعاد الثلاثة (حجم الدور متقدم، الترابط والتنظيم متوسط، الاختيار والتكيف بسيط)، واعتُمد المستوى المتوسط للمراجعة.,true
SHOP-086-OP002,SHOP-086,حفظ رسالة التأكيد أو الإشعار,2,,,معتمد مبدئيًا,Pasted text (3)(4).txt,simple,moderate,simple,simple,اعتُمد مستوى بُعدين من ثلاثة: حجم الدور متوسط، الترابط والتنظيم بسيط، الاختيار والتكيف بسيط.,false
SHOP-087-OP001,SHOP-087,استلام بطاقة القسيمة أو تأكيد الرصيد الرقمي,1,,,معتمد مبدئيًا,Pasted text (3)(4).txt,simple,moderate,simple,simple,اعتُمد مستوى بُعدين من ثلاثة: حجم الدور متوسط، الترابط والتنظيم بسيط، الاختيار والتكيف بسيط.,false
SHOP-087-OP002,SHOP-087,حفظ الرصيد في التطبيق,2,,,معتمد مبدئيًا,Pasted text (3)(4).txt,simple,moderate,simple,simple,اعتُمد مستوى بُعدين من ثلاثة: حجم الدور متوسط، الترابط والتنظيم بسيط، الاختيار والتكيف بسيط.,false
SHOP-087-OP003,SHOP-087,استخدام الرصيد في عمليات الشراء القادمة,3,,,معتمد مبدئيًا,Pasted text (3)(4).txt,simple,advanced,simple,simple,اعتُمد مستوى بُعدين من ثلاثة: حجم الدور متقدم، الترابط والتنظيم بسيط، الاختيار والتكيف بسيط.,false
SHOP-088-OP001,SHOP-088,التواصل مع الدعم الفني أو خدمة العملاء,1,,,معتمد مبدئيًا,Pasted text (3)(4).txt,moderate,advanced,moderate,simple,حالة حدودية: اختلفت الأبعاد الثلاثة (حجم الدور متقدم، الترابط والتنظيم متوسط، الاختيار والتكيف بسيط)، واعتُمد المستوى المتوسط للمراجعة.,true
SHOP-088-OP002,SHOP-088,شرح العطل بوضوح,2,,,معتمد مبدئيًا,Pasted text (3)(4).txt,simple,simple,simple,simple,تطابقت الأبعاد الثلاثة: حجم الدور بسيط، الترابط والتنظيم بسيط، الاختيار والتكيف بسيط.,false
SHOP-088-OP003,SHOP-088,تسليم الجهاز لمركز الصيانة,3,,,معتمد مبدئيًا,Pasted text (3)(4).txt,moderate,moderate,moderate,simple,اعتُمد مستوى بُعدين من ثلاثة: حجم الدور متوسط، الترابط والتنظيم متوسط، الاختيار والتكيف بسيط.,false
SHOP-089-OP001,SHOP-089,تقديم الطلب عبر خيارات التقسيط المتاحة,1,,,معتمد مبدئيًا,Pasted text (3)(4).txt,advanced,advanced,moderate,advanced,اعتُمد مستوى بُعدين من ثلاثة: حجم الدور متقدم، الترابط والتنظيم متوسط، الاختيار والتكيف متقدم.,false
SHOP-089-OP002,SHOP-089,متابعة جدول الأقساط,2,,,معتمد مبدئيًا,Pasted text (3)(4).txt,moderate,advanced,moderate,simple,حالة حدودية: اختلفت الأبعاد الثلاثة (حجم الدور متقدم، الترابط والتنظيم متوسط، الاختيار والتكيف بسيط)، واعتُمد المستوى المتوسط للمراجعة.,true
SHOP-089-OP003,SHOP-089,سداد القسط في الموعد المحدد,3,,,معتمد مبدئيًا,Pasted text (3)(4).txt,moderate,advanced,moderate,simple,حالة حدودية: اختلفت الأبعاد الثلاثة (حجم الدور متقدم، الترابط والتنظيم متوسط، الاختيار والتكيف بسيط)، واعتُمد المستوى المتوسط للمراجعة.,true
SHOP-090-OP001,SHOP-090,اختيار العبوات والكراتين الكبيرة,1,,,معتمد مبدئيًا,Pasted text (3)(4).txt,moderate,moderate,moderate,advanced,اعتُمد مستوى بُعدين من ثلاثة: حجم الدور متوسط، الترابط والتنظيم متوسط، الاختيار والتكيف متقدم.,false
SHOP-090-OP002,SHOP-090,المساعدة في تحميل الكراتين إلى السيارة,2,,,معتمد مبدئيًا,Pasted text (3)(4).txt,moderate,advanced,moderate,simple,حالة حدودية: اختلفت الأبعاد الثلاثة (حجم الدور متقدم، الترابط والتنظيم متوسط، الاختيار والتكيف بسيط)، واعتُمد المستوى المتوسط للمراجعة.,true
SHOP-090-OP003,SHOP-090,ترتيب الكراتين في مساحة التخزين,3,,,معتمد مبدئيًا,Pasted text (3)(4).txt,moderate,moderate,moderate,simple,اعتُمد مستوى بُعدين من ثلاثة: حجم الدور متوسط، الترابط والتنظيم متوسط، الاختيار والتكيف بسيط.,false
SHOP-091-OP001,SHOP-091,تفريغ الكراتين الكبيرة,1,,,معتمد مبدئيًا,Pasted text (3)(4).txt,simple,simple,moderate,simple,اعتُمد مستوى بُعدين من ثلاثة: حجم الدور بسيط، الترابط والتنظيم متوسط، الاختيار والتكيف بسيط.,false
SHOP-091-OP002,SHOP-091,تعبئة المنتجات في أكياس أو عبوات صغيرة قابلة للاستخدام,2,,,معتمد مبدئيًا,Pasted text (3)(4).txt,moderate,moderate,moderate,simple,اعتُمد مستوى بُعدين من ثلاثة: حجم الدور متوسط، الترابط والتنظيم متوسط، الاختيار والتكيف بسيط.,false
SHOP-091-OP003,SHOP-091,وضع التواريخ على العبوات المفرزة,3,,,معتمد مبدئيًا,Pasted text (3)(4).txt,moderate,moderate,moderate,simple,اعتُمد مستوى بُعدين من ثلاثة: حجم الدور متوسط، الترابط والتنظيم متوسط، الاختيار والتكيف بسيط.,false
SHOP-092-OP001,SHOP-092,مراسلة البائع للاستفسار عن السعر والمواصفات,1,,,معتمد مبدئيًا,Pasted text (3)(4).txt,moderate,advanced,moderate,moderate,اعتُمد مستوى بُعدين من ثلاثة: حجم الدور متقدم، الترابط والتنظيم متوسط، الاختيار والتكيف متوسط.,false
SHOP-092-OP002,SHOP-092,تزويد البائع بعنوان التوصيل وتأكيد الطلب,2,,,معتمد مبدئيًا,Pasted text (3)(4).txt,moderate,advanced,moderate,simple,حالة حدودية: اختلفت الأبعاد الثلاثة (حجم الدور متقدم، الترابط والتنظيم متوسط، الاختيار والتكيف بسيط)، واعتُمد المستوى المتوسط للمراجعة.,true
SHOP-092-OP003,SHOP-092,تحويل المبلغ ومشاركة إيصال التحويل,3,,,معتمد مبدئيًا,Pasted text (3)(4).txt,moderate,moderate,moderate,simple,اعتُمد مستوى بُعدين من ثلاثة: حجم الدور متوسط، الترابط والتنظيم متوسط، الاختيار والتكيف بسيط.,false
SHOP-093-OP001,SHOP-093,تصفح قوائم المطاعم,1,,,معتمد مبدئيًا,Pasted text (3)(4).txt,simple,simple,moderate,simple,اعتُمد مستوى بُعدين من ثلاثة: حجم الدور بسيط، الترابط والتنظيم متوسط، الاختيار والتكيف بسيط.,false
SHOP-093-OP002,SHOP-093,تحديد واختيار الوجبات المطلوبة,2,,,معتمد مبدئيًا,Pasted text (3)(4).txt,moderate,moderate,moderate,advanced,اعتُمد مستوى بُعدين من ثلاثة: حجم الدور متوسط، الترابط والتنظيم متوسط، الاختيار والتكيف متقدم.,false
SHOP-093-OP003,SHOP-093,متابعة خط سير المندوب على الخريطة,3,,,معتمد مبدئيًا,Pasted text (3)(4).txt,moderate,advanced,moderate,simple,حالة حدودية: اختلفت الأبعاد الثلاثة (حجم الدور متقدم، الترابط والتنظيم متوسط، الاختيار والتكيف بسيط)، واعتُمد المستوى المتوسط للمراجعة.,true
SHOP-094-OP001,SHOP-094,إدخال العملات أو تمرير البطاقة,1,,,معتمد مبدئيًا,Pasted text (3)(4).txt,simple,moderate,simple,simple,اعتُمد مستوى بُعدين من ثلاثة: حجم الدور متوسط، الترابط والتنظيم بسيط، الاختيار والتكيف بسيط.,false
SHOP-094-OP002,SHOP-094,إدخال أو اختيار كود المنتج المطلوب,2,,,معتمد مبدئيًا,Pasted text (3)(4).txt,moderate,moderate,moderate,moderate,تطابقت الأبعاد الثلاثة: حجم الدور متوسط، الترابط والتنظيم متوسط، الاختيار والتكيف متوسط.,false
SHOP-094-OP003,SHOP-094,سحب المنتج من الفتحة المخصصة واستلام الباقي,3,,,معتمد مبدئيًا,Pasted text (3)(4).txt,simple,simple,moderate,simple,اعتُمد مستوى بُعدين من ثلاثة: حجم الدور بسيط، الترابط والتنظيم متوسط، الاختيار والتكيف بسيط.,false
SHOP-095-OP001,SHOP-095,توجيه السيارة نحو المضخة,1,,,معتمد مبدئيًا,Pasted text (3)(4).txt,simple,moderate,simple,simple,اعتُمد مستوى بُعدين من ثلاثة: حجم الدور متوسط، الترابط والتنظيم بسيط، الاختيار والتكيف بسيط.,false
SHOP-095-OP002,SHOP-095,طلب نوع وكمية الوقود من عامل المحطة,2,,,معتمد مبدئيًا,Pasted text (3)(4).txt,moderate,advanced,moderate,simple,حالة حدودية: اختلفت الأبعاد الثلاثة (حجم الدور متقدم، الترابط والتنظيم متوسط، الاختيار والتكيف بسيط)، واعتُمد المستوى المتوسط للمراجعة.,true
SHOP-095-OP003,SHOP-095,دفع القيمة للعامل,3,,,معتمد مبدئيًا,Pasted text (3)(4).txt,simple,advanced,simple,simple,اعتُمد مستوى بُعدين من ثلاثة: حجم الدور متقدم، الترابط والتنظيم بسيط، الاختيار والتكيف بسيط.,false
SHOP-096-OP001,SHOP-096,إدخال النقود أو البطاقة في الجهاز,1,,,معتمد مبدئيًا,Pasted text (3)(4).txt,simple,advanced,simple,simple,اعتُمد مستوى بُعدين من ثلاثة: حجم الدور متقدم، الترابط والتنظيم بسيط، الاختيار والتكيف بسيط.,false
SHOP-096-OP002,SHOP-096,تحديد نوع التذكرة أو الوجهة,2,,,معتمد مبدئيًا,Pasted text (3)(4).txt,moderate,moderate,simple,advanced,حالة حدودية: اختلفت الأبعاد الثلاثة (حجم الدور متوسط، الترابط والتنظيم بسيط، الاختيار والتكيف متقدم)، واعتُمد المستوى المتوسط للمراجعة.,true
SHOP-096-OP003,SHOP-096,استلام التذكرة من الجهاز,3,,,معتمد مبدئيًا,Pasted text (3)(4).txt,simple,simple,simple,simple,تطابقت الأبعاد الثلاثة: حجم الدور بسيط، الترابط والتنظيم بسيط، الاختيار والتكيف بسيط.,false
SHOP-097-OP001,SHOP-097,اختيار نوع وقيمة البطاقة من الرف,1,,,معتمد مبدئيًا,Pasted text (3)(4).txt,moderate,moderate,moderate,moderate,تطابقت الأبعاد الثلاثة: حجم الدور متوسط، الترابط والتنظيم متوسط، الاختيار والتكيف متوسط.,false
SHOP-097-OP002,SHOP-097,دفع قيمة البطاقة لتفعيلها عند الكاشير,2,,,معتمد مبدئيًا,Pasted text (3)(4).txt,simple,advanced,simple,simple,اعتُمد مستوى بُعدين من ثلاثة: حجم الدور متقدم، الترابط والتنظيم بسيط، الاختيار والتكيف بسيط.,false
SHOP-097-OP003,SHOP-097,تسليمها كهدية أو شحنها في الهاتف,3,,,معتمد مبدئيًا,Pasted text (3)(4).txt,simple,simple,moderate,simple,اعتُمد مستوى بُعدين من ثلاثة: حجم الدور بسيط، الترابط والتنظيم متوسط، الاختيار والتكيف بسيط.,false
SHOP-098-OP001,SHOP-098,التوجه للخزانة الذكية أو النقطة المحددة,1,,,معتمد مبدئيًا,Pasted text (3)(4).txt,simple,moderate,simple,simple,اعتُمد مستوى بُعدين من ثلاثة: حجم الدور متوسط، الترابط والتنظيم بسيط، الاختيار والتكيف بسيط.,false
SHOP-098-OP002,SHOP-098,إدخال كود الاستلام في الشاشة,2,,,معتمد مبدئيًا,Pasted text (3)(4).txt,simple,simple,simple,simple,تطابقت الأبعاد الثلاثة: حجم الدور بسيط، الترابط والتنظيم بسيط، الاختيار والتكيف بسيط.,false
SHOP-098-OP003,SHOP-098,سحب الطرد وإغلاق باب الخزانة,3,,,معتمد مبدئيًا,Pasted text (3)(4).txt,simple,simple,moderate,simple,اعتُمد مستوى بُعدين من ثلاثة: حجم الدور بسيط، الترابط والتنظيم متوسط، الاختيار والتكيف بسيط.,false
SHOP-099-OP001,SHOP-099,شراء المنتجات المخصصة للتبرع (أغذية، ملابس),1,,,معتمد مبدئيًا,Pasted text (3)(4).txt,advanced,advanced,moderate,advanced,اعتُمد مستوى بُعدين من ثلاثة: حجم الدور متقدم، الترابط والتنظيم متوسط، الاختيار والتكيف متقدم.,false
SHOP-099-OP002,SHOP-099,وضع المنتجات في صندوق التبرع الخاص بالجمعية في المتجر,2,,,معتمد مبدئيًا,Pasted text (3)(4).txt,simple,simple,moderate,simple,اعتُمد مستوى بُعدين من ثلاثة: حجم الدور بسيط، الترابط والتنظيم متوسط، الاختيار والتكيف بسيط.,false
SHOP-100-OP001,SHOP-100,اختيار الحلويات ومستلزمات الضيافة الموسمية,1,,,معتمد مبدئيًا,Pasted text (3)(4).txt,advanced,advanced,moderate,advanced,اعتُمد مستوى بُعدين من ثلاثة: حجم الدور متقدم، الترابط والتنظيم متوسط، الاختيار والتكيف متقدم.,false
SHOP-100-OP002,SHOP-100,مقارنة العروض الخاصة بالموسم,2,,,معتمد مبدئيًا,Pasted text (3)(4).txt,advanced,advanced,moderate,advanced,اعتُمد مستوى بُعدين من ثلاثة: حجم الدور متقدم، الترابط والتنظيم متوسط، الاختيار والتكيف متقدم.,false
SHOP-100-OP003,SHOP-100,ترتيب المنتجات الموسمية في المنزل استعداداً للمناسبة,3,,,معتمد مبدئيًا,Pasted text (3)(4).txt,moderate,moderate,moderate,moderate,تطابقت الأبعاد الثلاثة: حجم الدور متوسط، الترابط والتنظيم متوسط، الاختيار والتكيف متوسط.,false
SHOP-101-OP001,SHOP-101,اختيار أدوات الزينة (بالونات، شموع),1,,,معتمد مبدئيًا,Pasted text (3)(4).txt,moderate,moderate,moderate,advanced,اعتُمد مستوى بُعدين من ثلاثة: حجم الدور متوسط، الترابط والتنظيم متوسط، الاختيار والتكيف متقدم.,false
SHOP-101-OP002,SHOP-101,تنسيق واختيار ألوان المستلزمات,2,,,معتمد مبدئيًا,Pasted text (3)(4).txt,moderate,advanced,moderate,moderate,اعتُمد مستوى بُعدين من ثلاثة: حجم الدور متقدم، الترابط والتنظيم متوسط، الاختيار والتكيف متوسط.,false
SHOP-101-OP003,SHOP-101,اختيار وشراء بطاقات الدعوة,3,,,معتمد مبدئيًا,Pasted text (3)(4).txt,advanced,advanced,moderate,advanced,اعتُمد مستوى بُعدين من ثلاثة: حجم الدور متقدم، الترابط والتنظيم متوسط، الاختيار والتكيف متقدم.,false
SHOP-102-OP001,SHOP-102,سحب كراتين الماء أو الجالونات,1,,,معتمد مبدئيًا,Pasted text (3)(4).txt,moderate,moderate,moderate,simple,اعتُمد مستوى بُعدين من ثلاثة: حجم الدور متوسط، الترابط والتنظيم متوسط، الاختيار والتكيف بسيط.,false
SHOP-102-OP002,SHOP-102,ترتيب الكراتين في أسفل عربة التسوق,2,,,معتمد مبدئيًا,Pasted text (3)(4).txt,moderate,moderate,moderate,simple,اعتُمد مستوى بُعدين من ثلاثة: حجم الدور متوسط، الترابط والتنظيم متوسط، الاختيار والتكيف بسيط.,false
SHOP-102-OP003,SHOP-102,رفع الكراتين ونقلها للسيارة,3,,,معتمد مبدئيًا,Pasted text (3)(4).txt,simple,simple,moderate,simple,اعتُمد مستوى بُعدين من ثلاثة: حجم الدور بسيط، الترابط والتنظيم متوسط، الاختيار والتكيف بسيط.,false
SHOP-103-OP001,SHOP-103,دحرجة أو نقل الأنبوبة الفارغة لمحل الاستبدال,1,,,معتمد مبدئيًا,Pasted text (3)(4).txt,simple,advanced,simple,simple,اعتُمد مستوى بُعدين من ثلاثة: حجم الدور متقدم، الترابط والتنظيم بسيط، الاختيار والتكيف بسيط.,false
SHOP-103-OP002,SHOP-103,دفع قيمة الاستبدال,2,,,معتمد مبدئيًا,Pasted text (3)(4).txt,simple,advanced,simple,simple,اعتُمد مستوى بُعدين من ثلاثة: حجم الدور متقدم، الترابط والتنظيم بسيط، الاختيار والتكيف بسيط.,false
SHOP-103-OP003,SHOP-103,تحميل الأنبوبة الممتلئة بأمان,3,,,معتمد مبدئيًا,Pasted text (3)(4).txt,simple,moderate,simple,simple,اعتُمد مستوى بُعدين من ثلاثة: حجم الدور متوسط، الترابط والتنظيم بسيط، الاختيار والتكيف بسيط.,false
SHOP-104-OP001,SHOP-104,اختيار نوع الطعام المناسب للحيوان,1,,,معتمد مبدئيًا,Pasted text (3)(4).txt,moderate,moderate,moderate,advanced,اعتُمد مستوى بُعدين من ثلاثة: حجم الدور متوسط، الترابط والتنظيم متوسط، الاختيار والتكيف متقدم.,false
SHOP-104-OP002,SHOP-104,قراءة المكونات الخاصة بالغذاء,2,,,معتمد مبدئيًا,Pasted text (3)(4).txt,moderate,moderate,moderate,simple,اعتُمد مستوى بُعدين من ثلاثة: حجم الدور متوسط، الترابط والتنظيم متوسط، الاختيار والتكيف بسيط.,false
SHOP-104-OP003,SHOP-104,حمل أكياس الرمل أو الطعام للسيارة,3,,,معتمد مبدئيًا,Pasted text (3)(4).txt,moderate,moderate,moderate,simple,اعتُمد مستوى بُعدين من ثلاثة: حجم الدور متوسط، الترابط والتنظيم متوسط، الاختيار والتكيف بسيط.,false
SHOP-105-OP001,SHOP-105,اختيار ألوان الخيوط والأقمشة ومطابقتها,1,,,معتمد مبدئيًا,Pasted text (3)(4).txt,moderate,moderate,moderate,moderate,تطابقت الأبعاد الثلاثة: حجم الدور متوسط، الترابط والتنظيم متوسط، الاختيار والتكيف متوسط.,false
SHOP-105-OP002,SHOP-105,فحص متانة وجودة الأدوات (إبر، مقصات),2,,,معتمد مبدئيًا,Pasted text (3)(4).txt,moderate,moderate,moderate,simple,اعتُمد مستوى بُعدين من ثلاثة: حجم الدور متوسط، الترابط والتنظيم متوسط، الاختيار والتكيف بسيط.,false
SHOP-105-OP003,SHOP-105,تجميع الأدوات وتجهيزها للحساب,3,,,معتمد مبدئيًا,Pasted text (3)(4).txt,moderate,moderate,moderate,simple,اعتُمد مستوى بُعدين من ثلاثة: حجم الدور متوسط، الترابط والتنظيم متوسط، الاختيار والتكيف بسيط.,false
