card_id,opportunity_id,why,before_start,participation_steps,make_it_easier,participation_levels,indicators,whats_next,support_notes,status,source_file
CLO-001-CARD001,CLO-001-OP001,لأن اختيار الملابس فرصة لتعلّم اتخاذ القرار وتفضيل الألوان والمقاسات. لأنها تمنح إحساسًا بالانتماء للأسرة عند المشاركة في قرار جماعي.,حدّد قائمة بالاحتياجات (نوع القطعة، المقاس، الموسم). اختر وقتًا هادئًا بعيدًا عن الازدحام إن كان التسوق في متجر فعلي.,مراجعة القطع الموجودة وتحديد الناقص. اختيار المتجر أو الموقع الإلكتروني المناسب. تجربة القطعة أو مطابقة المقاس. اتخاذ قرار الشراء.,استخدام صور مرجعية للمقاسات والألوان المفضلة مسبقًا. تحديد عدد محدود من الخيارات لتقليل التشتت.,مراقبة الاختيار مع البالغ. المشاركة في تحديد اللون أو النوع. اتخاذ القرار النهائي بشكل مستقل.,القدرة على التعبير عن تفضيل واضح. تقليل زمن التردد أثناء الاختيار.,"الانتقال إلى فرصة ""استلام طلب ملابس عبر الإنترنت"" عند التسوق الرقمي.",بطاقة تفضيلات مصورة، قائمة تحقق للمقاسات.,معتمد مبدئيًا,Pasted markdown(20).md
CLO-002-CARD001,CLO-002-OP001,لتعلّم خطوات الاستلام والتحقق من المحتويات، وهي مهارة حياتية رقمية متكررة.,معرفة موعد الوصول المتوقع. تجهيز مكان لفتح الطرد بهدوء.,استلام الطرد من الباب أو نقطة التسليم. فتحه بحذر. مطابقة المحتويات مع الطلب. تجربة القطعة إن أمكن.,استخدام قائمة تحقق مرفقة بصور القطع المطلوبة.,مراقبة الفتح. المساعدة في الفحص والمطابقة. تنفيذ الاستلام والفحص بمفرده.,التعرف على القطع دون مساعدة. الإبلاغ عن أي خطأ في الطلب.,"الانتقال إلى فرصة ""إرجاع أو استبدال ملابس غير مناسبة"" عند وجود خطأ.",قائمة تحقق مصورة للمطابقة.,معتمد مبدئيًا,Pasted markdown(20).md
CLO-003-CARD001,CLO-003-OP001,لتعلّم حل المشكلات والتواصل مع الآخرين لتصحيح موقف غير مناسب.,تجهيز القطعة والفاتورة أو رقم الطلب. تحديد سبب الإرجاع بوضوح.,تحديد سبب عدم المناسبة (المقاس/الجودة). تجهيز القطعة للإرجاع. التوجه للمتجر أو تجهيز الشحنة. تسليم القطعة واستلام البديل أو المبلغ.,تحضير جملة جاهزة لشرح سبب الإرجاع.,مراقبة عملية الإرجاع. المشاركة في شرح السبب. تنفيذ الإرجاع بشكل مستقل.,القدرة على التعبير عن سبب المشكلة بوضوح.,"العودة إلى فرصة ""شراء ملابس جديدة للأسرة"" لاختيار البديل.",بطاقة جمل جاهزة للتواصل.,معتمد مبدئيًا,Pasted markdown(20).md
CLO-004-CARD001,CLO-004-OP001,لبناء مهارة الربط بين حالة الطقس واختيار الملبس المناسب، وهي مهارة استقلالية يومية أساسية.,معرفة حالة الطقس المتوقعة لليوم. إتاحة الوصول لخزانة الملابس.,التحقق من درجة الحرارة. اختيار نوع القماش المناسب. اختيار القطع (علوي/سفلي). التأكد من التناسق العام.,استخدام رموز بصرية للطقس (شمس/مطر/برد) مرتبطة بأنواع الملابس.,مراقبة اختيار البالغ. الاختيار بين خيارين مقترحين. الاختيار الكامل المستقل.,تقليل عدد مرات تصحيح الاختيار من قِبل البالغ.,"الانتقال إلى فرصة ""ارتداء الملابس"".",بطاقة رموز الطقس والملابس المرتبطة بها.,معتمد مبدئيًا,Pasted markdown(20).md
CLO-005-CARD001,CLO-005-OP001,لتعزيز الشعور بالراحة والاستقلالية في روتين النوم.,معرفة درجة حرارة الغرفة والموسم. إتاحة قطع نوم محدودة وواضحة.,تقييم درجة الحرارة. اختيار قطعة النوم المناسبة. ارتداؤها كجزء من روتين ما قبل النوم.,تخصيص درج أو رف واضح لملابس النوم فقط.,مراقبة الاختيار. الاختيار من بين قطعتين. الاختيار والارتداء المستقل الكامل.,الانتظام في اختيار قطعة مناسبة دون تذكير.,"الارتباط بفرصة ""خلع الملابس في نهاية اليوم"".",جدول روتين مصور لما قبل النوم.,معتمد مبدئيًا,Pasted markdown(20).md
CLO-006-CARD001,CLO-006-OP001,لتعلّم قراءة سياق المناسبة واختيار الزي المناسب لها، وهي مهارة اجتماعية مهمة.,معرفة نوع المناسبة ودرجة رسميتها. تجهيز خيارات الزي المناسبة مسبقًا.,تحديد نوع المناسبة. مراجعة الخيارات المتاحة. اختيار الزي المناسب. التأكد من نظافته وجاهزيته.,"تصنيف الخزانة إلى ""يومي/رسمي"" بعلامات واضحة.",مراقبة اختيار البالغ. المشاركة في الاختيار من مجموعة محددة. الاختيار الكامل المستقل.,ملاءمة الاختيار لنوع المناسبة دون تدخل.,"الانتقال إلى فرصة ""اختيار إكسسوارات مناسبة للملابس المرتداة"".",بطاقة تصنيف المناسبات والأزياء المناسبة لها.,معتمد مبدئيًا,Pasted markdown(20).md
CLO-007-CARD001,CLO-007-OP001,لأنها مهارة استقلالية أساسية يومية ترتبط بالخصوصية والاستعداد للنشاط.,تجهيز القطع المختارة مسبقًا وبترتيب الارتداء. إتاحة خصوصية كافية في المكان.,ارتداء الملابس الداخلية. ارتداء القطعة السفلية ثم العلوية. إغلاق الأزرار أو السحابات. التأكد من الترتيب النهائي.,ترتيب القطع بتسلسل الارتداء على الكرسي أو السرير مسبقًا.,مساعدة كاملة. مساعدة جزئية في خطوة واحدة (مثل الأزرار). ارتداء مستقل كامل.,تقليل عدد الخطوات التي تحتاج مساعدة.,"الانتقال إلى فرصة ""خلع الملابس في نهاية اليوم"" لاحقًا في اليوم.",بطاقة تسلسل مصورة لخطوات الارتداء.,معتمد مبدئيًا,Pasted markdown(20).md
CLO-008-CARD001,CLO-008-OP001,لتعزيز روتين النظافة الشخصية والانتقال المريح نحو الراحة أو النوم.,تجهيز سلة أو مكان مخصص للملابس المخلوعة.,خلع القطعة العلوية. خلع القطعة السفلية. وضع الملابس في السلة المخصصة.,وضع سلة الغسيل في مكان قريب ومرئي.,مساعدة كاملة. مساعدة جزئية. تنفيذ مستقل مع وضع الملابس في مكانها الصحيح.,الانتظام في وضع الملابس في السلة دون تذكير.,"الارتباط بفرصة ""جمع الملابس المتسخة من أفراد الأسرة"".",ملصق توضيحي على السلة المخصصة.,معتمد مبدئيًا,Pasted markdown(20).md
CLO-009-CARD001,CLO-009-OP001,لتعلّم التعرف على الحاجة للتغيير حفاظًا على النظافة والراحة الجسدية.,معرفة مكان الملابس البديلة الجاهزة.,ملاحظة الاتساخ أو البلل. خلع القطعة المتأثرة. ارتداء قطعة نظيفة بديلة. وضع القطعة المتسخة في مكانها الصحيح.,تجهيز طقم بديل جاهز في مكان يسهل الوصول إليه.,طلب المساعدة عند الحاجة. التغيير بمساعدة جزئية. التغيير المستقل الكامل عند الملاحظة الذاتية.,سرعة الاستجابة عند ملاحظة الحاجة للتغيير.,"الارتباط بفرصة ""تغيير اللباس الداخلي اليومي"".",إشارة أو بطاقة طلب مساعدة سريعة.,معتمد مبدئيًا,Pasted markdown(20).md
CLO-010-CARD001,CLO-010-OP001,لتعلّم المساهمة في مهام الأسرة المشتركة وتحمّل مسؤولية بسيطة ومنتظمة.,معرفة أماكن السلال المخصصة في كل غرفة.,المرور على الغرف والحمامات. تجميع الملابس المستخدمة. نقلها إلى منطقة الغسيل.,استخدام سلة متنقلة سهلة الحمل.,المرافقة أثناء الجمع. الجمع من غرفة واحدة محددة. الجمع الكامل من كل الغرف.,إتمام المهمة دون تذكير متكرر.,"الانتقال إلى فرصة ""فرز الملابس المتسخة قبل الغسيل"".",قائمة تحقق بأماكن السلال.,معتمد مبدئيًا,Pasted markdown(20).md
CLO-011-CARD001,CLO-011-OP001,لتعلّم مهارة التصنيف والانتباه للتفاصيل (اللون والقماش).,تجهيز سطح عمل أو مكان مفتوح للفرز.,فصل الملابس الفاتحة عن الداكنة. فصل الأقمشة الحساسة. تجميع كل مجموعة معًا.,استخدام سلال ملوّنة لكل فئة (فاتح/داكن/حساس).,مراقبة الفرز. الفرز بمساعدة (تصنيف مبدئي). الفرز الكامل المستقل.,دقة التصنيف مع مرور الوقت.,"الانتقال إلى فرصة ""تشغيل دورة غسيل الملابس"".",سلال أو علامات ملوّنة للفرز.,معتمد مبدئيًا,Pasted markdown(20).md
CLO-012-CARD001,CLO-012-OP001,لتعلّم استخدام الأجهزة المنزلية واتباع تسلسل خطوات محدد.,التأكد من توفر المنظف المناسب. معرفة إعدادات الغسالة الأساسية.,وضع الملابس المفروزة في الغسالة. إضافة المنظف بالكمية المناسبة. اختيار البرنامج المناسب. تشغيل الغسالة.,وضع ملصقات مرقّمة على أزرار الغسالة توضح خطوات التشغيل.,مراقبة التشغيل. المساعدة في خطوة واحدة (مثل إضافة المنظف). تشغيل الدورة كاملة بشكل مستقل.,تنفيذ الخطوات بالترتيب الصحيح دون توجيه.,"الانتقال إلى فرصة ""نشر الملابس لتجفيفها طبيعيًا"" أو ""استخدام مجفف الملابس الكهربائي"".",بطاقة خطوات مرقّمة ومصورة لتشغيل الغسالة.,معتمد مبدئيًا,Pasted markdown(20).md
CLO-013-CARD001,CLO-013-OP001,لتعلّم مهارة حركية وتنظيمية بسيطة ضمن روتين المنزل.,التأكد من توفر مشابك ومكان نشر فارغ.,إخراج الملابس من الغسالة. تعليق كل قطعة على الحبل. تثبيتها بالمشابك.,استخدام حبل بارتفاع مناسب أو منشر أرضي قابل للتعديل.,المساعدة في تمرير القطع. نشر عدد محدد من القطع. تنفيذ عملية النشر كاملة.,زيادة عدد القطع المنشورة بشكل مستقل.,"الانتقال إلى فرصة ""طي الملابس النظيفة"" بعد الجفاف.",منشر بارتفاع قابل للتكيف.,معتمد مبدئيًا,Pasted markdown(20).md
CLO-014-CARD001,CLO-014-OP001,لتعلّم التعامل الآمن مع جهاز كهربائي واتباع تعليماته.,معرفة أزرار التشغيل الأساسية للمجفف.,وضع الملابس في المجفف. اختيار البرنامج المناسب. تشغيل الجهاز. إخراج الملابس بعد الانتهاء.,ملصقات بسيطة على الأزرار المستخدمة فقط.,مراقبة التشغيل. المساعدة بخطوة واحدة. التشغيل المستقل الكامل تحت إشراف عن بُعد للسلامة.,الالتزام بخطوات السلامة أثناء الاستخدام.,"الانتقال إلى فرصة ""طي الملابس النظيفة"".",بطاقة تعليمات سلامة مبسطة لاستخدام الجهاز.,معتمد مبدئيًا,Pasted markdown(20).md
CLO-015-CARD001,CLO-015-OP001,لتعلّم مهارة دقيقة تتطلب حذرًا وتركيزًا مع مراعاة السلامة.,التأكد من سلامة المكواة والطاولة. وجود إشراف مباشر إلزامي لهذه المهمة.,تجهيز القطعة على طاولة الكي. تسخين المكواة. كي القطعة بحركات منتظمة. تعليقها بعد الانتهاء.,البدء بقطع بسيطة ومسطحة (مناشف) قبل الملابس المعقدة.,المراقبة فقط لأسباب السلامة. المساعدة في تمرير القطع مع إشراف كامل. كي قطع بسيطة تحت إشراف مباشر.,الالتزام التام بتعليمات السلامة أثناء التنفيذ.,"الانتقال إلى فرصة ""تعليق الملابس في الخزانة"".",بطاقة تعليمات سلامة إلزامية لاستخدام المكواة.,معتمد مبدئيًا,Pasted markdown(20).md
CLO-016-CARD001,CLO-016-OP001,لتعلّم مهارة حركية دقيقة وتنظيمية تُستخدم يوميًا.,تجهيز سطح مستوٍ وواسع للطي.,فرد القطعة على السطح. طي الأكمام أو الجوانب. طي القطعة إلى الحجم النهائي. تجميع القطع المطوية معًا.,استخدام قالب طي كرتوني بسيط كمرجع بصري.,مراقبة الطي. طي قطع بسيطة (مناشف/جوارب). طي جميع أنواع الملابس بشكل مستقل.,تحسّن دقة وسرعة الطي.,"الانتقال إلى فرصة ""تعليق الملابس في الخزانة"" أو تخزينها.",قالب طي بصري مبسط.,معتمد مبدئيًا,Pasted markdown(20).md
CLO-017-CARD001,CLO-017-OP001,لتعلّم ترتيب الممتلكات الشخصية والحفاظ على شكل الملابس.,التأكد من إمكانية الوصول لعلاقات الخزانة.,أخذ العلاقة المناسبة. تعليق القطعة عليها بشكل مستقيم. وضعها في مكانها بالخزانة.,خفض قضيب التعليق ليكون في متناول اليد.,المساعدة في التعليق. تعليق عدد محدد من القطع. تعليق جميع القطع بشكل مستقل.,انخفاض عدد القطع المعلّقة بشكل غير صحيح.,"الارتباط بفرصة ""ترتيب وإعادة تنظيم خزانة الملابس"".",قضيب تعليق بارتفاع قابل للتعديل.,معتمد مبدئيًا,Pasted markdown(20).md
CLO-018-CARD001,CLO-018-OP001,لتعلّم مهارات التنظيم واتخاذ قرارات حول ما يُحتفظ به وما يُستبعد.,تخصيص وقت كافٍ دون استعجال.,إخراج جميع المحتويات. فرزها حسب النوع أو الموسم. إعادة ترتيبها في أماكنها.,تقسيم المهمة على جلسات قصيرة بدلًا من جلسة واحدة طويلة.,المساعدة في جزء من الخزانة. تنظيم قسم كامل محدد. تنظيم الخزانة بأكملها.,القدرة على إيجاد القطع بسهولة بعد الترتيب.,"الارتباط بفرصة ""تخزين الملابس الموسمية"".",قائمة تحقق لخطوات إعادة التنظيم.,معتمد مبدئيًا,Pasted markdown(20).md
CLO-019-CARD001,CLO-019-OP001,لتعلّم مهارة حل المشكلات والتفكير المنظم في أماكن البحث المحتملة.,تحديد آخر مكان استُخدمت فيه القطعة إن أمكن.,البحث في الخزانة أولًا. البحث في سلة الغسيل. توسيع البحث لأماكن أخرى بالمنزل.,استخدام قائمة أماكن محتملة مرتبة بالأولوية.,المرافقة أثناء البحث. البحث في مكان واحد محدد. تنظيم عملية البحث الكاملة بمفرده.,تقليل زمن العثور على القطعة.,"الارتباط بفرصة ""ترتيب وإعادة تنظيم خزانة الملابس"" لتقليل تكرار الفقدان.",قائمة أماكن بحث مرتبة.,معتمد مبدئيًا,Pasted markdown(20).md
CLO-020-CARD001,CLO-020-OP001,لتعلّم مهارة يدوية دقيقة والمساهمة في إطالة عمر الأغراض.,تجهيز أدوات الخياطة الأساسية بإشراف.,تحديد موقع التمزق. تجهيز الإبرة والخيط بمساعدة. خياطة التمزق ببطء. فحص النتيجة.,البدء بغرز بسيطة كبيرة قبل الانتقال لغرز دقيقة.,المراقبة فقط لأسباب السلامة. المساعدة في تمرير الخيط. تنفيذ إصلاح بسيط تحت إشراف مباشر.,تحسّن ثبات الغرز مع الوقت.,"الارتباط بفرصة ""تبديل أزرار مفقودة أو تالفة"".",بطاقة تعليمات سلامة لاستخدام الإبرة.,معتمد مبدئيًا,Pasted markdown(20).md
CLO-021-CARD001,CLO-021-OP001,لتعلّم مهارة يدوية دقيقة ضمن نشاط صيانة بسيط.,تجهيز الزر البديل والخيط بإشراف.,تحديد موقع الزر المفقود. تثبيت الزر الجديد بغرز بسيطة. التأكد من ثباته.,استخدام أزرار كبيرة الحجم للتدريب أولًا.,المراقبة فقط. المساعدة في تثبيت الزر. تنفيذ المهمة كاملة تحت إشراف.,ثبات الزر بعد التركيب دون الحاجة لإعادة العمل.,"الارتباط بفرصة ""تصليح ملابس ممزقة أو تالفة"".",بطاقة تعليمات سلامة لاستخدام الإبرة.,معتمد مبدئيًا,Pasted markdown(20).md
CLO-022-CARD001,CLO-022-OP001,لتعلّم التعامل مع مشكلة عملية والتعرف على أنواع المواد المنظفة الآمنة.,التأكد من نوع البقعة والقماش قبل الاختيار. إشراف إلزامي عند استخدام مواد كيميائية.,تحديد نوع البقعة. اختيار المادة المناسبة. معالجة البقعة بلطف. غسل القطعة بعد المعالجة.,استخدام مواد آمنة ومعتمدة للأطفال عند الإمكان.,المراقبة فقط لأسباب السلامة. المساعدة في خطوة الغسل النهائية. المعالجة الكاملة تحت إشراف مباشر.,التعرف على أنواع البقع الشائعة وطرق معالجتها.,"الارتباط بفرصة ""تشغيل دورة غسيل الملابس"".",بطاقة تعليمات سلامة لاستخدام مواد التنظيف.,معتمد مبدئيًا,Pasted markdown(20).md
CLO-023-CARD001,CLO-023-OP001,لتعلّم مهارة حركية لطيفة والانتباه للتعليمات الخاصة بكل قماش.,قراءة ملصق العناية بالقطعة. تجهيز ماء فاتر ومنظف لطيف.,نقع القطعة في الماء والمنظف. غسلها بحركات لطيفة. شطفها جيدًا. عصرها بلطف دون فرك قوي.,استخدام حوض بحجم مناسب لسهولة التحكم.,المراقبة. المساعدة في الشطف. الغسل الكامل باليد بشكل مستقل.,الحفاظ على سلامة القماش بعد الغسل.,"الانتقال إلى فرصة ""نشر الملابس لتجفيفها طبيعيًا"".",بطاقة رموز العناية بالأقمشة.,معتمد مبدئيًا,Pasted markdown(20).md
CLO-024-CARD001,CLO-024-OP001,لتعلّم التعامل مع خدمة خارجية والتواصل بشأن احتياج محدد.,تجهيز القطعة والتأكد من ملصق العناية بها.,تحديد القطع التي تحتاج تنظيفًا جافًا. التوجه إلى المحل. تسليم القطع وتوضيح المطلوب. استلامها لاحقًا في الموعد المحدد.,تجهيز بطاقة مكتوبة بالمطلوب لتسليمها للموظف.,المرافقة فقط. المشاركة في التسليم والاستلام. التعامل الكامل مع الخدمة بشكل مستقل.,القدرة على التواصل مع الموظف دون مساعدة.,"الارتباط بفرصة ""تعليق الملابس في الخزانة"" بعد الاستلام.",بطاقة تواصل مكتوبة مسبقًا.,معتمد مبدئيًا,Pasted markdown(20).md
CLO-025-CARD001,CLO-025-OP001,لتعلّم التخطيط الموسمي وتنظيم المساحة.,تجهيز صناديق أو أكياس تخزين فارغة.,فرز الملابس غير المستخدمة حاليًا. طيها ووضعها في الصناديق. تخزينها في المكان المخصص.,وضع ملصقات على الصناديق توضح المحتوى والموسم.,المساعدة في الفرز. تعبئة صندوق واحد. تنفيذ عملية التخزين كاملة.,دقة تصنيف الملابس حسب الموسم.,"الارتباط بفرصة ""إخراج الملابس الموسمية من التخزين"" لاحقًا.",ملصقات تصنيف للصناديق.,معتمد مبدئيًا,Pasted markdown(20).md
CLO-026-CARD001,CLO-026-OP001,لإكمال دورة التخطيط الموسمي وتجديد محتوى الخزانة.,معرفة مكان الصناديق المخزنة.,إحضار الصناديق المناسبة للموسم الجديد. فتحها وفحص المحتوى. نقل الملابس إلى الخزانة.,الاعتماد على الملصقات الموضوعة مسبقًا لتحديد الصندوق الصحيح.,المساعدة في النقل. إخراج صندوق واحد وترتيبه. تنفيذ العملية كاملة بشكل مستقل.,سرعة إيجاد الصندوق الصحيح بالاعتماد على الملصقات.,"الانتقال إلى فرصة ""ترتيب وإعادة تنظيم خزانة الملابس"".",ملصقات تصنيف الصناديق نفسها المستخدمة في CLO-025.,معتمد مبدئيًا,Pasted markdown(20).md
CLO-027-CARD001,CLO-027-OP001,لتعلّم قيمة العطاء والمساهمة المجتمعية.,تحديد القطع السليمة غير المستخدمة.,فرز الملابس المرشحة للتبرع. التأكد من نظافتها وسلامتها. تجهيزها في كيس أو صندوق. تسليمها لمركز التبرع.,تخصيص كيس واحد يوضع فيه أي قطعة غير مستخدمة تدريجيًا على مدار الأسبوع.,المساعدة في الفرز. تجهيز كيس التبرع. تسليم التبرع بنفسه.,المبادرة الذاتية لاقتراح قطع للتبرع.,"الارتباط بفرصة ""التخلص من ملابس بالية غير صالحة"" للقطع غير القابلة للتبرع.",كيس أو صندوق مخصص للتبرع.,معتمد مبدئيًا,Pasted markdown(20).md
CLO-028-CARD001,CLO-028-OP001,لتعلّم التمييز بين ما يمكن الاحتفاظ به وما يجب التخلص منه، والوعي البيئي.,معرفة نقطة إعادة التدوير أو حاوية النفايات المناسبة.,تحديد القطع التالفة تمامًا. فصلها عن القطع القابلة للتبرع. التخلص منها في المكان المناسب.,استخدام معيار بسيط للتقييم (هل يمكن إصلاحها؟ هل ما زالت قابلة للاستخدام؟).,المساعدة في الفرز. تحديد قطعة واحدة والتخلص منها. تنفيذ العملية كاملة.,دقة التمييز بين القابل للتبرع وغير الصالح.,"الارتباط بفرصة ""ترتيب وإعادة تنظيم خزانة الملابس"".",بطاقة معايير بسيطة لتقييم حالة الملابس.,معتمد مبدئيًا,Pasted markdown(20).md
CLO-029-CARD001,CLO-029-OP001,لتعلّم مفهوم المشاركة الأسرية والتوفير، وربط النمو بتغيّر الاحتياجات.,معرفة مقاس الطفل الأصغر الحالي.,فرز ملابس الطفل الأكبر التي لم تعد تناسبه. فحص حالتها. تجهيزها للطفل الأصغر.,"إشراك الطفل الأكبر في اختيار ما ""يُهدى"" لشقيقه لتعزيز الشعور الإيجابي.",المساعدة في الفرز. اختيار القطع المناسبة للتمرير. تنفيذ العملية بمفرده.,المشاركة الإيجابية دون ممانعة في تمرير الملابس.,"الارتباط بفرصة ""تفقد مقاسات الملابس وتحديثها مع نمو الأطفال"".",لا يتطلب أدوات دعم إضافية.,معتمد مبدئيًا,Pasted markdown(20).md
CLO-030-CARD001,CLO-030-OP001,لتعلّم التعبير عن الامتنان والتعامل مع الهدايا العائلية.,تجهيز مكان مؤقت لاستقبال الملابس.,استلام الملابس. فحصها وفرزها حسب المقاس. غسلها قبل الاستخدام. تخزينها أو تعليقها.,تعليم عبارة شكر بسيطة تُقال عند الاستلام.,المراقبة. المساعدة في الفرز. تنفيذ الاستلام والفرز الكامل.,التعبير التلقائي عن الشكر عند الاستلام.,"الانتقال إلى فرصة ""غسل ملابس الأطفال الرضع بشكل منفصل"" إذا لزم الأمر، أو ""ترتيب ملابس الأطفال حسب العمر والمقاس"".",بطاقة عبارات شكر جاهزة.,معتمد مبدئيًا,Pasted markdown(20).md
CLO-031-CARD001,CLO-031-OP001,لتعلّم التخطيط المسبق وتقدير الاحتياجات وفق مدة الغياب.,معرفة مدة الرحلة ووجهتها وطبيعة الطقس فيها.,تحديد عدد الأيام والاحتياجات. اختيار القطع المناسبة. طيها ووضعها في الحقيبة. مراجعة نهائية قبل الإغلاق.,استخدام قائمة تحقق بالعناصر الأساسية لكل رحلة.,المساعدة في الاختيار. تجهيز جزء من الحقيبة. تجهيز الحقيبة كاملة بشكل مستقل.,اكتمال الاحتياجات دون نسيان عناصر أساسية.,"الارتباط بفرصة ""تفريغ وتنظيف حقيبة الملابس بعد العودة"".",قائمة تحقق مصورة لعناصر السفر.,معتمد مبدئيًا,Pasted markdown(20).md
CLO-032-CARD001,CLO-032-OP001,لإكمال دورة روتين السفر وتعلّم الترتيب بعد الانتهاء من نشاط.,تجهيز سلة للملابس المتسخة وأخرى للنظيفة.,فتح الحقيبة. فرز الملابس النظيفة عن المتسخة. إعادة الحقيبة إلى مكان تخزينها.,تخصيص وقت قريب من العودة مباشرة لتفادي تراكم المهمة.,المساعدة في الفرز. تفريغ جزء من الحقيبة. تنفيذ المهمة كاملة.,إتمام التفريغ خلال وقت قصير من العودة.,"الانتقال إلى فرصة ""غسل ملابس العودة من السفر أو النشاط الخارجي"".",سلتان مخصصتان (نظيف/متسخ).,معتمد مبدئيًا,Pasted markdown(20).md
CLO-033-CARD001,CLO-033-OP001,لربط نشاط السفر بروتين النظافة المعتاد وإغلاق دورة الاستخدام.,التأكد من وجود كمية كافية لبدء دورة غسيل.,تجميع ملابس السفر المتسخة. فرزها إن لزم. تشغيل دورة الغسيل.,"الربط المباشر مع فرصة ""تشغيل دورة غسيل الملابس"" المعتادة.",المساعدة في التجميع. المشاركة في التشغيل. تنفيذ الغسيل كاملًا بشكل مستقل.,المبادرة لغسل ملابس السفر دون تذكير.,"الارتباط بفرصة ""طي الملابس النظيفة"".",لا يتطلب أدوات دعم إضافية عن المستخدم في CLO-012.,معتمد مبدئيًا,Pasted markdown(20).md
CLO-034-CARD001,CLO-034-OP001,لتعلّم مفهوم الملكية الشخصية والمسؤولية عن الأغراض الخاصة.,تجهيز الملصقات أو القلم الخاص بالكتابة على الأقمشة.,تحديد القطع الجديدة التي تحتاج تمييزًا. كتابة الاسم أو لصق الملصق. التأكد من وضوح الاسم.,استخدام ملصقات جاهزة بالاسم بدلًا من الكتابة اليدوية.,المراقبة. المساعدة في لصق الملصقات. تنفيذ المهمة بمفرده على القطع البسيطة.,التعرف على قطعه الخاصة المميزة بالاسم.,"الارتباط بفرصة ""تجهيز ملابس العودة للمدرسة أو العمل"".",ملصقات أسماء جاهزة.,معتمد مبدئيًا,Pasted markdown(20).md
CLO-035-CARD001,CLO-035-OP001,لبناء روتين استعداد يومي يقلل التوتر الصباحي ويعزز الاستقلالية.,معرفة الزي المطلوب لليوم التالي.,اختيار الزي المناسب لليوم القادم. التأكد من نظافته وجاهزيته. تجهيزه في مكان محدد (على الكرسي مثلًا).,جعل التجهيز جزءًا من روتين المساء الثابت.,المساعدة في الاختيار. التجهيز بمساعدة جزئية. التجهيز الكامل المستقل كل مساء.,انخفاض وقت الاستعداد الصباحي.,"الارتباط بفرصة ""ارتداء الملابس"" صباح اليوم التالي.",جدول روتين مسائي مصور.,معتمد مبدئيًا,Pasted markdown(20).md
CLO-036-CARD001,CLO-036-OP001,لربط اختيار الملابس بنوع النشاط وضمان الراحة والسلامة أثناء الحركة.,معرفة نوع النشاط الرياضي المخطط له.,تحديد نوع النشاط. اختيار الزي والحذاء المناسبين. تجهيزهما قبل موعد النشاط.,تخصيص درج مستقل لملابس الرياضة فقط.,المساعدة في الاختيار. التجهيز بمساعدة جزئية. التجهيز الكامل المستقل.,ملاءمة الاختيار لنوع النشاط دون تصحيح.,"الارتباط بفرصة ""غسل ملابس الرياضة أو العمل المتسخة بشكل خاص"" بعد النشاط.",درج مخصص لملابس الرياضة.,معتمد مبدئيًا,Pasted markdown(20).md
CLO-037-CARD001,CLO-037-OP001,لتعلّم التمييز بين درجات الاتساخ والتعامل معها بشكل مناسب.,فصل هذه الملابس عن بقية الغسيل العادي.,تجميع الملابس شديدة الاتساخ. وضعها في دورة غسيل منفصلة أو مكثفة. تشغيل الغسالة بالإعداد المناسب.,تخصيص سلة صغيرة منفصلة لهذا النوع من الملابس.,المساعدة في التجميع. المشاركة في التشغيل. تنفيذ العملية كاملة.,الفصل التلقائي لهذه الملابس عن الغسيل العادي.,"الارتباط بفرصة ""نشر الملابس لتجفيفها طبيعيًا"".",سلة منفصلة مخصصة.,معتمد مبدئيًا,Pasted markdown(20).md
CLO-038-CARD001,CLO-038-OP001,لتعلّم بديل بسيط للغسيل عند عدم وجود اتساخ فعلي، والحفاظ على انتعاش الملابس.,تحديد مكان جيد التهوية (شرفة أو نافذة مفتوحة).,تحديد القطعة التي تحتاج تهوية. تعليقها في المكان المناسب. إعادتها إلى الخزانة بعد فترة.,تخصيص علاّقة قريبة من الشرفة لهذا الغرض تحديدًا.,المساعدة في التعليق. تنفيذ الخطوة بمفرده لقطعة واحدة. تنفيذ المهمة كاملة عند الحاجة.,التمييز الصحيح بين ما يحتاج غسلًا وما يحتاج تهوية فقط.,"الارتباط بفرصة ""تعليق الملابس في الخزانة"".",علاّقة مخصصة قرب مكان التهوية.,معتمد مبدئيًا,Pasted markdown(20).md
CLO-039-CARD001,CLO-039-OP001,لتعزيز أساسيات النظافة الشخصية اليومية والاستقلالية في الرعاية الذاتية.,التأكد من توفر لباس داخلي نظيف كافٍ يوميًا.,اختيار قطعة نظيفة. ارتداؤها كجزء من الروتين الصباحي. وضع القطعة المستخدمة في سلة الغسيل.,تخصيص درج واضح وسهل الوصول لهذه القطع فقط.,المساعدة الكاملة. المساعدة الجزئية. التنفيذ المستقل الكامل يوميًا.,الانتظام اليومي دون الحاجة لتذكير.,"الارتباط بفرصة ""ارتداء الملابس"".",جدول روتين صباحي مصور.,معتمد مبدئيًا,Pasted markdown(20).md
CLO-040-CARD001,CLO-040-OP001,لتعلّم معايير النظافة الخاصة بالقطع الملامسة للبشرة مباشرة.,تجهيز سلة منفصلة لهذه القطع.,تجميع اللباس الداخلي والجوارب. وضعها في دورة غسيل منفصلة. تشغيل الغسالة.,استخدام كيس شبكي صغير لتجميع الجوارب ومنع ضياعها.,المساعدة في التجميع. المشاركة في التشغيل. تنفيذ العملية كاملة.,الفصل المنتظم لهذه القطع عن بقية الغسيل.,"الارتباط بفرصة ""طي الملابس النظيفة"".",كيس شبكي مخصص للجوارب.,معتمد مبدئيًا,Pasted markdown(20).md
CLO-041-CARD001,CLO-041-OP001,لتعلّم مهارة صيانة تُطيل عمر الأغراض الشخصية وتعزز الاهتمام بالمظهر.,تجهيز فرشاة ومادة تلميع مناسبة.,إزالة الأتربة عن الحذاء. تطبيق مادة التلميع. تلميعه بالفرشاة. تركه ليجف.,استخدام مناديل تلميع جاهزة بدل المواد السائلة لتبسيط الخطوات.,المراقبة. المساعدة في التلميع. التنظيف الكامل المستقل.,الانتظام الأسبوعي في تنفيذ المهمة.,"الانتقال إلى فرصة ""ترتيب الأحذية في مكان التخزين المخصص"".",مناديل تلميع جاهزة الاستخدام.,معتمد مبدئيًا,Pasted markdown(20).md
CLO-042-CARD001,CLO-042-OP001,لتعلّم مهارة التنظيم اليومي والحفاظ على مدخل منزل مرتب.,التأكد من وجود مكان مخصص وواضح للأحذية.,خلع الحذاء عند الدخول. وضعه في الرف أو المكان المخصص. ترتيبه بجانب الزوج المطابق.,استخدام رف منخفض بعلامات لكل فرد من الأسرة.,المساعدة في الترتيب. الترتيب اليومي المستقل. الإشراف على ترتيب أحذية بقية الأسرة أيضًا.,الانتظام اليومي دون تذكير.,"الارتباط بفرصة ""البحث عن زوج حذاء مناسب للمناسبة"".",رف أو علامات تخصيص لكل فرد.,معتمد مبدئيًا,Pasted markdown(20).md
CLO-043-CARD001,CLO-043-OP001,لربط اختيار الحذاء بنوع النشاط والزي، وتعزيز مهارة اتخاذ القرار.,معرفة نوع النشاط أو المناسبة المخطط لها.,مراجعة رف الأحذية. اختيار الزوج المناسب للنشاط. التأكد من نظافته وجاهزيته.,تصنيف الأحذية إلى فئات (يومي/رياضي/رسمي) بعلامات واضحة.,المساعدة في الاختيار. الاختيار من بين خيارين. الاختيار الكامل المستقل.,ملاءمة الاختيار لنوع النشاط دون تصحيح.,"الارتباط بفرصة ""ارتداء الملابس"" أو ""اختيار ملابس مناسبة لمناسبة اجتماعية أو رسمية"".",تصنيف مرئي للأحذية حسب النوع.,معتمد مبدئيًا,Pasted markdown(20).md
CLO-044-CARD001,CLO-044-OP001,لتعلّم تقدير قيمة الأغراض ومحاولة إصلاحها قبل استبدالها.,تحديد نوع التلف (كعب، نعل، رباط).,فحص الحذاء وتحديد المشكلة. تقرير إن كان الإصلاح منزليًا أو يحتاج محل متخصص. تنفيذ الإصلاح أو تسليمه للمختص.,الاقتصار على إصلاحات بسيطة منزليًا (مثل تغيير الرباط) وترك الباقي للمختص.,المرافقة فقط عند التوجه للمحل. المساعدة في إصلاح بسيط منزلي. تنفيذ الإصلاح البسيط بمفرده (مثل تغيير الرباط).,التمييز الصحيح بين ما يمكن إصلاحه منزليًا وما يحتاج مختصًا.,"الارتباط بفرصة ""ترتيب الأحذية في مكان التخزين المخصص"".",لا يتطلب أدوات دعم إضافية.,معتمد مبدئيًا,Pasted markdown(20).md
CLO-045-CARD001,CLO-045-OP001,لتعلّم مهارة تنظيم دقيقة لعناصر صغيرة قابلة للضياع.,تجهيز أدراج أو خطافات مخصصة للإكسسوارات.,تجميع الإكسسوارات المتناثرة. فرزها حسب النوع. تعليقها أو وضعها في مكانها المخصص.,استخدام خطافات فردية لكل نوع من الإكسسوارات.,المساعدة في الفرز. الترتيب الجزئي. الترتيب الكامل المستقل.,سهولة إيجاد الإكسسوار المطلوب عند الحاجة.,"الارتباط بفرصة ""اختيار إكسسوارات مناسبة للملابس المرتداة"".",خطافات أو أدراج مخصصة مصنّفة.,معتمد مبدئيًا,Pasted markdown(20).md
CLO-046-CARD001,CLO-046-OP001,لتعزيز حس التنسيق والمظهر الشخصي المكتمل.,معرفة الزي المختار مسبقًا.,مراجعة الزي المرتدى. اختيار إكسسوار مناسب (حزام/وشاح/ربطة). ارتداؤه والتأكد من التناسق.,تجهيز أطقم جاهزة مسبقًا (ملابس + إكسسوار متناسق) لتقليل عدد القرارات.,المساعدة في الاختيار. الاختيار من بين خيارين. الاختيار الكامل المستقل.,تحسّن التناسق بين الملابس والإكسسوار بمرور الوقت.,"الارتباط بفرصة ""خلع الملابس في نهاية اليوم"" لإعادة الإكسسوار لمكانه.",أطقم جاهزة مسبقة التجهيز.,معتمد مبدئيًا,Pasted markdown(20).md
CLO-047-CARD001,CLO-047-OP001,لتعلّم الاستجابة السريعة للحاجة الجسدية والحفاظ على الراحة والكرامة الشخصية.,تجهيز طقم ملابس بديل ومستلزمات النظافة قريبة دائمًا.,ملاحظة الحادثة والاستجابة فورًا. تنظيف الطفل. ارتداء ملابس نظيفة. وضع الملابس المتسخة في مكانها الصحيح للغسيل.,الإبقاء على طقم بديل جاهز دائمًا في متناول اليد.,طلب المساعدة عند الحاجة. المشاركة في الخطوات البسيطة (مثل اختيار الملابس البديلة). التعرف المبكر والإبلاغ الذاتي عن الحاجة للتغيير.,سرعة التعرف على الحاجة والتعبير عنها.,"الارتباط بفرصة ""غسل ملابس الأطفال الرضع بشكل منفصل"".",طقم ملابس بديل جاهز دائمًا، بطاقة تعبير عن الحاجة.,معتمد مبدئيًا,Pasted markdown(20).md
CLO-048-CARD001,CLO-048-OP001,لتعلّم مفهوم العناية الخاصة بالفئات الأكثر حساسية في الأسرة.,التأكد من استخدام منظف مخصص للرضع.,تجميع ملابس الرضيع. وضعها في دورة غسيل منفصلة. استخدام المنظف اللطيف المخصص.,تخصيص سلة صغيرة منفصلة لملابس الرضيع فقط.,المساعدة في التجميع. المشاركة في التشغيل. تنفيذ العملية كاملة تحت إشراف عام.,الفصل المنتظم لهذه الملابس عن بقية الغسيل.,"الارتباط بفرصة ""طي الملابس النظيفة"" و""ترتيب ملابس الأطفال حسب العمر والمقاس"".",سلة منفصلة مخصصة لملابس الرضيع.,معتمد مبدئيًا,Pasted markdown(20).md
CLO-049-CARD001,CLO-049-OP001,لتعلّم مهارة التصنيف المرتبطة بمتابعة نمو الأطفال.,تجهيز أدراج أو رفوف مخصصة لكل طفل أو مقاس.,فرز الملابس حسب المقاس. فرزها حسب النوع (يومي/مناسبات). ترتيبها في الأدراج المخصصة.,وضع ملصقات مقاس واضحة على كل درج.,المساعدة في الفرز. ترتيب درج واحد. تنفيذ الترتيب الكامل شهريًا.,دقة التصنيف حسب المقاس الصحيح.,"الارتباط بفرصة ""تفقد مقاسات الملابس وتحديثها مع نمو الأطفال"".",ملصقات مقاسات على الأدراج.,معتمد مبدئيًا,Pasted markdown(20).md
CLO-050-CARD001,CLO-050-OP001,لتعلّم متابعة التغيّر الجسدي الذاتي والتعبير عن الشعور بالضيق أو عدم الملاءمة.,تخصيص وقت دوري (موسمي أو شهري) للتجربة.,تجربة قطع مختارة من الخزانة. تحديد ما أصبح ضيقًا أو قصيرًا. فصل هذه القطع عن الخزانة.,ربط هذه المهمة بموعد ثابت متكرر (بداية كل فصل).,المساعدة في التجربة. التعبير عن الشعور بعدم الملاءمة. تقييم القطع بشكل مستقل والإبلاغ عنها.,التعبير الذاتي المبكر عن عدم ملاءمة قطعة معينة.,"الارتباط بفرصة ""تمرير ملابس الأطفال الكبار للأصغر سناً"" أو ""شراء ملابس جديدة للأسرة"".",جدول تذكير دوري بموعد التجربة.,معتمد مبدئيًا,Pasted markdown(20).md
FOOD-001-CARD001,FOOD-001-OP001,ليشعر بأنه جزء من بداية اليوم مع الأسرة منذ أول خطوة.,تأكد من أن المكونات المطلوبة في متناول يده على رف مناسب.,فتح الثلاجة، تحديد المكونات، إخراجها ووضعها على الطاولة.,ضع المكونات المعتادة في مكان ثابت وسهل الوصول.,الإشارة إلى المكون، الإمساك به معك، إخراجه بمفرده.,يبادر بفتح الثلاجة أو يشير لما يريد إخراجه.,الانتقال معًا إلى تحضير الأطباق والأكواب.,بطاقة صور للمكونات المعتادة.,معتمد مبدئيًا,Pasted text (3)(2).txt
FOOD-001-CARD002,FOOD-001-OP002,ليشارك في تجهيز مائدة الأسرة ويشعر بالمساهمة الملموسة.,حدد عدد الأطباق والأكواب المطلوبة لأفراد الأسرة.,إحضار الأطباق من الخزانة ووضعها على الطاولة مع الأكواب.,استخدم أطباقًا وأكوابًا خفيفة سهلة الحمل.,حمل طبق واحد، توزيع عدة أطباق، تجهيز المائدة كاملة.,يحمل الأطباق بثبات ويضعها في مكانها دون تذكير متكرر.,الانتقال إلى تقطيع الخبز.,لا يتطلب أدوات دعم إضافية.,معتمد مبدئيًا,Pasted text (3)(2).txt
FOOD-001-CARD003,FOOD-001-OP003,ليشعر بأنه ساهم في طعام يأكله مع أسرته بيديه.,جهّز سكينًا آمنة أو أداة تقطيع مناسبة تحت إشرافك.,وضع الخبز على اللوح، تقطيعه لقطع مناسبة، وضعها في السلة.,استخدم أداة تقطيع غير حادة مخصصة للمشاركة الآمنة.,المراقبة معك، المساعدة بيد واحدة، التقطيع تحت إشرافك.,يمسك الأداة بثبات ويكرر الحركة براحة.,الانتقال إلى تحضير المشروبات المرافقة.,أداة تقطيع آمنة مخصصة للمشاركة.,معتمد مبدئيًا,Pasted text (3)(2).txt
FOOD-001-CARD004,FOOD-001-OP004,ليكمل دوره في تجهيز مائدة الإفطار مع بقية الأسرة.,جهّز العصير أو الحليب في عبوة يسهل سكبها.,إحضار العبوة، سكب المشروب في الأكواب، إعادة العبوة لمكانها.,استخدم عبوة صغيرة خفيفة سهلة الإمساك.,الإمساك بالكوب أثناء السكب، السكب بمساعدة، السكب بمفرده.,يتحكم بالسكب دون انسكاب كبير.,الجلوس معًا لتناول الإفطار الذي شارك في تجهيزه.,عبوة سكب صغيرة ذات مقبض.,معتمد مبدئيًا,Pasted text (3)(2).txt
FOOD-002-CARD001,FOOD-002-OP001,ليكون حاضرًا منذ بداية تجهيز وجبة أساسية في يومه.,حدد المكونات المطلوبة ورتبها في مكان واضح.,إخراج المكونات من الثلاجة أو الخزانة ووضعها على الطاولة.,استخدم سلة واحدة يجمع فيها كل ما يخرجه.,الإشارة لما يريد، الإخراج بمساعدة، الإخراج بمفرده.,يتعرف على أماكن المكونات المعتادة.,الانتقال إلى غسل الخضروات.,سلة تجميع مخصصة.,معتمد مبدئيًا,Pasted text (3)(2).txt
FOOD-002-CARD002,FOOD-002-OP002,ليختبر ملمس الماء والخضار ويشعر بالمساهمة الحسية في الطبخ.,جهّز مصفاة في متناول يده عند الحوض.,وضع الخضار في المصفاة، غسلها تحت الماء، وضعها جانبًا.,استخدم مقعدًا أو مرتفعًا آمنًا إن كان الحوض مرتفعًا.,لمس الماء والخضار معك، الغسل بمساعدة، الغسل بمفرده.,يستمتع بالنشاط ويكرره دون ممانعة.,الانتقال إلى إحضار أدوات الطهي.,مصفاة ومقعد مساند عند الحاجة.,معتمد مبدئيًا,Pasted text (3)(2).txt
FOOD-002-CARD003,FOOD-002-OP003,ليشعر بأنه مساعد فعلي في المطبخ لا مجرد متفرج.,حدد الأدوات المطلوبة مسبقًا وضعها في مكان يسهل الوصول له.,إحضار القدر أو المقلاة والملعقة إلى الموقد.,ضع الأدوات الأكثر استخدامًا في درج منخفض.,إحضار أداة واحدة، إحضار عدة أدوات، تجهيز الموقد كاملًا.,يتعرف على الأداة المطلوبة عند ذكر اسمها أو الإشارة إليها.,الانتقال إلى ترتيب سطح العمل.,درج أدوات منخفض ومنظم.,معتمد مبدئيًا,Pasted text (3)(2).txt
FOOD-002-CARD004,FOOD-002-OP004,ليتعلّم أن مساحته في المطبخ منظمة ومرتبة مثل بقية الأسرة.,أفسح له مساحة واضحة على الطاولة أو سطح العمل.,إبعاد الأدوات غير المستخدمة، مسح السطح، ترتيب ما تبقى.,خصص له ركنًا صغيرًا ثابتًا كمساحة عمله.,المشاركة بالمسح، الترتيب الجزئي، الترتيب الكامل.,يترك المساحة مرتبة دون تذكير متكرر.,الانتقال إلى سكب الطعام في الأطباق.,قطعة قماش مخصصة للمسح.,معتمد مبدئيًا,Pasted text (3)(2).txt
FOOD-002-CARD005,FOOD-002-OP005,ليرى نتيجة العمل المشترك وهو يقدَّم على المائدة.,اسكب الطعام في وعاء متوسط يسهل التحكم به.,إمساك المغرفة، سكب الطعام في كل طبق، وضع الطبق أمام كل فرد.,استخدم مغرفة بمقبض قصير وخفيف.,المساعدة في السكب، سكب طبق واحد، توزيع كل الأطباق.,يتحكم بكمية السكب دون انسكاب كبير.,الجلوس معًا لتناول الغداء الذي شارك في تجهيزه.,مغرفة بمقبض مناسب للإمساك.,معتمد مبدئيًا,Pasted text (3)(2).txt
FOOD-003-CARD001,FOOD-003-OP001,ليساهم بيديه في وجبة العشاء ويشعر بدوره في نهاية اليوم.,جهّز أداة تقطيع آمنة ومكونات لينة سهلة التقطيع.,وضع المكوّن على اللوح، تقطيعه بحذر، تجميع القطع.,ابدأ بمكونات طرية مثل الخيار أو الطماطم.,المراقبة معك، المساعدة بيد واحدة، التقطيع تحت إشرافك.,يمسك الأداة بثبات متزايد مع الوقت.,الانتقال إلى تجهيز أدوات المائدة.,أداة تقطيع آمنة مخصصة.,معتمد مبدئيًا,Pasted text (3)(2).txt
FOOD-003-CARD002,FOOD-003-OP002,ليكون له دور واضح قبل جلوس الأسرة لتناول العشاء معًا.,حدد عدد الأفراد وأدوات كل فرد.,إحضار الملاعق والشوك والمناديل ووضعها على المائدة.,استخدم صينية واحدة لنقل كل الأدوات دفعة واحدة.,حمل أداة واحدة، توزيع عدة أدوات، تجهيز المائدة كاملة.,يضع الأدوات في أماكنها المعتادة دون توجيه.,الانتقال إلى سكب الطعام.,صينية نقل مخصصة.,معتمد مبدئيًا,Pasted text (3)(2).txt
FOOD-003-CARD003,FOOD-003-OP003,ليشعر بأنه من يقدّم الطعام لأسرته لا من ينتظره فقط.,اسكب الطعام في وعاء متوسط سهل التحكم.,إمساك المغرفة، سكب الطعام في كل طبق بدوره.,استخدم مغرفة خفيفة بمقبض مريح.,المساعدة في السكب، سكب طبق واحد، توزيع كل الأطباق.,يتحكم بكمية السكب بثبات متزايد.,الانتقال إلى تقديم الطعام.,مغرفة بمقبض مناسب.,معتمد مبدئيًا,Pasted text (3)(2).txt
FOOD-003-CARD004,FOOD-003-OP004,ليختم مساهمته في العشاء بلحظة تقديم يفخر بها أمام أسرته.,تأكد أن الأطباق ليست ساخنة جدًا عند حملها.,حمل الطبق بثبات، نقله إلى المائدة، وضعه أمام صاحبه.,استخدم أطباقًا خفيفة غير قابلة للكسر.,حمل طبق واحد، حمل عدة أطباق، تقديم المائدة كاملة.,يحمل الطبق بثبات دون انسكاب أو تردد.,الجلوس معًا والاستمتاع بالعشاء الذي شارك في تجهيزه.,أطباق خفيفة مقاومة للكسر.,معتمد مبدئيًا,Pasted text (3)(2).txt
FOOD-004-CARD001,FOOD-004-OP001,ليبدأ خطوة الضيافة بنفسه ويشعر بالفخر عند تقديمها لاحقًا.,ضع الغلاية في مكان يسهل الوصول إليه قرب الحوض.,فتح غطاء الغلاية، تعبئتها بالماء، إغلاق الغطاء.,استخدم غلاية خفيفة بغطاء سهل الفتح.,الإمساك بالغلاية أثناء التعبئة، التعبئة بمساعدة، التعبئة بمفرده.,يتحكم بكمية الماء دون فيضان.,الانتقال إلى إحضار الأكواب.,غلاية خفيفة سهلة الاستخدام.,معتمد مبدئيًا,Pasted text (3)(2).txt
FOOD-004-CARD002,FOOD-004-OP002,ليساهم في تجهيز جلسة الأسرة أو الضيافة بشكل ملموس.,حدد عدد الأكواب المطلوبة.,فتح الخزانة، إحضار الأكواب، وضعها على الصينية.,ضع الأكواب المستخدمة يوميًا في رف منخفض.,حمل كوب واحد، حمل عدة أكواب، تجهيز الصينية كاملة.,يحمل الأكواب بثبات دون إسقاطها.,الانتقال إلى وضع أكياس الشاي أو البن.,رف أكواب منخفض.,معتمد مبدئيًا,Pasted text (3)(2).txt
FOOD-004-CARD003,FOOD-004-OP003,ليتقن خطوة صغيرة ومحددة تجعله يشعر بإتمام مهمة كاملة.,جهّز أكياس الشاي أو البن في متناول يده.,أخذ كيس شاي أو ملعقة بن، وضعه في الكوب.,استخدم أكياس شاي جاهزة بدل البن المطحون لتبسيط الحركة.,المساعدة في الوضع، وضع كوب واحد، تجهيز كل الأكواب.,يكرر الحركة بثبات لكل كوب.,الانتقال إلى تقديم المشروبات.,أكياس شاي جاهزة سهلة الإمساك.,معتمد مبدئيًا,Pasted text (3)(2).txt
FOOD-004-CARD004,FOOD-004-OP004,ليختم دوره بلحظة تقديم تُشعره بالتقدير من الأسرة.,تأكد أن المشروب دافئ وليس ساخنًا جدًا عند الحمل.,حمل الكوب بثبات، نقله لصاحبه، وضعه أمامه.,استخدم كوبًا بمقبض عريض سهل الإمساك.,تقديم كوب واحد بمساعدة، تقديم أكثر من كوب، تقديم كل الأكواب.,يحمل الكوب بثبات دون انسكاب.,الجلوس معًا والاستمتاع بلحظة المشروب الساخن.,كوب بمقبض عريض مقاوم للانزلاق.,معتمد مبدئيًا,Pasted text (3)(2).txt
FOOD-005-CARD001,FOOD-005-OP001,ليشعر بمساهمة سريعة وملموسة في تجهيز مشروب بارد للأسرة.,ضع صينية الثلج في مكان يسهل الوصول إليه.,فتح الفريزر، إخراج الصينية، وضع الثلج في الوعاء.,استخدم وعاء ثلج بمقبض بدل الصينية التقليدية.,المساعدة في الإخراج، الإخراج بمفرده، تعبئة الوعاء كاملًا.,يتحكم بإخراج الثلج دون تردد من البرودة.,الانتقال إلى سكب العصائر أو الماء.,وعاء ثلج بمقبض.,معتمد مبدئيًا,Pasted text (3)(2).txt
FOOD-005-CARD002,FOOD-005-OP002,ليتحكم بخطوة عملية يرى نتيجتها مباشرة أمامه.,جهّز عبوة العصير أو الماء في مكان قريب.,إمساك العبوة، سكب المشروب في الكوب، إعادة العبوة.,استخدم عبوة خفيفة ذات فتحة سكب سهلة.,الإمساك أثناء السكب، السكب بمساعدة، السكب بمفرده.,يتحكم بالسكب دون انسكاب كبير.,الانتقال إلى تجهيز الأكواب.,عبوة سكب خفيفة.,معتمد مبدئيًا,Pasted text (3)(2).txt
FOOD-005-CARD003,FOOD-005-OP003,ليكمل دوره في تحضير المشروب البارد قبل التقديم.,حدد عدد الأكواب المطلوبة لأفراد الأسرة.,إحضار الأكواب، وضع الثلج فيها، وضعها على الصينية.,ضع الأكواب في متناول يده على رف منخفض.,حمل كوب واحد، تجهيز عدة أكواب، تجهيز الصينية كاملة.,يجهز الأكواب بترتيب متسق.,الانتقال إلى تقديم المشروبات.,رف أكواب منخفض.,معتمد مبدئيًا,Pasted text (3)(2).txt
FOOD-005-CARD004,FOOD-005-OP004,ليشعر بالفخر عند رؤية أسرته تستمتع بما جهّزه.,تأكد من ثبات الأكواب على الصينية قبل الحمل.,حمل الكوب، نقله لصاحبه، وضعه أمامه.,استخدم كوبًا خفيفًا غير قابل للكسر.,تقديم كوب واحد، تقديم أكثر من كوب، تقديم كل الأكواب.,يحمل الكوب بثبات دون انسكاب.,الجلوس معًا للاستمتاع بالمشروب البارد.,كوب خفيف مقاوم للكسر.,معتمد مبدئيًا,Pasted text (3)(2).txt
FOOD-006-CARD001,FOOD-006-OP001,ليكون له دور واضح في استقبال الضيوف يشعره بالانتماء للأسرة.,جهّز الصينية والعناصر المطلوبة على الطاولة.,وضع الأكواب والأطباق على الصينية بترتيب.,استخدم صينية خفيفة بحواف واضحة تمنع الانزلاق.,المساعدة في الترتيب، ترتيب جزء من الصينية، ترتيبها كاملة.,يرتب العناصر بشكل متسق دون توجيه.,الانتقال إلى توزيع الأكواب والأطباق الصغيرة.,صينية بحواف مانعة للانزلاق.,معتمد مبدئيًا,Pasted text (3)(2).txt
FOOD-006-CARD002,FOOD-006-OP002,ليتفاعل مباشرة مع الضيوف بدور مرحّب ومحدد.,حدد عدد الضيوف الجالسين.,حمل الصينية أو الأطباق، تقديمها لكل ضيف بدوره.,ابدأ بتوزيع عنصر واحد فقط لكل ضيف.,المرافقة أثناء التوزيع، توزيع جزء، توزيع كل الأطباق.,يتنقل بين الضيوف بثقة متزايدة.,الانتقال إلى تقديم المشروبات والمأكولات للضيوف.,لا يتطلب أدوات دعم إضافية.,معتمد مبدئيًا,Pasted text (3)(2).txt
FOOD-006-CARD003,FOOD-006-OP003,ليعيش لحظة تفاعل اجتماعي إيجابية مع ضيوف الأسرة.,تأكد أن المشروبات ليست ساخنة جدًا عند الحمل.,حمل الكوب أو الطبق، تقديمه للضيف، الابتسام أو الترحيب.,رافقه في أول جولة تقديم ثم اتركه يكمل بثقته.,المرافقة في التقديم، تقديم لضيف واحد، تقديم لكل الضيوف.,يبادر بالتقديم دون تردد كبير.,الانتقال إلى جمع الأكواب والأطباق بعد الانتهاء.,لا يتطلب أدوات دعم إضافية.,معتمد مبدئيًا,Pasted text (3)(2).txt
FOOD-006-CARD004,FOOD-006-OP004,ليكمل دورة الضيافة من البداية للنهاية ويشعر بالمسؤولية.,انتظر حتى ينتهي الضيوف من الشرب أو الأكل.,جمع الأكواب والأطباق، نقلها إلى المطبخ.,استخدم صينية لجمع كل القطع دفعة واحدة.,المساعدة في الجمع، جمع جزء، جمع كل القطع.,يجمع القطع بثبات دون إسقاطها.,انتهاء دور الضيافة والانتقال لاحقًا إلى غسل الأدوات المستخدمة.,صينية جمع مخصصة.,معتمد مبدئيًا,Pasted text (3)(2).txt
FOOD-007-CARD001,FOOD-007-OP001,ليشارك في التحضير لخروج ممتع يترقبه مع أسرته.,حدد العلب المطلوبة حسب عدد الأفراد.,فتح خزانة العلب، إخراج العدد المطلوب، وضعها على الطاولة.,خصص رفًا واحدًا لعلب السفر فقط.,المساعدة في التجميع، إحضار علبة واحدة، تجميع كل العلب.,يتعرف على علب السفر ويميزها عن غيرها.,الانتقال إلى تعبئة الطعام في العلب.,رف مخصص لعلب السفر.,معتمد مبدئيًا,Pasted text (3)(2).txt
FOOD-007-CARD002,FOOD-007-OP002,ليرى بنفسه ما سيأكله لاحقًا خلال الرحلة.,ضع الطعام في وعاء وسيط يسهل التحكم به.,أخذ الطعام بالملعقة، وضعه في العلبة، إغلاقها.,استخدم ملعقة تعبئة كبيرة تقلل عدد الحركات.,المساعدة في التعبئة، تعبئة علبة واحدة، تعبئة كل العلب.,يتحكم بكمية الطعام دون سكب زائد.,الانتقال إلى إغلاق الحوافظ بإحكام.,ملعقة تعبئة كبيرة.,معتمد مبدئيًا,Pasted text (3)(2).txt
FOOD-007-CARD003,FOOD-007-OP003,ليتقن خطوة دقيقة تجعله يشعر بإنجاز مهمة كاملة بنفسه.,تأكد أن أغطية العلب سهلة الإغلاق.,وضع الغطاء على العلبة، الضغط عليه حتى يُغلق بإحكام.,اختر علبًا بأغطية بسيطة بلا أقفال معقدة.,المساعدة في الإغلاق، إغلاق علبة واحدة، إغلاق كل العلب.,يتحقق بنفسه من إحكام الغطاء.,الانتقال إلى ترتيب الحوافظ في حقيبة السفر.,علب بأغطية بسيطة الإغلاق.,معتمد مبدئيًا,Pasted text (3)(2).txt
FOOD-007-CARD004,FOOD-007-OP004,ليكمل التجهيز للرحلة بلمسته الأخيرة قبل الانطلاق.,افتح حقيبة السفر ووسّع المساحة المتاحة.,وضع الحوافظ في الحقيبة، ترتيبها بجانب بعضها.,استخدم حقيبة بفتحة واسعة سهلة الوضع.,المساعدة في الترتيب، وضع حافظة واحدة، ترتيب كل الحوافظ.,يرتب الحوافظ بثبات دون تكديس عشوائي.,الانطلاق معًا في الرحلة بوجبة جهّزها بنفسه.,حقيبة سفر بفتحة واسعة.,معتمد مبدئيًا,Pasted text (3)(2).txt
FOOD-008-CARD001,FOOD-008-OP001,ليبدأ يومه بمشاركة فعلية في تجهيز ما سيصحبه معه.,خصص مكانًا ثابتًا لصندوق الطعام في متناول يده.,فتح الخزانة أو الدرج، إخراج الصندوق، وضعه على الطاولة.,ضع الصندوق في نفس المكان دائمًا لتسهيل تذكره.,الإشارة إليه، إحضاره بمساعدة، إحضاره بمفرده.,يتوجه لمكان الصندوق دون تذكير.,الانتقال إلى تعبئة الصندوق بالوجبات.,مكان ثابت ومعروف للصندوق.,معتمد مبدئيًا,Pasted text (3)(2).txt
FOOD-008-CARD002,FOOD-008-OP002,ليختار ويشارك في تجهيز طعامه الذي سيتناوله لاحقًا.,جهّز الوجبات في أوعية صغيرة سهلة النقل.,وضع كل صنف في مكانه داخل الصندوق.,استخدم صندوقًا بأقسام ثابتة لكل نوع طعام.,المساعدة في الوضع، تعبئة قسم واحد، تعبئة الصندوق كاملًا.,يضع كل صنف في قسمه الصحيح باستقلالية متزايدة.,الانتقال إلى تعبئة زجاجة الماء.,صندوق طعام بأقسام مقسّمة.,معتمد مبدئيًا,Pasted text (3)(2).txt
FOOD-008-CARD003,FOOD-008-OP003,ليتأكد بنفسه من جاهزيته ويشعر بالاعتماد على نفسه.,ضع الزجاجة في مكان يسهل الوصول له عند الحوض.,فتح الزجاجة، تعبئتها بالماء، إغلاقها جيدًا.,استخدم زجاجة بفتحة واسعة سهلة التعبئة.,المساعدة في التعبئة، التعبئة بمفرده، التحقق من الإغلاق أيضًا.,يتحكم بكمية الماء دون فيضان.,الانتقال إلى وضع الصندوق في الحقيبة.,زجاجة بفتحة واسعة.,معتمد مبدئيًا,Pasted text (3)(2).txt
FOOD-008-CARD004,FOOD-008-OP004,ليختم استعداده بنفسه ويشعر بجاهزيته الكاملة لليوم.,افتح الحقيبة ووسّع مكانًا مخصصًا للصندوق.,حمل الصندوق، وضعه في الحقيبة، إغلاقها.,خصص جيبًا ثابتًا في الحقيبة لصندوق الطعام دائمًا.,المساعدة في الوضع، الوضع بمفرده، التحقق من إغلاق الحقيبة أيضًا.,يتذكر وضع الصندوق دون تذكير من الأسرة.,الانطلاق لليوم بوجبة جهّزها بنفسه.,جيب ثابت في الحقيبة مخصص للصندوق.,معتمد مبدئيًا,Pasted text (3)(2).txt
FOOD-009-CARD001,FOOD-009-OP001,ليعبّر عن رغبته ويشعر بأن له رأيًا فيما سيأكله.,ضع خيارين أو ثلاثة أمامه للاختيار بينها.,النظر للخيارات، الإشارة أو التعبير عن الاختيار.,استخدم صورًا بسيطة للخيارات المتاحة.,الإشارة لخيار، اختيار من بين خيارين، اقتراح فكرة بنفسه.,يعبّر عن تفضيله بوضوح.,الانتقال إلى تجميع مكونات الساندويتش أو الوجبة.,بطاقة صور للخيارات المتاحة.,معتمد مبدئيًا,Pasted text (3)(2).txt
FOOD-009-CARD002,FOOD-009-OP002,ليصنع بيديه ما اختاره ويشعر بإنجاز فوري وملموس.,جهّز المكونات مقطّعة وجاهزة على الطاولة.,وضع كل مكون فوق الآخر بالترتيب حتى تكتمل الوجبة.,رتب المكونات أمامه بنفس ترتيب التجميع.,المساعدة في التجميع، تجميع جزء، تجميع الوجبة كاملة.,يتبع ترتيب المكونات دون توجيه متكرر.,الانتقال إلى إحضار طبق التقديم.,ترتيب المكونات بنفس تسلسل الاستخدام.,معتمد مبدئيًا,Pasted text (3)(2).txt
FOOD-009-CARD003,FOOD-009-OP003,ليكمل تجهيز وجبته بنفسه من البداية للتقديم.,ضع الأطباق في مكان منخفض يسهل الوصول له.,فتح الخزانة، إحضار الطبق، وضع الوجبة عليه.,استخدم طبقًا خفيفًا غير قابل للكسر.,المساعدة في الإحضار، الإحضار بمفرده، وضع الوجبة عليه أيضًا.,يحمل الطبق بثبات ويضع الوجبة بعناية.,الانتقال إلى تنظيف المكان بعد التحضير.,طبق خفيف مقاوم للكسر.,معتمد مبدئيًا,Pasted text (3)(2).txt
FOOD-009-CARD004,FOOD-009-OP004,ليتعلّم أن إنجاز المهمة يشمل ترك المكان مرتبًا أيضًا.,جهّز قطعة قماش نظيفة في متناول يده.,جمع الفتات والبقايا، مسح سطح العمل.,خصص قطعة قماش صغيرة بلون مميز لهذه المهمة فقط.,المساعدة في المسح، المسح الجزئي، تنظيف المكان كاملًا.,يبادر بالمسح دون تذكير بعد الانتهاء من الأكل.,الجلوس والاستمتاع بالوجبة التي أعدّها بنفسه.,قطعة قماش مخصصة للمسح.,معتمد مبدئيًا,Pasted text (3)(2).txt
FOOD-010-CARD001,FOOD-010-OP001,ليتعلّم أن الطعام المتبقي له قيمة ويمكن الاستفادة منه معًا.,ضع علب البقايا في مكان واضح على رف الثلاجة.,فتح الثلاجة، تحديد العلبة، إخراجها.,ضع ملصقًا بسيطًا على العلب يوضح محتواها.,الإشارة للعلبة، الإخراج بمساعدة، الإخراج بمفرده.,يتعرف على العلبة الصحيحة من الملصق أو الشكل.,الانتقال إلى تسخين الطعام.,ملصقات بسيطة على العلب.,معتمد مبدئيًا,Pasted text (3)(2).txt
FOOD-010-CARD002,FOOD-010-OP002,ليشارك في خطوة تحويل البقايا إلى وجبة جاهزة من جديد.,ضع الطعام في طبق مناسب للتسخين.,وضع الطبق في الميكروويف، ضبط الوقت، تشغيله.,استخدم زرًا واحدًا مضبوطًا مسبقًا للتسخين السريع.,المساعدة في الضبط، الضغط على الزر، تنفيذ الخطوة كاملة معك بجانبه.,يضغط الزر الصحيح بثقة متزايدة.,الانتقال إلى دمج البقايا في أطباق جديدة.,زر تسخين سريع مضبوط مسبقًا.,معتمد مبدئيًا,Pasted text (3)(2).txt
FOOD-010-CARD003,FOOD-010-OP003,ليكتشف فكرة إبداعية في تحويل الطعام المتبقي لشيء جديد.,جهّز البقايا وأي إضافات بسيطة بجانبها.,وضع البقايا في وعاء، إضافة عنصر بسيط، الخلط بلطف.,اقترح عليه فكرة بسيطة واحدة للدمج بدل خيارات متعددة.,المساعدة في الخلط، الخلط بمفرده، اقتراح فكرة الدمج بنفسه.,يقترح إضافة بسيطة من عنده.,الانتقال إلى تقديم الوجبة المعدلة.,لا يتطلب أدوات دعم إضافية.,معتمد مبدئيًا,Pasted text (3)(2).txt
FOOD-010-CARD004,FOOD-010-OP004,ليرى نتيجة فكرته وهي تُقدَّم على المائدة بفخر.,تأكد أن الطبق ليس ساخنًا جدًا عند الحمل.,حمل الطبق، نقله للمائدة، وضعه أمام صاحبه.,استخدم طبقًا خفيفًا غير قابل للكسر.,المساعدة في الحمل، الحمل بمفرده، التقديم الكامل للمائدة.,يحمل الطبق بثبات ويقدّمه بثقة.,الاستمتاع معًا بوجبة أعاد ابتكارها بنفسه.,طبق خفيف مقاوم للكسر.,معتمد مبدئيًا,Pasted text (3)(2).txt
FOOD-011-CARD001,FOOD-011-OP001,ليساهم في الحفاظ على الطعام لوقت لاحق مع أسرته.,ضع علب الحفظ في درج منخفض يسهل الوصول له.,فتح الدرج، إحضار العدد المطلوب من العلب.,خصص درجًا ثابتًا لعلب الحفظ فقط.,المساعدة في الإحضار، إحضار علبة واحدة، إحضار كل العلب المطلوبة.,يعرف مكان العلب دون تذكير.,الانتقال إلى نقل البقايا إلى العلب.,درج مخصص لعلب الحفظ.,معتمد مبدئيًا,Pasted text (3)(2).txt
FOOD-011-CARD002,FOOD-011-OP002,ليتقن خطوة عملية تُظهر نتيجتها مباشرة أمامه.,ضع البقايا في وعاء وسيط يسهل التحكم به.,أخذ الطعام بالملعقة، وضعه في العلبة.,استخدم ملعقة تعبئة كبيرة تقلل عدد الحركات.,المساعدة في النقل، نقل جزء، نقل كل الطعام.,يتحكم بكمية النقل دون سكب زائد.,الانتقال إلى إغلاق العلب بإحكام.,ملعقة تعبئة كبيرة.,معتمد مبدئيًا,Pasted text (3)(2).txt
FOOD-011-CARD003,FOOD-011-OP003,ليشعر بإتمام مهمة كاملة بنفسه من البداية للنهاية.,تأكد أن أغطية العلب سهلة الإغلاق.,وضع الغطاء، الضغط عليه حتى يُغلق بإحكام.,اختر علبًا بأغطية بسيطة بلا أقفال معقدة.,المساعدة في الإغلاق، إغلاق علبة واحدة، إغلاق كل العلب.,يتحقق بنفسه من إحكام الغطاء.,الانتقال إلى ترتيب العلب في الثلاجة.,علب بأغطية بسيطة الإغلاق.,معتمد مبدئيًا,Pasted text (3)(2).txt
FOOD-011-CARD004,FOOD-011-OP004,ليكمل دورة حفظ الطعام ويرى نتيجة عمله في مكانها.,أفسح مساحة واضحة على رف الثلاجة.,فتح الثلاجة، وضع العلب في مكانها، إغلاق الباب.,خصص رفًا ثابتًا لعلب البقايا.,المساعدة في الترتيب، وضع علبة واحدة، ترتيب كل العلب.,يضع العلب بترتيب متسق في نفس الرف.,لاحقًا، الانتقال إلى إخراجها من جديد ضمن فرصة استخدام بقايا الطعام.,رف ثابت مخصص لعلب البقايا.,معتمد مبدئيًا,Pasted text (3)(2).txt
FOOD-012-CARD001,FOOD-012-OP001,ليشارك في اتخاذ قرار بسيط قبل بدء الطبخ.,اعرض عليه صورة أو اسم الطبق المطلوب طبخه.,النظر لمحتويات الفريزر، الإشارة أو اختيار المكون المطلوب.,استخدم ملصقات صور على أكياس الفريزر.,الإشارة للمكون، الاختيار من بين خيارين، التحديد بمفرده.,يتعرف على المكون الصحيح من الصورة أو الشكل.,الانتقال إلى إخراج الأكياس أو العلب من الفريزر.,ملصقات صور على أكياس الفريزر.,معتمد مبدئيًا,Pasted text (3)(2).txt
FOOD-012-CARD002,FOOD-012-OP002,ليشعر بمساهمة عملية سريعة تسبق الطبخ مباشرة.,ضع المكون المطلوب في مكان يسهل الوصول له بالفريزر.,فتح الفريزر، إخراج الكيس أو العلبة، وضعها جانبًا.,رتب الفريزر بحيث تكون العناصر الأكثر استخدامًا في المقدمة.,المساعدة في الإخراج، الإخراج بمفرده، تحمّل البرودة لفترة أطول.,يتحمل ملمس البرودة دون انزعاج كبير.,الانتقال إلى وضع المكونات في وعاء الإذابة المناسب.,لا يتطلب أدوات دعم إضافية.,معتمد مبدئيًا,Pasted text (3)(2).txt
FOOD-012-CARD003,FOOD-012-OP003,ليكمل الخطوة الأخيرة قبل جاهزية المكوّن للطبخ.,جهّز وعاءً مناسبًا لحجم المكوّن.,وضع الكيس أو العلبة في الوعاء، وضعه في مكانه المخصص.,استخدم وعاءً واحدًا ثابتًا مخصصًا لهذه المهمة.,المساعدة في الوضع، الوضع بمفرده، اختيار الوعاء المناسب أيضًا.,يختار حجم الوعاء المناسب دون توجيه.,لاحقًا، الانتقال إلى بدء تجهيز الطبخ بالمكوّن المذاب.,وعاء إذابة ثابت مخصص.,معتمد مبدئيًا,Pasted text (3)(2).txt
FOOD-013-CARD001,FOOD-013-OP001,ليشارك في معرفة ما هو متوفر قبل اتخاذ قرار الطبخ.,افتح الثلاجة معًا وأشر إلى الأرفف الرئيسية.,النظر إلى الأرفف، ذكر أو الإشارة لما يراه متوفرًا.,اطلب منه التركيز على رف واحد فقط في كل مرة.,المراقبة معك، الإشارة لعناصر يعرفها، وصف المحتوى بنفسه.,يتعرف على عناصر أكثر مع تكرار المهمة.,الانتقال إلى إخراج المكونات الضرورية.,لا يتطلب أدوات دعم إضافية.,معتمد مبدئيًا,Pasted text (3)(2).txt
FOOD-013-CARD002,FOOD-013-OP002,ليساهم بخطوة عملية تسبق بدء الطبخ مباشرة.,حدد معه المكونات المطلوبة لطبق اليوم.,إخراج كل مكوّن ووضعه على الطاولة.,اطلب منه إخراج مكوّن واحد في كل مرة.,المساعدة في الإخراج، إخراج مكوّن واحد، إخراج كل المكونات.,يحمل المكونات بثبات دون إسقاطها.,الانتقال إلى إعادة ترتيب الرفوف لتوفير مساحة.,لا يتطلب أدوات دعم إضافية.,معتمد مبدئيًا,Pasted text (3)(2).txt
FOOD-013-CARD003,FOOD-013-OP003,ليتعلّم أن ترتيب المساحة جزء من تجهيز الطبخ أيضًا.,أفرغ رفًا واحدًا قليل المحتوى للبدء به.,إعادة ترتيب العلب والأطباق بشكل منظم على الرف.,اطلب ترتيب رف واحد فقط في كل مرة.,المساعدة في الترتيب، ترتيب رف واحد، ترتيب أكثر من رف.,يترك الرف مرتبًا بشكل واضح بعد الانتهاء.,الانتقال إلى بدء الطبخ بالمكونات التي جُهّزت.,لا يتطلب أدوات دعم إضافية.,معتمد مبدئيًا,Pasted text (3)(2).txt
FOOD-014-CARD001,FOOD-014-OP001,ليشارك في التخطيط لما تحتاجه الأسرة قبل الخروج للشراء.,جهّز ورقة أو تطبيق ملاحظات بسيطًا.,مراجعة الخزانة معًا، ذكر أو كتابة ما ينقص.,استخدم صورًا للمنتجات بدل الكتابة إن كان أسهل له.,الإشارة لما ينقص، المشاركة في الكتابة، إعداد القائمة بنفسه.,يتذكر عناصر ناقصة من تلقاء نفسه.,الانتقال إلى اختيار المكونات من الرفوف في المتجر.,قائمة صور للمنتجات المعتادة.,معتمد مبدئيًا,Pasted text (3)(2).txt
FOOD-014-CARD002,FOOD-014-OP002,ليمارس دورًا فعليًا في نشاط خارج المنزل مع أسرته.,أعطه القائمة أو صورة العنصر المطلوب قبل الدخول.,البحث عن العنصر في الرف، أخذه ووضعه في العربة.,اطلب منه البحث عن عنصر واحد في كل مرة.,المرافقة أثناء البحث، إحضار عنصر واحد، إحضار عدة عناصر.,يجد العنصر المطلوب بثقة متزايدة.,الانتقال إلى حمل الأكياس والمشتريات.,قائمة أو صور العناصر المطلوبة.,معتمد مبدئيًا,Pasted text (3)(2).txt
FOOD-014-CARD003,FOOD-014-OP003,ليساهم بجهد بدني ملموس يشعره بالمساعدة الحقيقية.,وزّع الأكياس بحيث يكون وزن كل واحد مناسبًا لقدرته.,حمل كيس أو أكثر، السير به إلى السيارة أو المنزل.,استخدم أكياسًا خفيفة بمقابض مريحة.,حمل كيس خفيف، حمل أكثر من كيس، المساعدة في حمل الأكياس الثقيلة معك.,يحمل الكيس بثبات لمسافة أطول تدريجيًا.,الانتقال إلى ترتيب المشتريات عند العودة.,أكياس بمقابض مريحة.,معتمد مبدئيًا,Pasted text (3)(2).txt
FOOD-014-CARD004,FOOD-014-OP004,ليكمل دورة الشراء بنفسه حتى وضع الأشياء في مكانها.,ضع الأكياس على طاولة قريبة من أماكن التخزين.,إخراج كل عنصر، وضعه في مكانه بالثلاجة أو الخزانة.,اطلب منه ترتيب فئة واحدة من المنتجات في كل مرة.,المساعدة في الترتيب، ترتيب جزء، ترتيب كل المشتريات.,يضع كل عنصر في مكانه الصحيح دون توجيه متكرر.,استخدام المكونات لاحقًا ضمن فرص تجهيز الوجبات.,لا يتطلب أدوات دعم إضافية.,معتمد مبدئيًا,Pasted text (3)(2).txt
FOOD-015-CARD001,FOOD-015-OP001,ليبدأ تجهيز مساحة الأسرة المشتركة بخطوة بسيطة وواضحة.,جهّز قطعة قماش نظيفة ورطبة قليلًا.,تمرير القماش على الطاولة بحركات منتظمة.,خصص قطعة قماش بلون مميز لهذه المهمة فقط.,المساعدة في المسح، مسح جزء من الطاولة، مسحها كاملة.,يترك الطاولة نظيفة دون تذكير متكرر.,الانتقال إلى توزيع المفارش.,قطعة قماش مخصصة.,معتمد مبدئيًا,Pasted text (3)(2).txt
FOOD-015-CARD002,FOOD-015-OP002,ليضيف لمسة مرتبة على المائدة يشارك بها مع أسرته.,جهّز المفارش مطوية وجاهزة بجانب الطاولة.,أخذ مفرش، فرده على مكان كل فرد.,استخدم مفارش فردية صغيرة بدل مفرش واحد كبير.,المساعدة في التوزيع، توزيع مفرش واحد، توزيع كل المفارش.,يفرد المفرش بشكل مستقيم دون توجيه.,الانتقال إلى ترتيب الأطباق والأدوات والأكواب.,مفارش فردية سهلة الفرد.,معتمد مبدئيًا,Pasted text (3)(2).txt
FOOD-015-CARD003,FOOD-015-OP003,ليكمل تجهيز مكان كل فرد من الأسرة على المائدة.,حدد عدد الأفراد الجالسين على المائدة.,وضع طبق وأدوات وكوب أمام كل مقعد بدوره.,استخدم صينية واحدة لنقل كل العناصر دفعة واحدة.,المساعدة في الترتيب، ترتيب مكان واحد، ترتيب المائدة كاملة.,يرتب كل مكان بنفس التسلسل في كل مرة.,الانتقال إلى وضع المناديل.,صينية نقل مخصصة.,معتمد مبدئيًا,Pasted text (3)(2).txt
FOOD-015-CARD004,FOOD-015-OP004,ليختم تجهيز المائدة بلمسة أخيرة يفخر بها.,جهّز المناديل في متناول يده.,أخذ منديل، وضعه بجانب كل طبق.,ضع علبة المناديل في مكان ثابت وسهل الوصول.,المساعدة في الوضع، وضع منديل واحد، توزيع كل المناديل.,يضع منديلًا لكل مكان دون نسيان.,الجلوس معًا على مائدة جهّزها بنفسه.,علبة مناديل ثابتة المكان.,معتمد مبدئيًا,Pasted text (3)(2).txt
FOOD-016-CARD001,FOOD-016-OP001,ليتعلّم أن الوجبة تنتهي بخطوة يشارك فيها أيضًا.,انتظر حتى ينتهي جميع أفراد الأسرة من الأكل.,حمل طبقه أو طبق فرد آخر، وضعه جانبًا.,ابدأ بجمع طبقه الخاص فقط قبل التوسع.,المساعدة في الجمع، جمع طبق واحد، جمع كل الأطباق.,يحمل الطبق بثبات دون إسقاطه.,الانتقال إلى نقل الأكواب والأدوات للمطبخ.,لا يتطلب أدوات دعم إضافية.,معتمد مبدئيًا,Pasted text (3)(2).txt
FOOD-016-CARD002,FOOD-016-OP002,ليكمل مهمة رفع المائدة بنقل بقية العناصر بنفسه.,جهّز صينية لنقل عدة عناصر دفعة واحدة.,وضع الأكواب والأدوات على الصينية، حملها للمطبخ.,استخدم صينية بحواف مانعة للانزلاق.,المساعدة في النقل، نقل عنصر واحد، نقل الصينية كاملة.,يحمل الصينية بثبات دون سقوط العناصر.,الانتقال إلى مسح الطاولة.,صينية بحواف مانعة للانزلاق.,معتمد مبدئيًا,Pasted text (3)(2).txt
FOOD-016-CARD003,FOOD-016-OP003,ليترك المائدة نظيفة ومرتبة كما وجدها في البداية.,جهّز قطعة قماش نظيفة.,تمرير القماش على الطاولة بحركات منتظمة.,استخدم نفس قطعة القماش المخصصة من فرصة تجهيز المائدة.,المساعدة في المسح، مسح جزء، مسح الطاولة كاملة.,يبادر بالمسح بعد جمع الأطباق دون تذكير.,الانتقال إلى التخلص من المناديل المستعملة.,قطعة قماش مخصصة.,معتمد مبدئيًا,Pasted text (3)(2).txt
FOOD-016-CARD004,FOOD-016-OP004,ليختم مهمة رفع المائدة بخطوة أخيرة بسيطة وواضحة.,حدد مكان سلة المهملات القريبة من المائدة.,جمع المناديل المستخدمة، رميها في السلة.,ضع سلة مهملات صغيرة قريبة من مكان الجلوس.,المساعدة في الجمع، الجمع بمفرده، التخلص منها بنفسه.,يتخلص من المناديل دون تذكير.,الانتقال إلى غسل أدوات الطبخ أو الأطباق المستخدمة.,سلة مهملات قريبة من المائدة.,معتمد مبدئيًا,Pasted text (3)(2).txt
FOOD-017-CARD001,FOOD-017-OP001,ليتعلّم أن التنظيف جزء طبيعي من تجهيز الطعام.,جهّز سلة مهملات صغيرة قريبة من سطح العمل.,جمع القشور والبقايا، وضعها في السلة.,ضع وعاءً صغيرًا على الطاولة أثناء التحضير لتجميع البقايا مباشرة.,المساعدة في الجمع، الجمع الجزئي، الجمع الكامل.,يبادر بجمع البقايا أثناء التحضير دون تذكير.,الانتقال إلى مسح سطح العمل.,وعاء تجميع صغير على الطاولة.,معتمد مبدئيًا,Pasted text (3)(2).txt
FOOD-017-CARD002,FOOD-017-OP002,ليكمل روتين إنهاء التحضير بترك مساحة نظيفة.,جهّز قطعة قماش نظيفة.,تمرير القماش على سطح العمل بحركات منتظمة.,استخدم قطعة قماش بلون مميز لهذه المهمة.,المساعدة في المسح، مسح جزء، مسح السطح كاملًا.,يترك السطح نظيفًا دون تذكير.,الانتقال إلى تجفيف حوض المطبخ.,قطعة قماش مخصصة.,معتمد مبدئيًا,Pasted text (3)(2).txt
FOOD-017-CARD003,FOOD-017-OP003,ليختم تنظيف المنطقة بلمسة نهائية بسيطة.,جهّز منشفة جافة مخصصة للحوض.,تمرير المنشفة داخل الحوض وحوافه.,خصص منشفة صغيرة معلّقة بجانب الحوض دائمًا.,المساعدة في التجفيف، التجفيف الجزئي، التجفيف الكامل.,يبادر بالتجفيف بعد الانتهاء من الغسل.,الانتقال إلى غسل أدوات الطبخ المستخدمة.,منشفة معلّقة بجانب الحوض.,معتمد مبدئيًا,Pasted text (3)(2).txt
FOOD-018-CARD001,FOOD-018-OP001,ليبدأ خطوة تحضيرية بسيطة قبل الغسيل الفعلي.,جهّز ماءً دافئًا في الحوض أو في القدر نفسه.,وضع القدر في الحوض، سكب الماء عليه.,استخدم القدر نفسه كوعاء نقع بدل الحوض الكبير.,المساعدة في النقع، النقع بمفرده، نقع أكثر من قدر.,يتحكم بكمية الماء دون فيضان.,الانتقال إلى غسل الأدوات بالإسفنجة والصابون.,لا يتطلب أدوات دعم إضافية.,معتمد مبدئيًا,Pasted text (3)(2).txt
FOOD-018-CARD002,FOOD-018-OP002,ليمارس نشاطًا حسيًا ممتعًا يساهم فيه بشكل ملموس.,جهّز إسفنجة وصابون في متناول يده.,فرك الأداة بالإسفنجة والصابون بحركات دائرية.,ابدأ بأدوات كبيرة سهلة الإمساك مثل القدر.,المساعدة في الفرك، غسل أداة واحدة، غسل عدة أدوات.,يستمتع بالنشاط ويكرره دون ممانعة.,الانتقال إلى شطف الأدوات بالماء.,إسفنجة بمقبض مريح.,معتمد مبدئيًا,Pasted text (3)(2).txt
FOOD-018-CARD003,FOOD-018-OP003,ليكمل خطوة الغسيل ويرى الأداة نظيفة جاهزة للاستخدام.,تأكد أن مياه الشطف بدرجة حرارة مريحة.,تمرير الأداة تحت الماء الجاري حتى تختفي الرغوة.,استخدم رشاشًا خفيفًا بدل الصنبور المفتوح بالكامل.,المساعدة في الشطف، شطف أداة واحدة، شطف عدة أدوات.,يتحقق بنفسه من زوال الرغوة قبل التوقف.,الانتقال إلى وضع الأدوات في شبك التجفيف.,رشاش ماء خفيف عند الحوض.,معتمد مبدئيًا,Pasted text (3)(2).txt
FOOD-018-CARD004,FOOD-018-OP004,ليختم مهمة الغسيل بترتيب الأدوات في مكانها المخصص.,تأكد أن شبك التجفيف في متناول يده.,حمل الأداة النظيفة، وضعها في الشبك بترتيب.,ضع الشبك في مكان ثابت ومنخفض بجانب الحوض.,المساعدة في الوضع، وضع أداة واحدة، ترتيب كل الأدوات.,يرتب الأدوات في الشبك بثبات دون تكديس عشوائي.,الانتقال إلى ترتيب أدوات المطبخ بعد جفافها.,شبك تجفيف ثابت المكان.,معتمد مبدئيًا,Pasted text (3)(2).txt
FOOD-019-CARD001,FOOD-019-OP001,ليكمل دورة الغسيل بجمع ما جفّ وأصبح جاهزًا للترتيب.,تأكد أن الأدوات جافة تمامًا قبل الجمع.,حمل الأدوات من شبك التجفيف، تجميعها على الطاولة.,اطلب منه جمع نوع واحد من الأدوات في كل مرة.,المساعدة في الجمع، جمع جزء، جمع كل الأدوات.,يتحقق من جفاف الأداة قبل جمعها.,الانتقال إلى فرز الملاعق والشوك.,لا يتطلب أدوات دعم إضافية.,معتمد مبدئيًا,Pasted text (3)(2).txt
FOOD-019-CARD002,FOOD-019-OP002,ليمارس مهارة تصنيف بسيطة وممتعة ضمن مهمة يومية.,جهّز درج الأدوات مفتوحًا وواضح الأقسام.,فصل الملاعق عن الشوك، وضع كل نوع في قسمه.,استخدم درجًا بأقسام مقسّمة بوضوح.,المساعدة في الفرز، فرز نوع واحد، فرز كل الأدوات.,يميّز بين الأنواع بدقة متزايدة.,الانتقال إلى إعادة القدور والأواني لأماكنها.,درج أدوات بأقسام واضحة.,معتمد مبدئيًا,Pasted text (3)(2).txt
FOOD-019-CARD003,FOOD-019-OP003,ليختم مهمة الترتيب برؤية المطبخ جاهزًا من جديد.,تأكد أن الخزانة في متناول يده أو استخدم مرتفعًا آمنًا.,حمل القدر، فتح الخزانة، وضعه في مكانه.,خصص مكانًا ثابتًا ومنخفضًا لكل أداة.,المساعدة في الإعادة، إعادة أداة واحدة، إعادة كل الأدوات.,يعرف مكان كل أداة دون تذكير.,المطبخ جاهز من جديد لتجهيز وجبة قادمة معًا.,خزانة منخفضة بأماكن ثابتة لكل أداة.,معتمد مبدئيًا,Pasted text (3)(2).txt
FOOD-020-CARD001,FOOD-020-OP001,ليشارك في قرار بسيط حول ما يصلح للاستخدام وما لا يصلح.,افتح الثلاجة معًا وراجع المحتويات ببطء.,النظر للطعام، الإشارة أو تحديد ما فسد.,"اسأله سؤالًا بسيطًا مثل ""هل هذا ما زال جيدًا؟"" لكل عنصر.",المراقبة معك، الإشارة لما يبدو فاسدًا، التحديد بمفرده.,يميّز بثقة متزايدة بين الصالح والفاسد.,الانتقال إلى تفريغ الأطباق في سلة المهملات.,لا يتطلب أدوات دعم إضافية.,معتمد مبدئيًا,Pasted text (3)(2).txt
FOOD-020-CARD002,FOOD-020-OP002,ليكمل الخطوة العملية بعد تحديد ما يجب التخلص منه.,ضع سلة المهملات قريبة ومفتوحة.,حمل الطبق أو العلبة، تفريغ محتواها في السلة.,استخدم ملعقة أو أداة للتفريغ بدل لمس البقايا مباشرة.,المساعدة في التفريغ، تفريغ عنصر واحد، تفريغ كل العناصر.,ينفذ الخطوة دون تردد أو انزعاج كبير.,الانتقال إلى ربط كيس المهملات.,أداة تفريغ (ملعقة أو ملقط).,معتمد مبدئيًا,Pasted text (3)(2).txt
FOOD-020-CARD003,FOOD-020-OP003,ليختم المهمة بخطوة بسيطة يفخر بإتمامها بنفسه.,تأكد أن الكيس ليس ممتلئًا بشكل يصعب ربطه.,جمع أطراف الكيس، ربطها بإحكام.,استخدم أكياسًا بربطة سحب سهلة بدل العقدة اليدوية.,المساعدة في الربط، الربط بمفرده، نقل الكيس بعد الربط أيضًا.,يربط الكيس بإحكام كافٍ دون تسرب.,الانتقال إلى تفريغ سلة مهملات المطبخ لاحقًا.,أكياس بربطة سحب سهلة.,معتمد مبدئيًا,Pasted text (3)(2).txt
FOOD-021-CARD001,FOOD-021-OP001,ليشارك في التحضير لشهر مميز تعيشه الأسرة معًا.,جهّز قائمة بسيطة أو ورقة للكتابة.,فتح الخزانة، النظر لما هو متوفر، ذكر ما ينقص.,استخدم صورًا للمنتجات الرمضانية المعتادة.,الإشارة لما ينقص، المشاركة في الحصر، إعداد القائمة بنفسه.,يتذكر أصنافًا رمضانية معتادة من تلقاء نفسه.,الانتقال إلى ترتيب المشتريات في الرفوف.,قائمة صور للمنتجات الرمضانية.,معتمد مبدئيًا,Pasted text (3)(2).txt
FOOD-021-CARD002,FOOD-021-OP002,ليساهم في تجهيز البيت لاستقبال أجواء الشهر الفضيل.,أفسح مساحة واضحة في الخزانة.,إخراج المشتريات، وضعها في الرفوف بترتيب.,اطلب منه ترتيب فئة واحدة من المنتجات في كل مرة.,المساعدة في الترتيب، ترتيب جزء، ترتيب كل المشتريات.,يضع الأصناف في أماكنها المناسبة دون توجيه متكرر.,الانتقال إلى تعبئة الحبوب والبهارات في العلب.,لا يتطلب أدوات دعم إضافية.,معتمد مبدئيًا,Pasted text (3)(2).txt
FOOD-021-CARD003,FOOD-021-OP003,ليمارس نشاطًا حسيًا ممتعًا ضمن أجواء التحضير لرمضان.,جهّز العلب الفارغة والحبوب بجانب بعضها.,فتح الكيس، سكب المحتوى في العلبة، إغلاقها.,استخدم قمعًا صغيرًا لتسهيل السكب دون انسكاب.,المساعدة في التعبئة، تعبئة علبة واحدة، تعبئة عدة علب.,يتحكم بالسكب دون انسكاب كبير.,المطبخ جاهز لاستقبال أول أيام رمضان معًا.,قمع صغير للسكب.,معتمد مبدئيًا,Pasted text (3)(2).txt
FOOD-022-CARD001,FOOD-022-OP001,ليشارك في لحظة مميزة يجتمع فيها كل أفراد الأسرة.,جهّز طبق التمر في مكان قريب منه.,أخذ التمر بيده أو بملعقة، توزيعه في الأطباق.,استخدم ملعقة أو ملقطًا صغيرًا للتوزيع النظيف.,المساعدة في التوزيع، توزيع طبق واحد، توزيع كل الأطباق.,يوزّع كمية متقاربة في كل طبق.,الانتقال إلى سكب العصائر وتجهيز الأكواب.,ملقط أو ملعقة توزيع صغيرة.,معتمد مبدئيًا,Pasted text (3)(2).txt
FOOD-022-CARD002,FOOD-022-OP002,ليساهم في لحظة انتظار الإفطار المليئة بالترقب مع الأسرة.,جهّز عبوة العصير في متناول يده.,إحضار الأكواب، سكب العصير في كل كوب.,استخدم عبوة خفيفة ذات فتحة سكب سهلة.,الإمساك أثناء السكب، السكب بمساعدة، السكب بمفرده.,يتحكم بالسكب دون انسكاب كبير.,الانتقال إلى نقل أطباق الشوربة للمائدة.,عبوة سكب خفيفة.,معتمد مبدئيًا,Pasted text (3)(2).txt
FOOD-022-CARD003,FOOD-022-OP003,ليشعر بمسؤولية مهمة قبل لحظة الإفطار مباشرة.,تأكد أن الأطباق ليست ساخنة جدًا عند الحمل.,حمل الطبق بثبات، نقله للمائدة، وضعه في مكانه.,استخدم أطباقًا خفيفة غير قابلة للانسكاب بسهولة.,المساعدة في الحمل، حمل طبق واحد، نقل كل الأطباق.,يحمل الطبق بثبات دون انسكاب.,الانتقال إلى ترتيب المائدة.,أطباق خفيفة مقاومة للانسكاب.,معتمد مبدئيًا,Pasted text (3)(2).txt
FOOD-022-CARD004,FOOD-022-OP004,ليختم تجهيزه للحظة الإفطار المنتظرة بكل الأسرة.,تأكد من جهوزية كل عناصر المائدة قبل موعد الأذان.,ترتيب الأطباق والأكواب والتمور بشكل نهائي على المائدة.,استخدم قائمة بسيطة مصورة لتسلسل الترتيب النهائي.,المساعدة في الترتيب، ترتيب جزء، ترتيب المائدة كاملة.,يرتب المائدة بنفس التسلسل كل يوم بثقة متزايدة.,الجلوس معًا لانتظار الأذان وتناول الإفطار الذي شارك في تجهيزه.,قائمة صور لتسلسل ترتيب مائدة الإفطار.,معتمد مبدئيًا,Pasted text (3)(2).txt
FOOD-023-CARD001,FOOD-023-OP001,ليشارك في لحظة اجتماعية مهمة تجمع الأسرة والضيوف.,جهّز الأطباق الكبيرة نظيفة وجافة على الطاولة.,إحضار الطبق، وضعه في مكان التقديم.,اطلب منه إحضار طبق واحد في كل مرة.,المساعدة في الإحضار، إحضار طبق واحد، تجهيز كل الأطباق.,يحمل الطبق الكبير بثبات متزايد.,الانتقال إلى المساعدة في سكب الطعام.,لا يتطلب أدوات دعم إضافية.,معتمد مبدئيًا,Pasted text (3)(2).txt
FOOD-023-CARD002,FOOD-023-OP002,ليساهم في تجهيز طعام سيتشاركه الجميع في هذه المناسبة.,ضع الطعام في وعاء وسيط يسهل التحكم به.,إمساك المغرفة، سكب الطعام في الطبق الكبير.,استخدم مغرفة كبيرة بمقبض مريح.,المساعدة في السكب، السكب الجزئي، السكب الكامل.,يتحكم بالسكب دون انسكاب كبير.,الانتقال إلى تزيين الأطباق بلمسات نهائية.,مغرفة كبيرة بمقبض مريح.,معتمد مبدئيًا,Pasted text (3)(2).txt
FOOD-023-CARD003,FOOD-023-OP003,ليضيف لمسته الشخصية على طعام يقدَّم للضيوف بفخر.,جهّز عناصر تزيين بسيطة مثل الأعشاب أو الليمون.,وضع عنصر التزيين على الطبق بشكل بسيط.,اقترح عليه فكرة تزيين واحدة بسيطة يكررها.,المساعدة في التزيين، تزيين طبق واحد، تزيين عدة أطباق.,يضيف لمسته بثقة دون تردد.,الانتقال إلى نقل الأطباق لمكان الضيوف.,عناصر تزيين بسيطة جاهزة.,معتمد مبدئيًا,Pasted text (3)(2).txt
FOOD-023-CARD004,FOOD-023-OP004,ليختم مساهمته بلحظة تقديم يفخر بها أمام الضيوف.,تأكد أن الطبق ليس ثقيلًا جدًا لحمله.,حمل الطبق بثبات، نقله لمكان الضيوف، وضعه.,رافقه في حمل الأطباق الكبيرة إن كانت ثقيلة.,المساعدة في الحمل، حمل طبق خفيف، حمل أكثر من طبق.,يحمل الطبق بثبات ويقدّمه بثقة.,الاستمتاع معًا بالمناسبة بطعام شارك في تجهيزه.,لا يتطلب أدوات دعم إضافية.,معتمد مبدئيًا,Pasted text (3)(2).txt
FOOD-024-CARD001,FOOD-024-OP001,ليشارك في مهمة بسيطة تحافظ على سلامة طعام الأسرة.,حدد رفًا واحدًا للبدء به.,فتح الرف أو الثلاجة، إخراج المنتجات واحدًا تلو الآخر.,اطلب منه إخراج منتج واحد في كل مرة.,المساعدة في الإخراج، إخراج منتج واحد، إخراج كل منتجات الرف.,يحمل المنتجات بثبات دون إسقاطها.,الانتقال إلى قراءة تواريخ الصلاحية.,لا يتطلب أدوات دعم إضافية.,معتمد مبدئيًا,Pasted text (3)(2).txt
FOOD-024-CARD002,FOOD-024-OP002,ليمارس مهارة انتباه بسيطة ضمن مهمة عائلية مفيدة.,اعرض عليه مكان طباعة التاريخ على العبوة.,البحث عن التاريخ على العبوة، قراءته أو عرضه عليك.,استخدم عدسة مكبرة إن كانت الكتابة صغيرة.,المساعدة في البحث عن التاريخ، القراءة بمساعدة، القراءة بمفرده.,يجد موقع التاريخ على العبوة بثقة متزايدة.,الانتقال إلى عزل أو التخلص من المنتجات المنتهية.,عدسة مكبرة عند الحاجة.,معتمد مبدئيًا,Pasted text (3)(2).txt
FOOD-024-CARD003,FOOD-024-OP003,ليكمل المهمة باتخاذ قرار بسيط حول ما يبقى وما يُستبعد.,جهّز مكانًا منفصلًا للمنتجات المنتهية.,وضع المنتج المنتهي جانبًا، التخلص منه في السلة.,استخدم صندوقًا صغيرًا مخصصًا للعزل قبل الرمي.,المساعدة في العزل، العزل بمفرده، التخلص منها بنفسه أيضًا.,يميّز المنتج المنتهي بثقة بعد قراءة التاريخ.,المطبخ آمن ومرتب من جديد، والانتقال إلى شراء مكونات ناقصة عند الحاجة.,صندوق عزل صغير مؤقت.,معتمد مبدئيًا,Pasted text (3)(2).txt
FOOD-025-CARD001,FOOD-025-OP001,ليشارك في خطوة بسيطة تسبق وجبته مباشرة.,جهّز طبقًا مناسبًا للتسخين في متناول يده.,نقل الطعام من العلبة إلى الطبق.,استخدم ملعقة تعبئة كبيرة تقلل عدد الحركات.,المساعدة في النقل، النقل بمفرده، اختيار الطبق المناسب أيضًا.,يختار حجم الطبق المناسب لكمية الطعام.,الانتقال إلى إدخال الطبق لفرن الميكروويف أو الفرن العادي.,طبق تسخين ثابت مخصص.,معتمد مبدئيًا,Pasted text (3)(2).txt
FOOD-025-CARD002,FOOD-025-OP002,ليمارس استخدام جهاز يومي بثقة متزايدة تحت إشرافك.,تأكد أن باب الجهاز يفتح بسهولة له.,فتح الباب، وضع الطبق بالداخل، إغلاق الباب.,ضع الجهاز على ارتفاع مناسب له إن أمكن.,المساعدة في الإدخال، الإدخال بمفرده تحت إشرافك، تنفيذ الخطوة كاملة.,يتحكم بفتح وإغلاق الباب بثبات.,الانتقال إلى ضبط مؤقت التسخين.,لا يتطلب أدوات دعم إضافية.,معتمد مبدئيًا,Pasted text (3)(2).txt
FOOD-025-CARD003,FOOD-025-OP003,ليشارك في خطوة دقيقة تحت إشرافك المباشر.,حدد الوقت المناسب مسبقًا معه.,الضغط على أزرار الوقت، بدء التشغيل.,استخدم زرًا واحدًا مضبوطًا مسبقًا للوقت المعتاد.,المساعدة في الضغط، الضغط بمفرده تحت إشرافك، ضبط الوقت بنفسه.,يضغط الزر الصحيح بثقة متزايدة.,الانتقال إلى إخراج الطبق بحذر.,زر مضبوط مسبقًا لوقت معتاد.,معتمد مبدئيًا,Pasted text (3)(2).txt
FOOD-025-CARD004,FOOD-025-OP004,ليختم المهمة برؤية وجبته جاهزة أمامه.,ذكّره أن الطبق قد يكون ساخنًا، وابقَ قريبًا للإشراف.,فتح الباب، إخراج الطبق بحذر باستخدام قفاز إن لزم.,استخدم قفاز فرن خفيف مناسب لحجم يده.,المراقبة معك لأسباب السلامة، المساعدة في الإخراج، الإخراج بإشراف مباشر.,يلتزم بتعليمات السلامة أثناء الإخراج.,الجلوس والاستمتاع بوجبته التي جهّزها بنفسه.,قفاز فرن مناسب لحجم يده.,معتمد مبدئيًا,Pasted text (3)(2).txt
FOOD-026-CARD001,FOOD-026-OP001,ليشعر بدور المساعد الكبير في العناية بأخيه الصغير.,ضع الزجاجة أو الوعاء في مكان يسهل الوصول له.,فتح الخزانة، إحضار الزجاجة أو الوعاء.,خصص مكانًا ثابتًا لأدوات الرضيع.,الإشارة إليها، الإحضار بمساعدة، الإحضار بمفرده.,يتعرف على أدوات الرضيع ويميّزها.,الانتقال إلى هرس الطعام.,مكان ثابت لأدوات الرضيع.,معتمد مبدئيًا,Pasted text (3)(2).txt
FOOD-026-CARD002,FOOD-026-OP002,ليساهم بيديه في تجهيز طعام أخيه الصغير.,جهّز الطعام المسلوق وأداة الهرس الآمنة.,وضع الطعام في الوعاء، هرسه بالأداة برفق.,استخدم شوكة كبيرة أو هراسة بمقبض عريض.,المساعدة في الهرس، الهرس الجزئي، الهرس الكامل تحت إشرافك.,يتحكم بحركة الهرس بثبات.,الانتقال إلى قياس درجة حرارة الطعام أو الحليب.,أداة هرس بمقبض عريض.,معتمد مبدئيًا,Pasted text (3)(2).txt
FOOD-026-CARD003,FOOD-026-OP003,ليتعلّم أهمية التأكد من سلامة أخيه الصغير قبل الإطعام.,اشرح له طريقة بسيطة وآمنة للتحقق (مثل لمس الزجاجة من الخارج).,لمس الوعاء أو الزجاجة من الخارج، إخبارك برأيه.,استخدم طريقة تحقق غير مباشرة لا تلامس الطعام مباشرة.,المراقبة معك، اللمس والتحقق بمساعدة، إخبارك برأيه دون لمس مباشر.,يبدي اهتمامًا بالتأكد من سلامة أخيه.,الانتقال إلى إطعام الرضيع.,لا يتطلب أدوات دعم إضافية.,معتمد مبدئيًا,Pasted text (3)(2).txt
FOOD-026-CARD004,FOOD-026-OP004,ليعيش لحظة حنان ومسؤولية تجاه أخيه الصغير.,اجلس بجانبه لتوجيهه بلطف أثناء الإطعام.,إمساك الملعقة أو الزجاجة، تقديمها للرضيع برفق.,ابدأ بإطعام لقمة واحدة معك قبل الاستمرار.,المراقبة معك، المساعدة بلقمة واحدة، الإطعام الجزئي تحت إشرافك.,يتعامل برفق وصبر مع أخيه أثناء الإطعام.,لحظة قرب جميلة تنتهي بابتسامة الرضيع.,لا يتطلب أدوات دعم إضافية.,معتمد مبدئيًا,Pasted text (3)(2).txt
FOOD-027-CARD001,FOOD-027-OP001,ليبدأ نشاطًا حسيًا ممتعًا بلمس ثمار طازجة.,جهّز المصفاة في متناول يده عند الحوض.,أخذ كل ثمرة، وضعها في المصفاة.,استخدم مصفاة كبيرة تتسع لكل الكمية دفعة واحدة.,المساعدة في الوضع، وضع ثمرة واحدة، وضع كل الثمار.,يمسك الثمار برفق دون سحق.,الانتقال إلى غسل الحبات بالماء الجاري.,مصفاة كبيرة الحجم.,معتمد مبدئيًا,Pasted text (3)(2).txt
FOOD-027-CARD002,FOOD-027-OP002,ليستمتع بنشاط حسي بسيط يجمعه بالماء والثمار الطازجة.,تأكد أن مياه الحوض دافئة ومريحة.,تمرير كل حبة تحت الماء، فركها برفق بيده.,استخدم رشاشًا خفيفًا بدل الصنبور المفتوح بالكامل.,المساعدة في الغسل، غسل حبة واحدة، غسل كل الحبات.,يستمتع بالنشاط ويكرره دون ممانعة.,الانتقال إلى تجفيف الفواكه أو الخضروات ووضعها في سلة.,رشاش ماء خفيف عند الحوض.,معتمد مبدئيًا,Pasted text (3)(2).txt
FOOD-027-CARD003,FOOD-027-OP003,ليختم النشاط بترتيب نتيجة عمله في مكانها.,جهّز منشفة نظيفة والسلة قريبة.,تجفيف كل حبة بالمنشفة، وضعها في السلة.,استخدم منشفة صغيرة سهلة الإمساك.,المساعدة في التجفيف، تجفيف ووضع حبة واحدة، تجفيف ووضع كل الحبات.,يرتب الثمار في السلة بثبات دون سقوطها.,الانتقال إلى تقطيع وتجهيز المكونات.,منشفة صغيرة مخصصة.,معتمد مبدئيًا,Pasted text (3)(2).txt
FOOD-028-CARD001,FOOD-028-OP001,ليبدأ مهمة التجهيز بخطوة بسيطة وآمنة.,ضع اللوح في مكان يسهل الوصول له.,حمل اللوح، وضعه على سطح العمل.,استخدم لوحًا خفيفًا مضادًا للانزلاق.,المساعدة في الحمل، الحمل بمفرده، تثبيته على السطح أيضًا.,يحمل اللوح ويثبته بثبات.,الانتقال إلى تقطيع الخضروات لأحجام مناسبة.,لوح تقطيع مضاد للانزلاق.,معتمد مبدئيًا,Pasted text (3)(2).txt
FOOD-028-CARD002,FOOD-028-OP002,ليساهم بيديه في تجهيز مكونات وجبة الأسرة.,جهّز أداة تقطيع آمنة ومكونات لينة.,وضع الخضار على اللوح، تقطيعه بحذر تحت إشرافك.,ابدأ بمكونات طرية سهلة التقطيع.,المراقبة معك، المساعدة بيد واحدة، التقطيع تحت إشرافك المباشر.,يمسك الأداة بثبات متزايد.,الانتقال إلى فرز المكونات المقطعة في أطباق صغيرة.,أداة تقطيع آمنة مخصصة.,معتمد مبدئيًا,Pasted text (3)(2).txt
FOOD-028-CARD003,FOOD-028-OP003,ليختم مهمة التجهيز برؤية عمله مرتبًا وجاهزًا للطبخ.,جهّز أطباقًا صغيرة لكل نوع من المكونات.,وضع كل نوع مقطّع في طبقه الخاص.,استخدم أطباقًا بألوان مختلفة لكل نوع.,المساعدة في الفرز، فرز نوع واحد، فرز كل الأنواع.,يفرز المكونات بدقة متزايدة دون خلط الأنواع.,الانتقال إلى بدء الطبخ بالمكونات الجاهزة.,أطباق فرز ملونة.,معتمد مبدئيًا,Pasted text (3)(2).txt
FOOD-029-CARD001,FOOD-029-OP001,ليشارك في لحظة ممتعة من صنع شيء لذيذ مع أسرته.,جهّز أكواب القياس ووعاءً واسعًا.,ملء كوب القياس، سكب المحتوى في الوعاء.,استخدم أكواب قياس ملونة بمقادير واضحة.,المساعدة في القياس، القياس الجزئي، القياس الكامل.,يملأ الكوب بثبات دون سكب زائد.,الانتقال إلى عجن أو خلط المكونات.,أكواب قياس ملونة.,معتمد مبدئيًا,Pasted text (3)(2).txt
FOOD-029-CARD002,FOOD-029-OP002,ليستمتع بنشاط حسي ممتع يشعره بصنع شيء بيديه.,جهّز الوعاء والمكونات في متناول يده.,تحريك المكونات بالملعقة أو عجنها باليد برفق.,استخدم وعاءً واسعًا يمنع الانسكاب أثناء الخلط.,المساعدة في الخلط، الخلط الجزئي، الخلط أو العجن الكامل.,يستمتع بالنشاط ويستمر فيه دون ملل سريع.,الانتقال إلى تشكيل العجين.,وعاء خلط واسع الفتحة.,معتمد مبدئيًا,Pasted text (3)(2).txt
FOOD-029-CARD003,FOOD-029-OP003,ليعبّر عن إبداعه في تشكيل ما سيأكله لاحقًا.,رشّ القليل من الدقيق على السطح لمنع الالتصاق.,أخذ قطعة عجين، تشكيلها بيديه على السطح.,استخدم قوالب بسيطة إن رغب في أشكال محددة.,المساعدة في التشكيل، تشكيل قطعة واحدة، تشكيل عدة قطع.,يستمتع بتشكيل العجين ويكرر المحاولة بثقة.,الانتقال إلى ترتيب القطع في صينية الخبز.,قوالب تشكيل بسيطة اختيارية.,معتمد مبدئيًا,Pasted text (3)(2).txt
FOOD-029-CARD004,FOOD-029-OP004,ليرى إبداعه مرتبًا وجاهزًا للدخول إلى الفرن.,جهّز الصينية مغطاة بورق الخبز.,حمل كل قطعة، وضعها في الصينية بمسافة مناسبة.,ارسم علامات بسيطة على الورق لتحديد أماكن وضع القطع.,المساعدة في الترتيب، وضع قطعة واحدة، ترتيب كل القطع.,يرتب القطع بمسافات متقاربة ومنتظمة.,الانتظار معًا وشمّ رائحة المخبوزات وهي تُطهى.,ورق خبز بعلامات إرشادية.,معتمد مبدئيًا,Pasted text (3)(2).txt
FOOD-030-CARD001,FOOD-030-OP001,ليبدأ خطوة تحضيرية بسيطة قبل عملية الشوي.,تأكد من نظافة الصينية أو الشواية قبل الاستخدام.,إحضار الصينية، وضعها في مكانها، فرشها بورق إن لزم.,استخدم ورق شوي جاهزًا يسهل فرده.,المساعدة في التجهيز، التجهيز الجزئي، التجهيز الكامل.,يجهز الصينية بنفس التسلسل في كل مرة.,الانتقال إلى ترتيب قطع اللحم أو الخضار.,ورق شوي جاهز.,معتمد مبدئيًا,Pasted text (3)(2).txt
FOOD-030-CARD002,FOOD-030-OP002,ليساهم بيديه في تجهيز الوجبة قبل الشوي مباشرة.,جهّز القطع مقطّعة وجاهزة بجانب الصينية.,حمل كل قطعة، وضعها على الصينية بمسافة مناسبة.,استخدم ملقطًا صغيرًا لتجنب لمس الطعام النيء مباشرة.,المساعدة في الترتيب، ترتيب قطعة واحدة، ترتيب كل القطع.,يرتب القطع بمسافات منتظمة.,الانتقال إلى تقليب الطعام أثناء الشوي.,ملقط طعام صغير.,معتمد مبدئيًا,Pasted text (3)(2).txt
FOOD-030-CARD003,FOOD-030-OP003,ليشارك في متابعة الطعام وهو يتحول لوجبة شهية.,ابقَ بجانبه للإشراف بسبب الحرارة.,إمساك الملقط، تقليب كل قطعة بحذر تحت إشرافك.,استخدم ملقطًا طويلًا يبعد يده عن مصدر الحرارة.,المراقبة معك، المساعدة بالملقط تحت إشرافك المباشر، تقليب قطعة واحدة بإشراف كامل.,يلتزم بالبقاء على مسافة آمنة من الحرارة.,الانتقال إلى نقل الطعام المشوي لطبق التقديم.,ملقط طويل للتقليب الآمن.,معتمد مبدئيًا,Pasted text (3)(2).txt
FOOD-030-CARD004,FOOD-030-OP004,ليختم مساهمته برؤية الوجبة جاهزة على الطبق.,تأكد أن الطبق ليس بعيدًا عن مصدر الحرارة.,إمساك الملقط، نقل كل قطعة إلى الطبق.,ضع طبق التقديم قريبًا من الشواية لتقليل الحركة.,المساعدة في النقل تحت إشرافك، نقل قطعة واحدة، نقل كل القطع بإشراف.,ينقل القطع بثبات دون سقوطها.,الجلوس معًا للاستمتاع بالطعام المشوي.,ملقط طويل ثابت الاستخدام.,معتمد مبدئيًا,Pasted text (3)(2).txt
FOOD-031-CARD001,FOOD-031-OP001,ليشارك في متابعة الطبخ عن قرب تحت إشرافك.,ابقَ بجانبه دائمًا بسبب قرب الموقد.,إمساك الملعقة، تحريك الطعام برفق تحت إشرافك.,استخدم ملعقة طويلة تبعد يده عن حرارة القدر.,المراقبة معك، المساعدة بالتحريك تحت إشرافك المباشر، تحريك دقيقة واحدة بإشراف كامل.,يمسك الملعقة بثبات ويلتزم بالبقاء بجانبك.,الانتقال إلى إضافة البهارات أو المكونات تدريجياً.,ملعقة طويلة للتحريك الآمن.,معتمد مبدئيًا,Pasted text (3)(2).txt
FOOD-031-CARD002,FOOD-031-OP002,ليساهم في تحديد نكهة الطبق الذي يطبخ مع الأسرة.,جهّز البهارات في أوعية صغيرة سهلة الإمساك.,أخذ كمية بسيطة، إضافتها للقدر تحت إشرافك.,استخدم ملاعق قياس صغيرة لكل بهار.,الإشارة للبهار المطلوب، الإضافة بمساعدة، الإضافة تحت إشرافك المباشر.,يتحكم بكمية الإضافة دون سكب زائد.,الانتقال إلى مراقبة الطعام لتجنب الاحتراق.,ملاعق قياس صغيرة للبهارات.,معتمد مبدئيًا,Pasted text (3)(2).txt
FOOD-031-CARD003,FOOD-031-OP003,ليشعر بمسؤولية بسيطة في العناية بوجبة الأسرة.,اشرح له علامة بسيطة تدل على اقتراب النضج (اللون أو الرائحة).,النظر للقدر بين الحين والآخر، إخبارك بملاحظاته.,اجلسه على مسافة آمنة يمكنه منها الرؤية دون اقتراب من الحرارة.,المراقبة معك، الملاحظة والإخبار، تنبيهك عند ملاحظة تغيّر.,يلاحظ التغيّرات في اللون أو الرائحة ويخبرك بها.,الاستعداد لتقديم الطبق الذي شارك في متابعته.,لا يتطلب أدوات دعم إضافية.,معتمد مبدئيًا,Pasted text (3)(2).txt
FOOD-032-CARD001,FOOD-032-OP001,ليبدأ نشاطًا حسيًا ممتعًا بلمس خضروات طازجة.,جهّز مصفاة في متناول يده عند الحوض.,وضع الخضار في المصفاة، غسلها تحت الماء الجاري.,استخدم رشاشًا خفيفًا بدل الصنبور المفتوح بالكامل.,المساعدة في الغسل، غسل نوع واحد، غسل كل المكونات.,يستمتع بالنشاط ويكرره دون ممانعة.,الانتقال إلى بشر أو تقطيع المكونات.,رشاش ماء خفيف عند الحوض.,معتمد مبدئيًا,Pasted text (3)(2).txt
FOOD-032-CARD002,FOOD-032-OP002,ليساهم بيديه في تجهيز سلطة يتشاركها مع أسرته.,جهّز أداة بشر أو تقطيع آمنة تحت إشرافك.,وضع المكوّن على اللوح أو المبشرة، تقطيعه أو بشره بحذر.,ابدأ بمكونات طرية سهلة التقطيع كالخيار.,المراقبة معك، المساعدة بيد واحدة، التقطيع أو البشر تحت إشرافك.,يمسك الأداة بثبات متزايد.,الانتقال إلى خلط المكونات في الوعاء المخصص.,أداة تقطيع أو بشر آمنة.,معتمد مبدئيًا,Pasted text (3)(2).txt
FOOD-032-CARD003,FOOD-032-OP003,ليرى مكونات السلطة تتحول لطبق واحد بمساعدته.,جهّز وعاءً واسعًا يتسع لكل المكونات.,وضع كل المكونات في الوعاء، تحريكها بلطف.,استخدم ملعقتين كبيرتين لتسهيل حركة الخلط.,المساعدة في الخلط، الخلط الجزئي، الخلط الكامل.,يخلط المكونات بحركة منتظمة دون سكب.,الانتقال إلى سكب صلصة السلطة.,ملعقتا خلط كبيرتان.,معتمد مبدئيًا,Pasted text (3)(2).txt
FOOD-032-CARD004,FOOD-032-OP004,ليختم تجهيز السلطة باللمسة الأخيرة عليها.,جهّز الصلصة في عبوة سهلة السكب.,إمساك العبوة، سكب الصلصة فوق السلطة.,استخدم عبوة صغيرة ذات فتحة سكب محكومة.,المساعدة في السكب، السكب بمفرده، تحديد الكمية المناسبة أيضًا.,يتحكم بكمية السكب دون إغراق السلطة.,الجلوس معًا للاستمتاع بالسلطة التي جهّزها بنفسه.,عبوة سكب محكومة الفتحة.,معتمد مبدئيًا,Pasted text (3)(2).txt
FOOD-033-CARD001,FOOD-033-OP001,ليشارك في التحضير لنزهة ممتعة يترقبها مع أسرته.,جهّز السلة فارغة على الطاولة.,وضع الأطباق والأكواب في السلة بترتيب.,استخدم أطباقًا وأكوابًا خفيفة الوزن.,المساعدة في الترتيب، ترتيب جزء، ترتيب السلة كاملة.,يرتب العناصر بثبات دون تكديس عشوائي.,الانتقال إلى تغليف الأطعمة بالقصدير.,لا يتطلب أدوات دعم إضافية.,معتمد مبدئيًا,Pasted text (3)(2).txt
FOOD-033-CARD002,FOOD-033-OP002,ليتقن خطوة عملية بسيطة تسبق الخروج للنزهة.,قطّع القصدير لقطع مناسبة الحجم مسبقًا.,وضع الطعام على القصدير، لفه بحذر.,جهّز قطعًا جاهزة الحجم لتقليل الحاجة للقص.,المساعدة في اللف، لف قطعة واحدة، لف عدة قطع.,يلف الطعام بإحكام كافٍ دون فتحه.,الانتقال إلى حمل السلة وحوافظ الطعام.,قطع قصدير جاهزة الحجم.,معتمد مبدئيًا,Pasted text (3)(2).txt
FOOD-033-CARD003,FOOD-033-OP003,ليساهم بجهد ملموس في الخروج للنزهة مع أسرته.,تأكد أن وزن السلة مناسب لقدرته.,حمل السلة أو حافظة خفيفة، حملها نحو السيارة أو مكان النزهة.,وزّع المحتويات على أكثر من حقيبة خفيفة.,حمل عنصر خفيف، حمل حافظة كاملة، المساعدة في حمل السلة الرئيسية معك.,يحمل الغرض بثبات لمسافة أطول تدريجيًا.,الانطلاق معًا للاستمتاع بالنزهة والطعام الذي جهّزه.,حقائب خفيفة موزّعة.,معتمد مبدئيًا,Pasted text (3)(2).txt
FOOD-034-CARD001,FOOD-034-OP001,ليشارك في تنظيم طعام الأسرة لاستخدامه لاحقًا.,جهّز أوعية بحجم الحصة المطلوبة.,وضع كمية مناسبة في كل وعاء.,استخدم أوعية بحجم ثابت لتسهيل التقدير.,المساعدة في التقسيم، تقسيم حصة واحدة، تقسيم كل الحصص.,يقسّم كميات متقاربة في كل وعاء.,الانتقال إلى وضع الحصص في أكياس التجميد.,أوعية بحجم ثابت.,معتمد مبدئيًا,Pasted text (3)(2).txt
FOOD-034-CARD002,FOOD-034-OP002,ليكمل خطوة عملية بسيطة ضمن تجهيز مؤن الأسرة.,جهّز الأكياس مفتوحة وجاهزة.,نقل الحصة من الوعاء إلى الكيس.,استخدم قمعًا صغيرًا لتسهيل النقل دون انسكاب.,المساعدة في النقل، نقل حصة واحدة، نقل كل الحصص.,يتحكم بالنقل دون سكب زائد.,الانتقال إلى تفريغ الأكياس من الهواء وإغلاقها.,قمع صغير للنقل.,معتمد مبدئيًا,Pasted text (3)(2).txt
FOOD-034-CARD003,FOOD-034-OP003,ليتقن خطوة دقيقة تحافظ على جودة الطعام المجمّد.,تأكد أن الأكياس بها إغلاق سهل.,الضغط برفق لإخراج الهواء، إغلاق الكيس بإحكام.,استخدم أكياسًا بربطة سحب سهلة الإغلاق.,المساعدة في الإغلاق، إغلاق كيس واحد، إغلاق كل الأكياس.,يتحقق بنفسه من إحكام الإغلاق.,الانتقال إلى ترتيب الأكياس في الفريزر.,أكياس بربطة سحب سهلة.,معتمد مبدئيًا,Pasted text (3)(2).txt
FOOD-034-CARD004,FOOD-034-OP004,ليختم المهمة برؤية عمله مرتبًا وجاهزًا للاستخدام لاحقًا.,أفسح مساحة واضحة في الفريزر.,فتح الفريزر، وضع الأكياس بترتيب مسطح.,خصص منطقة ثابتة في الفريزر لهذه الأكياس.,المساعدة في الترتيب، وضع كيس واحد، ترتيب كل الأكياس.,يرتب الأكياس بشكل مسطح ومنظم.,لاحقًا، الانتقال إلى إذابة الطعام المجمد عند الحاجة.,منطقة ثابتة في الفريزر.,معتمد مبدئيًا,Pasted text (3)(2).txt
FOOD-035-CARD001,FOOD-035-OP001,ليشارك في خطوة بسيطة تسبق تجهيز وجبة قادمة.,حدد معه الكيس المطلوب حسب وجبة الغد.,فتح الفريزر، إخراج الكيس، وضعه في الثلاجة.,استخدم ملصقات على الأكياس لتحديدها بسهولة.,الإشارة للكيس، النقل بمساعدة، النقل بمفرده.,يتعرف على الكيس الصحيح من الملصق.,الانتقال إلى وضع الأكياس في وعاء مائي للإذابة.,ملصقات تعريف على الأكياس.,معتمد مبدئيًا,Pasted text (3)(2).txt
FOOD-035-CARD002,FOOD-035-OP002,ليساهم في تسريع تجهيز الوجبة القادمة بخطوة بسيطة.,جهّز وعاءً بماء بارد مناسب لحجم الكيس.,وضع الكيس في الوعاء، التأكد من غمره بالماء.,استخدم وعاءً ثابتًا مخصصًا لهذه المهمة.,المساعدة في الوضع، الوضع بمفرده، اختيار حجم الوعاء المناسب أيضًا.,يتحقق من غمر الكيس بالكامل بالماء.,الانتقال إلى فك التغليف عن الطعام المذاب.,وعاء إذابة ثابت مخصص.,معتمد مبدئيًا,Pasted text (3)(2).txt
FOOD-035-CARD003,FOOD-035-OP003,ليختم المهمة برؤية الطعام جاهزًا للطبخ من جديد.,تأكد أن الطعام ذاب بالكامل قبل الفك.,فتح الكيس، إخراج الطعام ووضعه في وعاء التجهيز.,استخدم أكياسًا سهلة الفتح بربطة سحب.,المساعدة في الفك، الفك بمفرده، تجهيز الطعام للطبخ أيضًا.,يفتح الكيس بثبات دون تمزيقه بشكل عشوائي.,الانتقال إلى بدء تجهيز الوجبة بالمكوّن المذاب.,أكياس بربطة سحب سهلة.,معتمد مبدئيًا,Pasted text (3)(2).txt
FOOD-036-CARD001,FOOD-036-OP001,ليشارك في مهمة تنظيف بخطوة بسيطة وآمنة.,استخدم منظفًا لطيفًا آمنًا للاستخدام معه.,فتح باب الجهاز، رش المنظف بحذر تحت إشرافك.,استخدم منظفًا برذاذ خفيف سهل الضغط.,المراقبة معك، الرش تحت إشرافك المباشر، الرش بمفرده بمنظف آمن.,يتحكم بجرعة الرش دون إفراط.,الانتقال إلى مسح الجدران الداخلية بقطعة قماش.,منظف آمن برذاذ خفيف.,معتمد مبدئيًا,Pasted text (3)(2).txt
FOOD-036-CARD002,FOOD-036-OP002,ليمارس نشاطًا حركيًا ممتعًا ضمن مهمة عائلية.,جهّز قطعة قماش نظيفة.,تمرير القماش على الجدران الداخلية بحركات دائرية.,خصص قطعة قماش بمقبض لتسهيل الإمساك.,المساعدة في المسح، مسح جزء، مسح كل الجدران الداخلية.,يترك السطح نظيفًا دون بقع ظاهرة.,الانتقال إلى غسل الطبق الزجاجي أو شبك الفرن.,قطعة قماش مخصصة.,معتمد مبدئيًا,Pasted text (3)(2).txt
FOOD-036-CARD003,FOOD-036-OP003,ليختم مهمة التنظيف بجزء ملموس يراه نظيفًا بنفسه.,تأكد أن القطعة باردة تمامًا قبل الغسل.,حمل القطعة، غسلها بالإسفنجة والصابون، شطفها.,استخدم إسفنجة بمقبض مريح.,المساعدة في الغسل، الغسل الجزئي، الغسل الكامل.,يحمل القطعة بثبات ويغسلها بعناية.,الجهاز نظيف وجاهز للاستخدام من جديد.,إسفنجة بمقبض مريح.,معتمد مبدئيًا,Pasted text (3)(2).txt
FOOD-037-CARD001,FOOD-037-OP001,ليشارك في مهمة تنظيف بسيطة بعد لحظة شوي ممتعة.,تأكد أن الشواية باردة تمامًا قبل البدء.,إمساك الفرشاة، كشط البقايا برفق عن الشبك.,استخدم فرشاة بمقبض عريض سهل الإمساك.,المساعدة في الكشط، الكشط الجزئي، الكشط الكامل.,يمسك الفرشاة بثبات ويكرر الحركة بثقة.,الانتقال إلى مسح الهيكل الخارجي.,فرشاة بمقبض عريض.,معتمد مبدئيًا,Pasted text (3)(2).txt
FOOD-037-CARD002,FOOD-037-OP002,ليكمل تنظيف الشواية بخطوة بسيطة إضافية.,جهّز قطعة قماش نظيفة.,تمرير القماش على الهيكل الخارجي بحركات منتظمة.,خصص قطعة قماش بلون مميز لهذه المهمة.,المساعدة في المسح، مسح جزء، مسح الهيكل كاملًا.,يترك الهيكل نظيفًا دون بقع ظاهرة.,الانتقال إلى تفريغ بقايا الفحم أو الرماد.,قطعة قماش مخصصة.,معتمد مبدئيًا,Pasted text (3)(2).txt
FOOD-037-CARD003,FOOD-037-OP003,ليختم مهمة التنظيف بخطوة أخيرة تحت إشرافك.,تأكد أن الرماد بارد تمامًا قبل التفريغ.,فتح درج الرماد، تفريغه في كيس المهملات.,استخدم مجرفة صغيرة مخصصة للرماد.,المراقبة معك، المساعدة في التفريغ تحت إشرافك، التفريغ بإشراف مباشر.,يلتزم بتعليمات السلامة أثناء التفريغ.,الشواية نظيفة وجاهزة للاستخدام القادم.,مجرفة صغيرة مخصصة.,معتمد مبدئيًا,Pasted text (3)(2).txt
HOME-052-CARD001,HOME-052-OP001,ليشارك في مهمة تنظيم بسيطة تحافظ على مطبخ مرتب.,أفسح مساحة على الطاولة لوضع العلب مؤقتًا.,إخراج العلب، مسح الرف بقطعة قماش.,اطلب منه إخراج رف واحد في كل مرة.,المساعدة في الإخراج، إخراج رف واحد، إخراج كل الرفوف.,يحمل العلب بثبات دون إسقاطها.,الانتقال إلى التخلص من العلب الفارغة أو التالفة.,قطعة قماش للمسح.,معتمد مبدئيًا,Pasted text (3)(2).txt
HOME-052-CARD002,HOME-052-OP002,ليشارك في قرار بسيط حول ما يبقى وما يُستبعد.,"اسأله سؤالًا بسيطًا لكل علبة ""هل ما زالت مستخدمة؟""",فحص كل علبة، وضع الفارغة أو التالفة جانبًا للتخلص منها.,جهّز كيسًا واحدًا للعلب المستبعدة فقط.,المساعدة في الفحص، الفحص بمفرده، اتخاذ القرار بنفسه.,يميّز بثقة متزايدة بين ما يبقى وما يُستبعد.,الانتقال إلى ترتيب العلب حسب نوعها واستخدامها.,كيس تجميع للعلب المستبعدة.,معتمد مبدئيًا,Pasted text (3)(2).txt
HOME-052-CARD003,HOME-052-OP003,ليختم المهمة برؤية الخزانة مرتبة وجاهزة للاستخدام.,حدد فئات بسيطة للترتيب (حبوب/بهارات/معلبات).,وضع كل علبة في فئتها على الرف.,استخدم ملصقات بسيطة على الرفوف لكل فئة.,المساعدة في الترتيب، ترتيب فئة واحدة، ترتيب كل الفئات.,يضع العلب في فئتها الصحيحة دون توجيه متكرر.,الخزانة مرتبة وجاهزة لتجهيز وجبة قادمة معًا.,ملصقات فئات على الرفوف.,معتمد مبدئيًا,Pasted text (3)(2).txt
FOOD-039-CARD001,FOOD-039-OP001,ليشارك في التخطيط لما ستأكله الأسرة قريبًا.,افتح الثلاجة والخزانة معًا للمراجعة.,النظر لما هو متوفر، ذكر أو الإشارة له.,ركّز على رف أو منطقة واحدة في كل مرة.,المراقبة معك، الإشارة لما يعرفه، وصف المتوفر بنفسه.,يتعرف على مكونات أكثر مع تكرار المهمة.,الانتقال إلى اقتراح وجبات مقبلة.,لا يتطلب أدوات دعم إضافية.,معتمد مبدئيًا,Pasted text (3)(2).txt
FOOD-039-CARD002,FOOD-039-OP002,ليعبّر عن رغباته ويشعر بأن له رأيًا في طعام أسرته.,اعرض عليه صورًا لوجبات معتادة يختار من بينها.,النظر للخيارات، اختيار أو اقتراح وجبة.,استخدم بطاقات صور للوجبات المفضلة لديه.,الإشارة لخيار، الاختيار من بين خيارين، الاقتراح بنفسه.,يعبّر عن رغبته بوضوح متزايد.,الانتقال إلى كتابة القائمة المطلوبة.,بطاقات صور للوجبات.,معتمد مبدئيًا,Pasted text (3)(2).txt
FOOD-039-CARD003,FOOD-039-OP003,ليكمل عملية التخطيط بخطوة توثيق بسيطة.,جهّز ورقة وقلمًا أو تطبيق ملاحظات.,كتابة أو إملاء أسماء العناصر المطلوبة.,اسمح له بلصق صور بدل الكتابة إن كان أسهل له.,الإملاء لك، المشاركة في الكتابة، كتابة القائمة بنفسه.,يتذكر عناصر إضافية أثناء الكتابة من تلقاء نفسه.,الانتقال إلى شراء المكونات الناقصة وفق القائمة.,ورقة أو تطبيق ملاحظات بسيط.,معتمد مبدئيًا,Pasted text (3)(2).txt
FOOD-040-CARD001,FOOD-040-OP001,ليشارك في العناية بصحته أو صحة فرد من الأسرة.,حدد معه المكونات المسموحة بوضوح قبل البدء.,النظر للمكونات، فصل المسموح عن غير المسموح.,استخدم علامات لونية على المكونات المسموحة.,المساعدة في الفرز، الفرز الجزئي، الفرز الكامل.,يميّز بثقة متزايدة بين المسموح وغير المسموح.,الانتقال إلى وزن الكميات بدقة حسب المسموح.,علامات لونية على المكونات المسموحة.,معتمد مبدئيًا,Pasted text (3)(2).txt
FOOD-040-CARD002,FOOD-040-OP002,ليتعلّم أهمية الدقة في تجهيز وجبة تراعي حالة صحية.,جهّز الميزان في متناول يده.,وضع المكوّن على الميزان، متابعة الرقم معك.,استخدم ميزانًا رقميًا بأرقام كبيرة وواضحة.,المراقبة معك، الوضع على الميزان بمساعدة، القراءة والوضع بنفسه.,يتابع الرقم على الميزان ويخبرك به.,الانتقال إلى تجهيز الوجبة في طبق تقديم منفصل.,ميزان رقمي بأرقام واضحة.,معتمد مبدئيًا,Pasted text (3)(2).txt
FOOD-040-CARD003,FOOD-040-OP003,ليختم مهمة التجهيز برؤية وجبة معدّة خصيصًا وبعناية.,خصص طبقًا مميزًا لهذه الوجبة.,وضع المكونات الموزونة في الطبق، ترتيبها.,استخدم طبقًا بلون أو شكل مميز لهذه الوجبة تحديدًا.,المساعدة في الترتيب، الترتيب الجزئي، الترتيب الكامل.,يميّز طبق الوجبة الخاصة عن بقية الأطباق.,تقديم الوجبة الخاصة التي شارك في تجهيزها بعناية.,طبق مميز مخصص لهذه الوجبة.,معتمد مبدئيًا,Pasted text (3)(2).txt
FOOD-041-CARD001,FOOD-041-OP001,ليساهم في تجهيز وجبة تدعم نشاط فرد من أسرته الرياضي.,جهّز مصدر البروتين (بيض/لحم مطهو مسبقًا) جاهزًا للتقطيع أو التسخين.,إخراج المكوّن، وضعه في وعاء التجهيز.,استخدم مكونات مطهوة مسبقًا لتبسيط الخطوات.,المساعدة في الإخراج، الإخراج بمفرده، تجهيز المكوّن للتقديم أيضًا.,يتعرف على مصادر البروتين المعتادة.,الانتقال إلى خلط مشروب أو مخفوق البروتين.,لا يتطلب أدوات دعم إضافية.,معتمد مبدئيًا,Pasted text (3)(2).txt
FOOD-041-CARD002,FOOD-041-OP002,ليشارك في نشاط ممتع باستخدام الخلاط الكهربائي تحت إشرافك.,جهّز المكونات في إبريق الخلاط.,إضافة المكونات، إغلاق الغطاء، الضغط على زر التشغيل.,استخدم زرًا واحدًا مضبوطًا مسبقًا للتشغيل.,المساعدة في الإضافة، الإضافة بمفرده، الضغط على الزر تحت إشرافك.,يضغط الزر الصحيح بثقة متزايدة.,الانتقال إلى إعداد وطهي الخضار المرافق.,زر تشغيل مضبوط مسبقًا.,معتمد مبدئيًا,Pasted text (3)(2).txt
FOOD-041-CARD003,FOOD-041-OP003,ليكمل تجهيز الوجبة الرياضية بجزء إضافي مغذٍّ.,جهّز الخضار مقطّعة وجاهزة للطهي.,وضع الخضار في المقلاة، المساعدة في التحريك تحت إشرافك.,استخدم مقلاة بمقبض بارد الملمس.,المراقبة معك، المساعدة بالتحريك تحت إشرافك، تحريك دقيقة واحدة بإشراف كامل.,يلتزم بالبقاء على مسافة آمنة أثناء الطهي.,تقديم الوجبة الرياضية الجاهزة لفرد الأسرة.,مقلاة بمقبض بارد الملمس.,معتمد مبدئيًا,Pasted text (3)(2).txt
FOOD-042-CARD001,FOOD-042-OP001,ليشعر بمسؤولية العناية بصديقه الأليف.,ضع وعاء الحيوان في مكانه المعتاد.,إحضار الوعاء، وضعه في مكان الإطعام.,خصص مكانًا ثابتًا معروفًا لوعاء الحيوان.,الإشارة إليه، الإحضار بمساعدة، الإحضار بمفرده.,يتوجه لمكان الوعاء دون تذكير.,الانتقال إلى قياس كمية الطعام المخصصة ووضعها.,مكان ثابت لوعاء الحيوان.,معتمد مبدئيًا,Pasted text (3)(2).txt
FOOD-042-CARD002,FOOD-042-OP002,ليتقن مهمة يومية محددة يعتمد عليها حيوانه الأليف.,جهّز كوب قياس ثابت لكمية الطعام المعتادة.,ملء الكوب، سكب الطعام في الوعاء.,استخدم كوب قياس واحد مخصص لهذه المهمة دائمًا.,المساعدة في القياس، القياس بمفرده، القياس والسكب الكامل.,يقيس نفس الكمية بثبات في كل مرة.,الانتقال إلى سكب الماء النظيف في وعاء الشرب.,كوب قياس مخصص.,معتمد مبدئيًا,Pasted text (3)(2).txt
FOOD-042-CARD003,FOOD-042-OP003,ليكمل روتين العناية اليومية بحيوانه الأليف.,جهّز وعاء الشرب فارغًا وجاهزًا.,سكب الماء النظيف في الوعاء.,استخدم عبوة صغيرة خفيفة للسكب.,المساعدة في السكب، السكب بمفرده، تنظيف الوعاء أولًا أيضًا.,يتحكم بكمية السكب دون فيضان.,الانتقال إلى تنظيف منطقة طعام الحيوان بعد انتهائه.,عبوة سكب صغيرة.,معتمد مبدئيًا,Pasted text (3)(2).txt
FOOD-042-CARD004,FOOD-042-OP004,ليختم روتين رعاية حيوانه بترك مكانه نظيفًا.,انتظر حتى ينتهي الحيوان من الأكل.,رفع الوعاء، مسح الأرضية المحيطة إن لزم.,جهّز قطعة قماش صغيرة مخصصة لهذه المهمة.,المساعدة في التنظيف، التنظيف الجزئي، التنظيف الكامل.,يبادر بالتنظيف بعد انتهاء الحيوان دون تذكير.,الروتين اليومي مكتمل حتى موعد الإطعام القادم.,قطعة قماش مخصصة.,معتمد مبدئيًا,Pasted text (3)(2).txt
FOOD-043-CARD001,FOOD-043-OP001,ليمارس دورًا اجتماعيًا بسيطًا وثقة في التعامل مع الآخرين.,ابقَ قريبًا منه عند فتح الباب.,فتح الباب، استلام الأكياس، شكر المندوب.,علّمه عبارة استلام وشكر بسيطة يستخدمها دائمًا.,المرافقة عند الاستلام، الاستلام بمساعدة قريبة، الاستلام بمفرده.,يبادر بالشكر أو الترحيب بثقة متزايدة.,الانتقال إلى مراجعة الفاتورة.,عبارة استلام جاهزة.,معتمد مبدئيًا,Pasted text (3)(2).txt
FOOD-043-CARD002,FOOD-043-OP002,ليتعلّم خطوة تحقق بسيطة قبل تناول الطلب.,اعرض عليه الفاتورة بجانب الطلب.,مطابقة الأصناف في الفاتورة مع محتويات الأكياس.,استخدم صورًا للأصناف المطلوبة للمطابقة السريعة.,المراقبة معك، المشاركة في المطابقة، المطابقة بمفرده.,يتعرف على الأصناف الصحيحة من الفاتورة.,الانتقال إلى تفريغ الأكياس وتوزيع العلب على المائدة.,صور الأصناف المطلوبة.,معتمد مبدئيًا,Pasted text (3)(2).txt
FOOD-043-CARD003,FOOD-043-OP003,ليختم مساهمته بلحظة تجهيز المائدة للأكل معًا.,أفسح مساحة على المائدة لوضع العلب.,إخراج كل علبة، وضعها في مكانها على المائدة.,اطلب منه توزيع علبة واحدة في كل مرة.,المساعدة في التفريغ، توزيع علبة واحدة، توزيع كل العلب.,يوزّع العلب بثبات دون خلط الطلبات.,الجلوس معًا للاستمتاع بالوجبة.,لا يتطلب أدوات دعم إضافية.,معتمد مبدئيًا,Pasted text (3)(2).txt
FOOD-044-CARD001,FOOD-044-OP001,ليمارس نشاطًا حسيًا بسيطًا بلمس ومعاينة الثمار.,اعرض عليه علامة بسيطة للنضج (اللون أو الليونة).,حمل كل ثمرة، فحصها بلطف.,ابدأ بنوع واحد سهل التمييز مثل الموز.,المراقبة معك، الفحص بمساعدة، الفحص بمفرده.,يميّز علامة النضج بثقة متزايدة.,الانتقال إلى عزل الحبات الناضجة للاستخدام الفوري.,لا يتطلب أدوات دعم إضافية.,معتمد مبدئيًا,Pasted text (3)(2).txt
FOOD-044-CARD002,FOOD-044-OP002,ليساهم في قرار بسيط حول ما يُستخدم الآن وما ينتظر.,جهّز وعاءً منفصلًا للحبات الناضجة.,وضع كل حبة ناضجة في الوعاء المخصص.,استخدم وعاءً بلون مميز لهذه المهمة.,المساعدة في العزل، العزل الجزئي، العزل الكامل.,يفرز الحبات الناضجة بدقة متزايدة.,الانتقال إلى التخلص من الحبات التالفة.,وعاء مخصص بلون مميز.,معتمد مبدئيًا,Pasted text (3)(2).txt
FOOD-044-CARD003,FOOD-044-OP003,ليختم المهمة بخطوة بسيطة تحافظ على نظافة سلة الفاكهة.,جهّز كيس مهملات صغير قريب.,حمل الحبة التالفة، وضعها في كيس المهملات.,استخدم أداة بسيطة لالتقاط الحبة دون لمسها مباشرة إن رغب.,المساعدة في التخلص، التخلص بمفرده، التحقق من السلة بعد الانتهاء أيضًا.,ينفذ الخطوة دون تردد أو انزعاج كبير.,سلة الفاكهة جاهزة ومرتبة من جديد.,كيس مهملات صغير قريب.,معتمد مبدئيًا,Pasted text (3)(2).txt
FOOD-045-CARD001,FOOD-045-OP001,ليمارس نشاطًا حسيًا لطيفًا بلمس أوراق الأعشاب الطازجة.,جهّز الأعشاب في وعاء بجانبه.,فصل الأوراق الجيدة عن الأوراق الذابلة.,ابدأ بنوع واحد من الأعشاب في كل مرة.,المساعدة في الفرز، الفرز الجزئي، الفرز الكامل.,يميّز الأوراق الجيدة من الذابلة بثقة متزايدة.,الانتقال إلى غسل الأوراق وتجفيفها بالمنشفة.,لا يتطلب أدوات دعم إضافية.,معتمد مبدئيًا,Pasted text (3)(2).txt
FOOD-045-CARD002,FOOD-045-OP002,ليستمتع بنشاط حسي بسيط يجمعه بالماء والأعشاب.,جهّز مصفاة صغيرة ومنشفة نظيفة.,وضع الأوراق في المصفاة وغسلها، تجفيفها بالمنشفة.,استخدم مصفاة صغيرة سهلة الإمساك.,المساعدة في الغسل، الغسل بمفرده، التجفيف بالمنشفة أيضًا.,يتعامل مع الأوراق برفق دون سحقها.,الانتقال إلى توزيع الأوراق على صينية التجفيف.,مصفاة صغيرة ومنشفة مخصصة.,معتمد مبدئيًا,Pasted text (3)(2).txt
FOOD-045-CARD003,FOOD-045-OP003,ليرى الأعشاب مرتبة وجاهزة لبدء عملية التجفيف.,جهّز الصينية فارغة ونظيفة.,أخذ الأوراق، توزيعها على الصينية بمسافات.,ارسم خطوطًا إرشادية بسيطة على الصينية لتحديد التوزيع.,المساعدة في التوزيع، التوزيع الجزئي، التوزيع الكامل.,يوزّع الأوراق بمسافات منتظمة.,الانتقال إلى تعبئة الأعشاب الجافة في برطمانات.,صينية بعلامات إرشادية.,معتمد مبدئيًا,Pasted text (3)(2).txt
FOOD-045-CARD004,FOOD-045-OP004,ليختم مهمة التجفيف برؤية نتيجة عمله محفوظة في برطمان.,تأكد أن الأعشاب جافة تمامًا قبل التعبئة.,جمع الأعشاب الجافة، سكبها في البرطمان، إغلاقه.,استخدم برطمانًا بفتحة واسعة سهلة التعبئة.,المساعدة في التعبئة، التعبئة بمفرده، إغلاق البرطمان أيضًا.,يتحكم بالتعبئة دون سكب زائد خارج البرطمان.,برطمان الأعشاب جاهز للاستخدام في وجبات قادمة.,برطمان بفتحة واسعة.,معتمد مبدئيًا,Pasted text (3)(2).txt
FOOD-046-CARD001,FOOD-046-OP001,ليشارك في مهمة يومية بسيطة تفيد كل أفراد الأسرة.,حدد أماكن الزجاجات الفارغة المعتادة.,جمع الزجاجات من أماكنها، نقلها إلى الحوض.,خصص سلة صغيرة لجمع الزجاجات الفارغة.,المساعدة في الجمع، جمع زجاجة واحدة، جمع كل الزجاجات.,يجمع الزجاجات دون تذكير متكرر.,الانتقال إلى غسل وتعبئة الزجاجات بماء الشرب.,سلة تجميع صغيرة.,معتمد مبدئيًا,Pasted text (3)(2).txt
FOOD-046-CARD002,FOOD-046-OP002,ليمارس نشاطًا حسيًا بسيطًا بالماء يشعره بالفائدة.,جهّز فرشاة زجاجات صغيرة إن لزم.,غسل كل زجاجة، تعبئتها بماء الشرب، إغلاقها.,استخدم زجاجات بفتحة واسعة سهلة التعبئة.,المساعدة في التعبئة، تعبئة زجاجة واحدة، تعبئة كل الزجاجات.,يتحكم بالتعبئة دون فيضان.,الانتقال إلى ترتيب الزجاجات في ثلاجة التبريد.,زجاجات بفتحة واسعة.,معتمد مبدئيًا,Pasted text (3)(2).txt
FOOD-046-CARD003,FOOD-046-OP003,ليختم المهمة برؤية ماء بارد جاهز لكل أفراد الأسرة.,أفسح مساحة واضحة على رف الثلاجة.,حمل كل زجاجة، وضعها في مكانها بالثلاجة.,خصص رفًا ثابتًا لزجاجات الماء.,المساعدة في الترتيب، ترتيب زجاجة واحدة، ترتيب كل الزجاجات.,يضع الزجاجات بترتيب متسق في نفس الرف.,الماء البارد جاهز للأسرة طوال اليوم.,رف ثابت مخصص لزجاجات الماء.,معتمد مبدئيًا,Pasted text (3)(2).txt
FOOD-047-CARD001,FOOD-047-OP001,ليبدأ خطوة الضيافة بنفسه ويشعر بالفخر عند التقديم لاحقًا.,ضع الإبريق في مكان يسهل الوصول له.,تعبئة الإبريق بالماء، وضعه على الموقد أو تشغيله كهربائيًا.,استخدم إبريقًا كهربائيًا بزر تشغيل واحد بسيط.,المساعدة في التعبئة، التعبئة بمفرده، الضغط على زر التشغيل تحت إشرافك.,يتحكم بكمية الماء دون فيضان.,الانتقال إلى تجهيز صينية الشاي والأكواب.,إبريق كهربائي بزر تشغيل بسيط.,معتمد مبدئيًا,Pasted text (3)(2).txt
FOOD-047-CARD002,FOOD-047-OP002,ليساهم في تجهيز جلسة ضيافة تجمع الأسرة أو الضيوف.,حدد عدد الأكواب المطلوبة.,إحضار الصينية، وضع الأكواب عليها بترتيب.,استخدم صينية بحواف مانعة للانزلاق.,المساعدة في الترتيب، ترتيب جزء، تجهيز الصينية كاملة.,يرتب الأكواب بثبات على الصينية.,الانتقال إلى وضع أوراق الشاي وتجهيز الإبريق.,صينية بحواف مانعة للانزلاق.,معتمد مبدئيًا,Pasted text (3)(2).txt
FOOD-047-CARD003,FOOD-047-OP003,ليتقن خطوة صغيرة ومحددة تكتمل بها ضيافته.,جهّز أوراق الشاي في متناول يده.,أخذ كمية من الشاي، وضعها في الإبريق مع الماء الساخن.,استخدم أكياس شاي جاهزة بدل الأوراق السائبة.,المساعدة في الوضع، الوضع بمفرده تحت إشرافك، تجهيز الإبريق كاملًا.,يضبط الكمية بثبات مع تكرار المهمة.,الانتقال إلى تقديم الصينية للضيوف.,أكياس شاي جاهزة.,معتمد مبدئيًا,Pasted text (3)(2).txt
FOOD-047-CARD004,FOOD-047-OP004,ليعيش لحظة تفاعل اجتماعي إيجابية مع أسرته أو ضيوفهم.,تأكد أن الصينية ليست ثقيلة جدًا أو ساخنة عند الحمل.,حمل الصينية بثبات، تقديمها لكل شخص بدوره.,رافقه في أول جولة تقديم ثم اتركه يكمل بثقته.,المرافقة في التقديم، تقديم لشخص واحد، تقديم للجميع.,يقدّم الصينية بثبات دون انسكاب.,الجلوس معًا والاستمتاع بالشاي الذي جهّزه بنفسه.,لا يتطلب أدوات دعم إضافية.,معتمد مبدئيًا,Pasted text (3)(2).txt
FOOD-048-CARD001,FOOD-048-OP001,ليشارك في مهمة صيانة بسيطة تحافظ على جودة ماء الأسرة.,تأكد أن الجهاز مفصول عن الكهرباء قبل البدء.,فتح الغطاء، سحب الفلتر القديم برفق.,أرِه طريقة السحب مرة قبل تنفيذها بنفسه.,المراقبة معك، المساعدة في السحب، السحب بمفرده تحت إشرافك.,يتحكم بحركة السحب برفق دون كسر الفلتر.,الانتقال إلى تعبئة الغلاية بخلطة التنظيف.,لا يتطلب أدوات دعم إضافية.,معتمد مبدئيًا,Pasted text (3)(2).txt
FOOD-048-CARD002,FOOD-048-OP002,ليساهم في خطوة تنظيف بسيطة وآمنة.,جهّز خليط الماء والخل مسبقًا.,فتح الغلاية، سكب الخليط بداخلها.,استخدم عبوة سكب صغيرة سهلة التحكم.,المساعدة في السكب، السكب بمفرده، إغلاق الغلاية أيضًا.,يتحكم بالسكب دون فيضان.,الانتقال إلى شطف الغلاية بالماء النظيف عدة مرات.,عبوة سكب صغيرة.,معتمد مبدئيًا,Pasted text (3)(2).txt
FOOD-048-CARD003,FOOD-048-OP003,ليختم مهمة التنظيف برؤية الغلاية جاهزة للاستخدام من جديد.,تأكد أن الغلاية باردة قبل الشطف.,تعبئة الغلاية بماء نظيف، سكبه، تكرار الخطوة عدة مرات.,حدد عدد مرات الشطف مسبقًا معه (مثلًا ثلاث مرات).,المساعدة في الشطف، الشطف بمفرده، التحقق من نظافة الماء أيضًا.,يكرر الشطف حتى يصبح الماء صافيًا.,الغلاية جاهزة لتجهيز مشروبات ساخنة جديدة.,لا يتطلب أدوات دعم إضافية.,معتمد مبدئيًا,Pasted text (3)(2).txt
FOOD-049-CARD001,FOOD-049-OP001,ليتعلّم أن الحفاظ على الطعام واستخدامه بحكمة مسؤولية مشتركة.,جهّز وعاء لتجميع البقايا.,فحص قطع الخبز، جمع الجاف منها في الوعاء.,اطلب منه فحص قطعة واحدة في كل مرة.,المساعدة في الجمع، الجمع الجزئي، الجمع الكامل.,يميّز الخبز الجاف من الطازج بثقة متزايدة.,الانتقال إلى مسح أو تنظيف سلة الخبز.,وعاء تجميع بسيط.,معتمد مبدئيًا,Pasted text (3)(2).txt
FOOD-049-CARD002,FOOD-049-OP002,ليكمل مهمة الترتيب بترك السلة نظيفة وجاهزة.,أفرغ السلة تمامًا من محتواها.,مسح السلة من الداخل والخارج بقطعة قماش.,خصص قطعة قماش صغيرة لهذه المهمة فقط.,المساعدة في المسح، المسح الجزئي، المسح الكامل.,يترك السلة نظيفة دون فتات متبقٍّ.,الانتقال إلى وضع الخبز الطازج في السلة وتغطيته.,قطعة قماش مخصصة.,معتمد مبدئيًا,Pasted text (3)(2).txt
FOOD-049-CARD003,FOOD-049-OP003,ليختم المهمة برؤية سلة خبز مرتبة وجاهزة للمائدة.,جهّز غطاء السلة أو المنشفة المخصصة.,وضع الخبز في السلة، تغطيته بالمنشفة.,استخدم منشفة خفيفة سهلة الطي.,المساعدة في الوضع، الوضع بمفرده، التغطية أيضًا.,يضع الخبز ويغطيه بثبات دون تفكك.,سلة الخبز جاهزة على المائدة لتناولها معًا.,منشفة تغطية مخصصة.,معتمد مبدئيًا,Pasted text (3)(2).txt
FOOD-050-CARD001,FOOD-050-OP001,ليشارك في مهمة بسيطة تحافظ على نظافة المطبخ.,جهّز قفازًا خفيفًا إن رغب في استخدامه.,رفع المصفاة، إزالة البقايا، وضعها في المهملات.,استخدم ملقطًا صغيرًا لتجنب اللمس المباشر إن رغب.,المراقبة معك، المساعدة في الإزالة، الإزالة بمفرده.,ينفذ الخطوة دون تردد أو انزعاج كبير.,الانتقال إلى فرك الحوض بمادة التنظيف والإسفنجة.,ملقط صغير اختياري.,معتمد مبدئيًا,Pasted text (3)(2).txt
FOOD-050-CARD002,FOOD-050-OP002,ليمارس نشاطًا حركيًا ممتعًا ضمن مهمة عائلية.,جهّز إسفنجة ومنظفًا لطيفًا.,رش المنظف، فرك الحوض بحركات دائرية.,استخدم إسفنجة بمقبض مريح.,المساعدة في الفرك، الفرك الجزئي، الفرك الكامل.,يفرك بحركة منتظمة دون توجيه متكرر.,الانتقال إلى شطف الحوض وتجفيفه.,إسفنجة بمقبض مريح.,معتمد مبدئيًا,Pasted text (3)(2).txt
FOOD-050-CARD003,FOOD-050-OP003,ليختم مهمة التنظيف برؤية حوض لامع ونظيف.,جهّز منشفة جافة مخصصة.,شطف الحوض بالماء، تجفيفه بالمنشفة.,خصص منشفة معلّقة بجانب الحوض دائمًا.,المساعدة في الشطف، الشطف بمفرده، التجفيف أيضًا.,يترك الحوض نظيفًا وجافًا دون تذكير.,الانتقال إلى تفريغ سلة مهملات المطبخ.,منشفة معلّقة بجانب الحوض.,معتمد مبدئيًا,Pasted text (3)(2).txt
FOOD-051-CARD001,FOOD-051-OP001,ليشارك في مهمة يومية بسيطة ومهمة لنظافة المطبخ.,تأكد أن الكيس ليس ثقيلًا جدًا لحمله.,رفع الكيس من السلة، ربط أطرافه بإحكام.,استخدم أكياسًا بربطة سحب سهلة.,المساعدة في الإخراج والربط، الربط بمفرده، الإخراج والربط الكامل.,يربط الكيس بإحكام كافٍ دون تسرب.,الانتقال إلى غسل أو مسح قاع سلة القمامة عند اللزوم.,أكياس بربطة سحب سهلة.,معتمد مبدئيًا,Pasted text (3)(2).txt
FOOD-051-CARD002,FOOD-051-OP002,ليتعلّم أن السلة نفسها تحتاج عناية دورية أيضًا.,تأكد أن السلة فارغة تمامًا.,مسح قاع السلة بقطعة قماش أو غسلها إن لزم.,خصص قطعة قماش منفصلة لهذه المهمة فقط.,المساعدة في المسح، المسح الجزئي، المسح الكامل.,يترك السلة نظيفة دون رائحة متبقية.,الانتقال إلى فرد كيس القمامة الجديد داخل السلة.,قطعة قماش مخصصة للسلة.,معتمد مبدئيًا,Pasted text (3)(2).txt
FOOD-051-CARD003,FOOD-051-OP003,ليختم المهمة بترك السلة جاهزة للاستخدام من جديد.,جهّز كيسًا جديدًا بجانب السلة.,فتح الكيس، فرده داخل السلة، تثبيت حوافه.,استخدم أكياسًا بحجم مناسب لسلة المطبخ.,المساعدة في الفرد، الفرد بمفرده، التثبيت أيضًا.,يفرد الكيس بثبات دون انزلاقه.,السلة جاهزة من جديد لاستخدام يومي نظيف.,أكياس بحجم مناسب للسلة.,معتمد مبدئيًا,Pasted text (3)(2).txt
FOOD-052-CARD001,FOOD-052-OP001,ليشارك في مهمة بسيطة تترك المطبخ نظيفًا للجميع.,جهّز مكنسة بمقبض مناسب لطوله.,تحريك المكنسة بحركات منتظمة لجمع الفتات.,استخدم مكنسة خفيفة بمقبض قابل للتعديل.,المساعدة في الكنس، الكنس الجزئي، الكنس الكامل.,يكنس بحركة منتظمة دون توجيه متكرر.,الانتقال إلى تجهيز أدوات المسح.,مكنسة بمقبض قابل للتعديل.,معتمد مبدئيًا,Pasted text (3)(2).txt
FOOD-052-CARD002,FOOD-052-OP002,ليساهم في خطوة تحضيرية بسيطة قبل المسح النهائي.,جهّز الممسحة والدلو في متناول يده.,تعبئة الدلو بالماء، إضافة المنظف، تجهيز الممسحة.,استخدم دلوًا صغيرًا خفيفًا سهل الحمل.,المساعدة في التجهيز، التجهيز الجزئي، التجهيز الكامل.,يجهز الأدوات بنفس التسلسل في كل مرة.,الانتقال إلى مسح الأرضية بالممسحة وتجفيفها.,دلو صغير خفيف.,معتمد مبدئيًا,Pasted text (3)(2).txt
FOOD-052-CARD003,FOOD-052-OP003,ليختم مهمة تنظيف الأرضية برؤية مطبخ لامع ونظيف.,تأكد أن الممسحة بحجم مناسب لقوته.,تمرير الممسحة على الأرضية، تركها لتجف.,استخدم ممسحة خفيفة الوزن سهلة التحريك.,المساعدة في المسح، المسح الجزئي، المسح الكامل.,يمسح مساحة أكبر بثبات مع الوقت.,المطبخ نظيف وجاهز لاستخدام يومي جديد.,ممسحة خفيفة الوزن.,معتمد مبدئيًا,Pasted text (3)(2).txt
FOOD-053-CARD001,FOOD-053-OP001,ليشارك في خطوة بسيطة بعد الانتهاء من التقطيع.,جهّز ملعقة أو أداة كشط بسيطة.,كشط البقايا عن اللوح، وضعها في المهملات.,استخدم أداة كشط بمقبض عريض.,المساعدة في الكشط، الكشط الجزئي، الكشط الكامل.,يكشط بثبات دون ترك بقايا كثيرة.,الانتقال إلى غسل اللوح بالماء الساخن والصابون.,أداة كشط بمقبض عريض.,معتمد مبدئيًا,Pasted text (3)(2).txt
FOOD-053-CARD002,FOOD-053-OP002,ليمارس نشاطًا بسيطًا يحافظ على نظافة أداة يستخدمها الجميع.,جهّز إسفنجة وصابونًا مناسبًا.,فرك اللوح من الجهتين بالإسفنجة والصابون.,استخدم إسفنجة بمقبض مريح.,المساعدة في الفرك، الفرك الجزئي، الفرك الكامل.,يفرك اللوح من الجهتين دون توجيه متكرر.,الانتقال إلى تجفيف اللوح بمنشفة أو في الهواء.,إسفنجة بمقبض مريح.,معتمد مبدئيًا,Pasted text (3)(2).txt
FOOD-053-CARD003,FOOD-053-OP003,ليختم مهمة التنظيف برؤية اللوح جاهزًا للاستخدام من جديد.,جهّز منشفة جافة أو مكانًا للتجفيف بالهواء.,تجفيف اللوح بالمنشفة أو تركه منتصبًا ليجف.,خصص حاملًا صغيرًا لتجفيف اللوح بالهواء.,المساعدة في التجفيف، التجفيف بمفرده، وضعه في مكانه بعد الجفاف أيضًا.,يترك اللوح جافًا ومرتبًا في مكانه.,اللوح جاهز للاستخدام في تجهيز الوجبة القادمة.,حامل تجفيف صغير للوح.,معتمد مبدئيًا,Pasted text (3)(2).txt
FOOD-054-CARD001,FOOD-054-OP001,ليشارك في مهمة صيانة بسيطة تحت إشرافك الكامل لأسباب السلامة.,تأكد من إشرافك المباشر طوال هذه المهمة.,إمساك حجر الشحذ فقط بينما تتولى أنت تمرير السكين.,اقتصر دوره على تثبيت الأداة دون لمس السكين مباشرة.,المراقبة فقط، تثبيت حجر الشحذ بإشرافك، المشاركة المحدودة تحت إشرافك الكامل.,يلتزم بتعليمات السلامة دون لمس الجزء الحاد.,الانتقال إلى غسل السكين وتجفيفها بعد عملية الشحذ.,بطاقة تعليمات سلامة إلزامية.,معتمد مبدئيًا,Pasted text (3)(2).txt
FOOD-054-CARD002,FOOD-054-OP002,ليساهم بخطوة آمنة تكمل مهمة الصيانة.,تأكد من إشرافك المباشر عند التعامل مع السكين.,حمل مقبض السكين بحذر، غسله وتجفيفه تحت إشرافك.,اطلب منه الإمساك بالمقبض فقط بينما تتولى أنت النصل.,المراقبة فقط، المساعدة بالمقبض تحت إشرافك، تنفيذ محدود بإشراف كامل.,يلتزم بمسافة آمنة من النصل الحاد.,الانتقال إلى شد مقابض الأواني المتراخية.,بطاقة تعليمات سلامة إلزامية.,معتمد مبدئيًا,Pasted text (3)(2).txt
FOOD-054-CARD003,FOOD-054-OP003,ليساهم في مهمة صيانة بسيطة وآمنة نسبيًا.,جهّز مفك البراغي المناسب للمقبض.,إمساك المفك، إدارته لشد المسمار تحت إشرافك.,استخدم مفكًا بمقبض عريض سهل الإمساك.,المراقبة معك، المساعدة بالإدارة تحت إشرافك، الشد بإشراف مباشر.,يتحكم بحركة الإدارة بثبات متزايد.,الأدوات جاهزة وآمنة للاستخدام من جديد.,مفك براغي بمقبض عريض.,معتمد مبدئيًا,Pasted text (3)(2).txt
FOOD-055-CARD001,FOOD-055-OP001,ليشارك في مهمة تنظيم بسيطة تفيد مطبخ الأسرة.,جهّز الأكياس في متناول يده.,فتح كل كيس بحذر تحت إشرافك إن لزم قصّه.,اختر أكياسًا بفتحة سحب سهلة بدل التي تحتاج قصًا.,المساعدة في الفتح، الفتح بمفرده، فتح عدة أكياس.,يفتح الكيس بثبات دون تمزيقه بشكل عشوائي.,الانتقال إلى سكب المحتوى في البرطمانات المخصصة.,أكياس بفتحة سحب سهلة.,معتمد مبدئيًا,Pasted text (3)(2).txt
FOOD-055-CARD002,FOOD-055-OP002,ليمارس نشاطًا حسيًا ممتعًا بسكب الحبوب والبقوليات.,جهّز البرطمانات فارغة وواسعة الفتحة.,إمساك الكيس، سكب المحتوى في البرطمان.,استخدم قمعًا صغيرًا لتسهيل السكب دون انسكاب.,المساعدة في السكب، سكب برطمان واحد، سكب عدة برطمانات.,يتحكم بالسكب دون انسكاب زائد.,الانتقال إلى إغلاق البرطمانات ووضع ملصقات التسمية.,قمع صغير للسكب.,معتمد مبدئيًا,Pasted text (3)(2).txt
FOOD-055-CARD003,FOOD-055-OP003,ليختم المهمة برؤية برطمانات مرتبة وواضحة المحتوى.,جهّز الملصقات وقلمًا بجانب البرطمانات.,إغلاق كل برطمان، لصق ملصق يوضح المحتوى.,استخدم ملصقات جاهزة بصور المحتوى بدل الكتابة.,المساعدة في الإغلاق واللصق، تنفيذ خطوة واحدة بمفرده، تنفيذ المهمة كاملة.,يضع الملصق الصحيح على البرطمان المناسب.,البرطمانات جاهزة ومرتبة في خزانة المؤن.,ملصقات جاهزة بصور المحتوى.,معتمد مبدئيًا,Pasted text (3)(2).txt
FOOD-056-CARD001,FOOD-056-OP001,ليشارك في مهمة تنظيم كبيرة تحافظ على نظافة طعام الأسرة.,جهّز طاولة واسعة لوضع المحتويات مؤقتًا.,إخراج كل عنصر بدوره، وضعه على الطاولة.,اطلب منه إخراج رف واحد في كل مرة.,المساعدة في الإخراج، إخراج رف واحد، إخراج كل المحتويات.,يحمل العناصر بثبات دون إسقاطها.,الانتقال إلى مسح الأرفف والأدراج بفوطة التنظيف.,لا يتطلب أدوات دعم إضافية.,معتمد مبدئيًا,Pasted text (3)(2).txt
FOOD-056-CARD002,FOOD-056-OP002,ليمارس نشاطًا حركيًا ممتعًا ضمن مهمة عائلية كبيرة.,جهّز فوطة نظيفة ومنظفًا لطيفًا.,مسح كل رف أو درج بحركات منتظمة.,خصص فوطة بمقبض أو حجم يناسب يده.,المساعدة في المسح، مسح رف واحد، مسح كل الأرفف.,يترك كل رف نظيفًا دون بقع ظاهرة.,الانتقال إلى إعادة ترتيب المحتويات بشكل منظم.,فوطة تنظيف مخصصة.,معتمد مبدئيًا,Pasted text (3)(2).txt
FOOD-056-CARD003,FOOD-056-OP003,ليختم المهمة برؤية ثلاجة نظيفة ومرتبة من جديد.,حدد فئات بسيطة للترتيب (ألبان/خضار/معلبات).,إعادة كل عنصر لمكانه المناسب حسب الفئة.,ضع ملصقات بسيطة على الأرفف لكل فئة.,المساعدة في الترتيب، ترتيب فئة واحدة، ترتيب كل الفئات.,يضع العناصر في فئتها الصحيحة دون توجيه متكرر.,الثلاجة نظيفة ومرتبة وجاهزة لتجهيز وجبة قادمة.,ملصقات فئات على الأرفف.,معتمد مبدئيًا,Pasted text (3)(2).txt
FOOD-057-CARD001,FOOD-057-OP001,ليساهم في دعم فرد من الأسرة خلال فترة مهمة له.,جهّز المكسرات أو الفواكه المقطعة مسبقًا.,وضع المكونات في طبق، ترتيبها بشكل بسيط.,استخدم أطباقًا صغيرة سهلة الترتيب.,المساعدة في الترتيب، الترتيب الجزئي، الترتيب الكامل.,يرتب المكونات بثبات دون تكديس عشوائي.,الانتقال إلى تحضير المشروب الداعم للتركيز.,لا يتطلب أدوات دعم إضافية.,معتمد مبدئيًا,Pasted text (3)(2).txt
FOOD-057-CARD002,FOOD-057-OP002,ليشارك في تجهيز شيء مفيد لأخيه أو أحد أفراد أسرته.,جهّز المكونات (ماء/عصير/أعشاب) في متناول يده.,سكب المكونات في الكوب، تحريكها برفق.,استخدم عبوة سكب صغيرة سهلة التحكم.,المساعدة في التحضير، السكب بمفرده، التحضير الكامل.,يتحكم بالسكب والتحريك دون انسكاب.,الانتقال إلى تقديم الوجبة في مساحة الدراسة.,عبوة سكب صغيرة.,معتمد مبدئيًا,Pasted text (3)(2).txt
FOOD-057-CARD003,FOOD-057-OP003,ليعيش لحظة دعم واهتمام تجاه فرد من أسرته يذاكر بجد.,تأكد أن الطبق والكوب ليسا ثقيلين لحملهما معًا.,حمل الطبق والكوب، نقلهما لمساحة الدراسة، وضعهما بهدوء.,استخدم صينية واحدة لنقل العناصر معًا.,المساعدة في الحمل، الحمل بمفرده، التقديم الكامل بهدوء.,يتحرك بهدوء مراعيًا حاجة أخيه للتركيز.,الخروج بهدوء من مساحة الدراسة بعد التقديم.,صينية نقل مخصصة.,معتمد مبدئيًا,Pasted text (3)(2).txt
FOOD-058-CARD001,FOOD-058-OP001,ليشارك في تجهيز مشروب هادئ يسبق لحظة النوم.,جهّز الحليب في عبوة سهلة السكب.,إمساك العبوة، سكب الحليب في الوعاء.,استخدم عبوة خفيفة ذات فتحة سكب محكومة.,المساعدة في السكب، السكب بمفرده، اختيار كمية الحليب أيضًا.,يتحكم بالسكب دون انسكاب زائد.,الانتقال إلى متابعة التسخين.,عبوة سكب محكومة الفتحة.,معتمد مبدئيًا,Pasted text (3)(2).txt
FOOD-058-CARD002,FOOD-058-OP002,ليشارك في متابعة هادئة ضمن روتين ما قبل النوم.,ابقَ بجانبه للإشراف بسبب الحرارة.,النظر للوعاء، إخبارك عندما يبدأ الحليب بالسخونة.,اجلسه على مسافة آمنة يمكنه منها الرؤية دون الاقتراب.,المراقبة معك، الملاحظة والإخبار، تنبيهك عند ملاحظة أول فقاعات.,يلاحظ التغيّر ويخبرك به بثقة.,الانتقال إلى سكب المشروب في الكوب وتقديمه.,لا يتطلب أدوات دعم إضافية.,معتمد مبدئيًا,Pasted text (3)(2).txt
FOOD-058-CARD003,FOOD-058-OP003,ليختم روتين المساء الهادئ بلحظة تقديم مريحة.,تأكد أن المشروب دافئ وليس ساخنًا جدًا.,سكب المشروب في الكوب، تقديمه لصاحبه.,استخدم كوبًا بمقبض عريض سهل الإمساك.,المساعدة في السكب، السكب بمفرده، التقديم الكامل.,يحمل الكوب بثبات ويقدّمه بهدوء.,لحظة هادئة تمهّد لروتين النوم.,كوب بمقبض عريض.,معتمد مبدئيًا,Pasted text (3)(2).txt
FOOD-059-CARD001,FOOD-059-OP001,ليبدأ نشاطًا حسيًا ممتعًا بلمس ثمار طازجة.,جهّز الفاكهة في وعاء بجانب الحوض.,غسل كل ثمرة، تقشيرها إن لزم بأداة آمنة.,ابدأ بفاكهة لا تحتاج تقشيرًا مثل العنب.,المساعدة في الغسل، الغسل بمفرده، التقشير تحت إشرافك.,يتعامل مع الثمار برفق دون سحقها.,الانتقال إلى تقطيع الفاكهة إلى شرائح.,أداة تقشير آمنة مخصصة.,معتمد مبدئيًا,Pasted text (3)(2).txt
FOOD-059-CARD002,FOOD-059-OP002,ليساهم بيديه في تجهيز طبق فاكهة يتشاركه مع أسرته.,جهّز أداة تقطيع آمنة تحت إشرافك.,وضع الفاكهة على اللوح، تقطيعها لشرائح بحذر.,ابدأ بفاكهة طرية سهلة التقطيع كالموز.,المراقبة معك، المساعدة بيد واحدة، التقطيع تحت إشرافك المباشر.,يمسك الأداة بثبات متزايد.,الانتقال إلى تنسيق الشرائح في طبق التقديم.,أداة تقطيع آمنة مخصصة.,معتمد مبدئيًا,Pasted text (3)(2).txt
FOOD-059-CARD003,FOOD-059-OP003,ليعبّر عن لمسته الإبداعية في تقديم الفاكهة بشكل جذاب.,جهّز طبق تقديم واسعًا ونظيفًا.,ترتيب الشرائح على الطبق بالشكل الذي يفضله.,اقترح عليه نمط ترتيب بسيط واحد يكرره.,المساعدة في الترتيب، الترتيب الجزئي، الترتيب الكامل بإبداعه.,يضيف لمسته الخاصة بثقة دون تردد.,تقديم طبق الفاكهة الذي جهّزه بنفسه للأسرة.,لا يتطلب أدوات دعم إضافية.,معتمد مبدئيًا,Pasted text (3)(2).txt
FOOD-060-CARD001,FOOD-060-OP001,ليتواصل مع تراث أسرته من خلال المشاركة في تجهيز طعام مميز.,جهّز المكونات التقليدية جاهزة على الطاولة.,المساعدة في تجهيز كل صنف حسب طبيعته.,اختر له خطوة بسيطة واحدة من الوصفة يكررها.,المراقبة معك، المساعدة في خطوة واحدة، المساهمة في أكثر من خطوة.,يتعرف على أصناف الفطور التقليدي المعتادة.,الانتقال إلى تجهيز صحون التقديم التقليدية.,لا يتطلب أدوات دعم إضافية.,معتمد مبدئيًا,Pasted text (3)(2).txt
FOOD-060-CARD002,FOOD-060-OP002,ليشارك في إضفاء الطابع المميز على مائدة الفطور.,حدد الصحون التقليدية المستخدمة عادة.,إحضار الصحون، وضعها على المائدة.,استخدم صحونًا خفيفة سهلة الحمل.,المساعدة في الإحضار، إحضار صحن واحد، تجهيز كل الصحون.,يميّز الصحون التقليدية عن الصحون المعتادة.,الانتقال إلى ترتيب المائدة بطابع تراثي أو تقليدي.,لا يتطلب أدوات دعم إضافية.,معتمد مبدئيًا,Pasted text (3)(2).txt
FOOD-060-CARD003,FOOD-060-OP003,ليختم مساهمته برؤية مائدة تحمل طابع أسرته الخاص.,جهّز عناصر الطابع التراثي (مفرش/أواني) في مكان قريب.,ترتيب المفرش والأواني والصحون بشكل نهائي.,اعرض عليه صورة للترتيب النهائي المعتاد كمرجع بصري.,المساعدة في الترتيب، الترتيب الجزئي، الترتيب الكامل.,يرتب المائدة بنفس الطابع المعتاد بثقة متزايدة.,الجلوس معًا للاستمتاع بفطور تقليدي شارك في تجهيزه.,صورة مرجعية للترتيب النهائي.,معتمد مبدئيًا,Pasted text (3)(2).txt
FOOD-061-CARD001,FOOD-061-OP001,ليشارك في مهمة بسيطة تحافظ على طعام الأسرة بعد الوجبة.,جهّز صحونًا صغيرة فارغة بجانب المائدة.,نقل الطعام المتبقي من الطبق الكبير إلى صحن أصغر.,استخدم ملعقة تعبئة كبيرة لتقليل عدد الحركات.,المساعدة في النقل، نقل صنف واحد، نقل كل الأصناف المتبقية.,يتحكم بالنقل دون سكب زائد.,الانتقال إلى تغطية الصحون بالبلاستيك الشفاف أو الأغطية الخاصة.,ملعقة تعبئة كبيرة.,معتمد مبدئيًا,Pasted text (3)(2).txt
FOOD-061-CARD002,FOOD-061-OP002,ليتقن خطوة عملية بسيطة تحافظ على نضارة الطعام.,جهّز الأغطية أو رول البلاستيك في متناول يده.,تغطية كل صحن بإحكام.,استخدم أغطية سيليكون جاهزة بدل رول البلاستيك.,المساعدة في التغطية، تغطية صحن واحد، تغطية كل الصحون.,يغطي الصحن بإحكام كافٍ دون فتحات.,الانتقال إلى نقل الأطباق لمكان الحفظ.,أغطية سيليكون جاهزة الاستخدام.,معتمد مبدئيًا,Pasted text (3)(2).txt
FOOD-061-CARD003,FOOD-061-OP003,ليختم المهمة برؤية الطعام محفوظًا وجاهزًا لوقت لاحق.,أفسح مساحة واضحة في الثلاجة.,حمل كل صحن، نقله ووضعه في الثلاجة.,خصص رفًا ثابتًا للأطباق المتبقية.,المساعدة في النقل، نقل صحن واحد، نقل كل الصحون.,يحمل الصحون بثبات دون انسكاب.,الانتقال لاحقًا إلى استخدام بقايا الطعام عند الحاجة.,رف ثابت مخصص.,معتمد مبدئيًا,Pasted text (3)(2).txt
FOOD-062-CARD001,FOOD-062-OP001,ليشارك في مهمة مسؤولية بسيطة تحافظ على أمان المنزل.,اشرح له طريقة النظر للمقبض للتأكد من إغلاقه.,النظر لكل مقبض، إخبارك إن كان مغلقًا أو لا.,"استخدم علامة بصرية على الموقد تدل على وضع ""مغلق"".",المراقبة معك، الفحص والإخبار، الفحص بمفرده مع تأكيدك النهائي.,يفحص المقابض بثبات ويخبرك بدقة.,الانتقال إلى فصل قوابس الأجهزة الكهربائية الصغيرة.,علامة بصرية على وضع الإغلاق.,معتمد مبدئيًا,Pasted text (3)(2).txt
FOOD-062-CARD002,FOOD-062-OP002,ليكمل روتين الأمان بخطوة بسيطة قبل مغادرة المطبخ.,حدد معه الأجهزة التي تحتاج فصلًا بعد الاستخدام.,الإمساك بالقابس، سحبه برفق من المقبس.,استخدم مقابس بمفتاح تشغيل خارجي لتسهيل الفصل.,المساعدة في الفصل، فصل جهاز واحد، فصل كل الأجهزة المستخدمة.,يتذكر فصل الأجهزة بعد الاستخدام دون تذكير.,المطبخ آمن ومستعد لإغلاق اليوم بثقة.,مقابس بمفتاح تشغيل خارجي.,معتمد مبدئيًا,Pasted text (3)(2).txt
FOOD-063-CARD001,FOOD-063-OP001,ليتعلّم أهمية التحقق من السلامة قبل بدء التنظيف.,أشرف مباشرة عليه أثناء هذه الخطوة.,النظر أو الإشارة للتأكد من عدم وجود حرارة ظاهرة.,انتظر معه فترة كافية قبل البدء بالتنظيف.,المراقبة معك، الإشارة للتأكد، السؤال عن الأمان بنفسه.,يسأل عن الأمان قبل البدء دون تذكير.,الانتقال إلى مسح سطح الموقد من بقع الطعام المنسكبة.,لا يتطلب أدوات دعم إضافية.,معتمد مبدئيًا,Pasted text (3)(2).txt
FOOD-063-CARD002,FOOD-063-OP002,ليشارك في مهمة بسيطة تترك المطبخ نظيفًا للجميع.,جهّز قطعة قماش ومنظفًا لطيفًا.,رش المنظف، مسح السطح بحركات منتظمة.,خصص قطعة قماش بلون مميز لهذه المهمة.,المساعدة في المسح، المسح الجزئي، المسح الكامل.,يترك السطح نظيفًا دون بقع ظاهرة.,الانتقال إلى غسل حوامل العيون.,قطعة قماش مخصصة.,معتمد مبدئيًا,Pasted text (3)(2).txt
FOOD-063-CARD003,FOOD-063-OP003,ليختم تنظيف الموقد بجزء ملموس يراه نظيفًا بنفسه.,تأكد أن الحوامل باردة تمامًا قبل الرفع.,رفع كل حامل بحذر، غسله بالإسفنجة والصابون، إعادته.,اطلب منه غسل حامل واحد في كل مرة.,المساعدة في الغسل، غسل حامل واحد، غسل كل الحوامل.,يحمل الحوامل بثبات ويعيدها لمكانها الصحيح.,الموقد نظيف وجاهز للاستخدام من جديد.,إسفنجة بمقبض مريح.,معتمد مبدئيًا,Pasted text (3)(2).txt
FOOD-064-CARD001,FOOD-064-OP001,ليشارك في خطوة بسيطة تكمل مهمة غسل الأطباق.,جهّز منشفة جافة نظيفة.,حمل الطبق، مسحه بالمنشفة حتى يجف.,استخدم منشفة كبيرة تمتص الماء بسرعة.,المساعدة في التجفيف، تجفيف طبق واحد، تجفيف عدة أطباق.,يترك الطبق جافًا تمامًا دون بلل متبقٍّ.,الانتقال إلى فرز الصحون والأكواب.,منشفة تجفيف كبيرة.,معتمد مبدئيًا,Pasted text (3)(2).txt
FOOD-064-CARD002,FOOD-064-OP002,ليمارس مهارة تصنيف بسيطة وممتعة ضمن مهمة يومية.,جهّز مساحة واضحة على الطاولة للفرز.,فصل الصحون عن الأكواب، تجميع كل نوع معًا.,استخدم أماكن ثابتة على الطاولة لكل نوع.,المساعدة في الفرز، فرز نوع واحد، فرز كل الأنواع.,يميّز بين الأنواع بدقة متزايدة.,الانتقال إلى إعادة الأكواب والأطباق لأماكنها في الخزائن.,مساحة فرز ثابتة على الطاولة.,معتمد مبدئيًا,Pasted text (3)(2).txt
FOOD-064-CARD003,FOOD-064-OP003,ليختم المهمة برؤية المطبخ مرتبًا من جديد.,تأكد أن الخزانة في متناول يده أو استخدم مرتفعًا آمنًا.,حمل كل قطعة، فتح الخزانة، وضعها في مكانها.,خصص رفًا منخفضًا للأطباق والأكواب المستخدمة يوميًا.,المساعدة في الإعادة، إعادة قطعة واحدة، إعادة كل القطع.,يعرف مكان كل قطعة دون تذكير.,المطبخ جاهز تمامًا لوجبة قادمة.,رف منخفض ثابت المكان.,معتمد مبدئيًا,Pasted text (3)(2).txt
FOOD-065-CARD001,FOOD-065-OP001,ليشارك في مهمة نظافة بسيطة ومتكررة في المطبخ.,حدد أماكن المناشف المعلّقة في المطبخ.,جمع كل منشفة من مكانها.,اطلب منه جمع منشفة واحدة في كل مرة.,المساعدة في الجمع، جمع منشفة واحدة، جمع كل المناشف.,يتعرف على أماكن المناشف المعتادة دون تذكير.,الانتقال إلى وضعها في سلة الغسيل.,لا يتطلب أدوات دعم إضافية.,معتمد مبدئيًا,Pasted text (3)(2).txt
FOOD-065-CARD002,FOOD-065-OP002,ليكمل الخطوة العملية بنقل المناشف لمكانها الصحيح.,حدد سلة الغسيل المخصصة للمطبخ.,حمل المناشف، وضعها في السلة.,خصص سلة صغيرة قريبة من المطبخ لهذه المهمة.,المساعدة في الوضع، الوضع بمفرده، نقل السلة للغسيل أيضًا.,يضع المناشف في السلة الصحيحة دون تذكير.,الانتقال إلى إخراج مناشف نظيفة وتوزيعها في أماكنها.,سلة غسيل مخصصة للمطبخ.,معتمد مبدئيًا,Pasted text (3)(2).txt
FOOD-065-CARD003,FOOD-065-OP003,ليختم المهمة برؤية المطبخ مجهزًا بمناشف نظيفة من جديد.,حدد مكان تخزين المناشف النظيفة.,إحضار المناشف النظيفة، تعليقها في أماكنها المعتادة.,استخدم خطافات ثابتة لكل منشفة في مكانها.,المساعدة في التوزيع، توزيع منشفة واحدة، توزيع كل المناشف.,يعلّق كل منشفة في مكانها الصحيح دون تذكير.,المطبخ جاهز بمناشف نظيفة للاستخدام اليومي.,خطافات ثابتة لكل منشفة.,معتمد مبدئيًا,Pasted text (3)(2).txt
FOOD-066-CARD001,FOOD-066-OP001,ليشعر بمسؤولية العناية بأدوات أخيه الصغير.,جهّز الزجاجة على الطاولة أمامه.,فك الحلمة والغطاء عن جسم الزجاجة.,استخدم زجاجة بأجزاء سهلة الفك بلا تعقيد.,المساعدة في الفك، فك جزء واحد، فك كل الأجزاء.,يفك الأجزاء بثبات دون كسرها.,الانتقال إلى غسل الأجزاء بفرشاة التنظيف الخاصة.,لا يتطلب أدوات دعم إضافية.,معتمد مبدئيًا,Pasted text (3)(2).txt
FOOD-066-CARD002,FOOD-066-OP002,ليساهم بيديه في مهمة تحافظ على صحة أخيه الرضيع.,جهّز فرشاة زجاجات وصابونًا مخصصًا للرضع.,فرك كل جزء بالفرشاة والصابون.,استخدم فرشاة بمقبض عريض سهل الإمساك.,المساعدة في الفرك، فرك جزء واحد، فرك كل الأجزاء.,يفرك بعناية دون استعجال.,الانتقال إلى وضع الأجزاء في جهاز التعقيم أو الماء المغلي.,فرشاة زجاجات بمقبض عريض.,معتمد مبدئيًا,Pasted text (3)(2).txt
FOOD-066-CARD003,FOOD-066-OP003,ليكمل روتين العناية بأدوات أخيه تحت إشرافك المباشر.,تأكد من إشرافك الكامل بسبب الحرارة.,وضع الأجزاء في الجهاز أو السلة تحت إشرافك.,اقتصر دوره على وضع الأجزاء فقط دون التعامل مع الماء الساخن مباشرة.,المراقبة معك، وضع جزء واحد بإشرافك، وضع كل الأجزاء بإشراف مباشر.,يلتزم بمسافة آمنة من مصدر الحرارة.,زجاجات أخيه جاهزة ونظيفة للاستخدام القادم.,بطاقة تعليمات سلامة إلزامية.,معتمد مبدئيًا,Pasted text (3)(2).txt
FOOD-067-CARD001,FOOD-067-OP001,ليساهم في العناية بمكان طعام أخيه الصغير.,جهّز قطعة قماش نظيفة.,مسح الصينية بحركات منتظمة.,خصص قطعة قماش بلون مميز لهذه المهمة.,المساعدة في المسح، المسح الجزئي، المسح الكامل.,يترك الصينية نظيفة دون بقايا ظاهرة.,الانتقال إلى تنظيف مقعد الكرسي.,قطعة قماش مخصصة.,معتمد مبدئيًا,Pasted text (3)(2).txt
FOOD-067-CARD002,FOOD-067-OP002,ليكمل مهمة العناية بمكان أخيه الصغير.,جهّز قطعة قماش ومنظفًا لطيفًا آمنًا.,مسح المقعد والأحزمة بحركات منتظمة.,استخدم مناديل مبللة جاهزة بدل الرش المباشر.,المساعدة في المسح، المسح الجزئي، المسح الكامل.,يترك المقعد نظيفًا دون بقع ظاهرة.,الانتقال إلى كنس الأرضية المحيطة بالكرسي.,مناديل تنظيف جاهزة.,معتمد مبدئيًا,Pasted text (3)(2).txt
FOOD-067-CARD003,FOOD-067-OP003,ليختم المهمة بترك المكان مرتبًا بالكامل.,جهّز مكنسة صغيرة أو مكنسة يدوية.,كنس الفتات المتساقط حول الكرسي.,استخدم مكنسة يدوية صغيرة سهلة الاستخدام.,المساعدة في الكنس، الكنس الجزئي، الكنس الكامل.,يكنس المساحة المحيطة بثبات دون تذكير.,مكان أخيه الصغير نظيف وجاهز لوجبته القادمة.,مكنسة يدوية صغيرة.,معتمد مبدئيًا,Pasted text (3)(2).txt
FOOD-068-CARD001,FOOD-068-OP001,ليشارك في مهمة بسيطة تحافظ على مجرى المطبخ نظيفًا.,جهّز قفازًا خفيفًا إن رغب في استخدامه.,رفع المصفاة، إزالة العوالق، التخلص منها.,استخدم ملقطًا صغيرًا لتجنب اللمس المباشر إن رغب.,المراقبة معك، المساعدة في الإزالة، الإزالة بمفرده.,ينفذ الخطوة دون تردد أو انزعاج كبير.,الانتقال إلى سكب مواد التنظيف المخصصة للمجاري.,ملقط صغير اختياري.,معتمد مبدئيًا,Pasted text (3)(2).txt
FOOD-068-CARD002,FOOD-068-OP002,ليشارك في خطوة بسيطة تحت إشرافك المباشر لأسباب السلامة.,تأكد من إشرافك الكامل عند التعامل مع مواد التنظيف.,إمساك العبوة معك، سكب الكمية المحددة تحت إشرافك.,اقتصر دوره على الإمساك بالعبوة فقط بينما تتولى أنت السكب.,المراقبة فقط، الإمساك بالعبوة بإشرافك، المشاركة المحدودة بإشراف كامل.,يلتزم بتعليمات السلامة دون لمس المادة مباشرة.,الانتقال إلى سكب الماء الساخن لتسليك المجرى.,بطاقة تعليمات سلامة إلزامية.,معتمد مبدئيًا,Pasted text (3)(2).txt
FOOD-068-CARD003,FOOD-068-OP003,ليختم المهمة بخطوة أخيرة تحت إشرافك المباشر.,تأكد من إشرافك الكامل بسبب حرارة الماء.,إمساك الإبريق معك، سكب الماء بحذر تحت إشرافك.,اقتصر دوره على الإمساك بالإبريق من المقبس البارد فقط.,المراقبة فقط، المساعدة في الإمساك بإشرافك، المشاركة المحدودة بإشراف كامل.,يلتزم بمسافة آمنة من الماء الساخن.,البالوعة نظيفة وتعمل بشكل جيد من جديد.,بطاقة تعليمات سلامة إلزامية.,معتمد مبدئيًا,Pasted text (3)(2).txt
FOOD-069-CARD001,FOOD-069-OP001,ليشارك في مهمة تنظيف بسيطة تحت إشرافك.,تأكد أن المنظف آمن للاستخدام معه.,إمساك عبوة الرش، رش الجوانب برفق.,استخدم منظفًا برذاذ خفيف سهل الضغط.,المراقبة معك، الرش تحت إشرافك، الرش بمفرده بمنظف آمن.,يتحكم بجرعة الرش دون إفراط.,الانتقال إلى مسح الأسطح بإسفنجة خشنة.,منظف آمن برذاذ خفيف.,معتمد مبدئيًا,Pasted text (3)(2).txt
FOOD-069-CARD002,FOOD-069-OP002,ليمارس نشاطًا حركيًا ممتعًا ضمن مهمة عائلية.,جهّز إسفنجة خشنة مناسبة.,فرك الأسطح بحركات دائرية لإزالة الدهون.,استخدم إسفنجة بمقبض مريح.,المساعدة في الفرك، الفرك الجزئي، الفرك الكامل.,يفرك بثبات دون توجيه متكرر.,الانتقال إلى تلميع الأسطح بفوطة جافة.,إسفنجة بمقبض مريح.,معتمد مبدئيًا,Pasted text (3)(2).txt
FOOD-069-CARD003,FOOD-069-OP003,ليختم مهمة التنظيف برؤية سطح لامع ونظيف.,جهّز فوطة جافة نظيفة.,تمرير الفوطة على الأسطح حتى تلمع.,خصص فوطة صغيرة بلون مميز لهذه المهمة.,المساعدة في التلميع، التلميع الجزئي، التلميع الكامل.,يترك السطح لامعًا دون بقع متبقية.,الموقد والشفاط نظيفان وجاهزان للاستخدام من جديد.,فوطة تلميع مخصصة.,معتمد مبدئيًا,Pasted text (3)(2).txt
FOOD-070-CARD001,FOOD-070-OP001,ليشارك في مهمة بسيطة وآمنة نسبيًا.,جهّز الفوطة والمنظف اللطيف.,رش قليل من المنظف على الفوطة مباشرة.,استخدم منظفًا برذاذ خفيف سهل الضغط.,المساعدة في الرش، الرش بمفرده، اختيار الكمية المناسبة أيضًا.,يتحكم بجرعة الرش دون إفراط.,الانتقال إلى مسح مقابض الثلاجة بالكامل.,منظف آمن برذاذ خفيف.,معتمد مبدئيًا,Pasted text (3)(2).txt
FOOD-070-CARD002,FOOD-070-OP002,ليساهم في مهمة يومية بسيطة تفيد كل أفراد الأسرة.,تأكد من إمساكه بالفوطة بثبات.,تمرير الفوطة على المقابض بحركات منتظمة.,اطلب منه مسح مقبض واحد في كل مرة.,المساعدة في المسح، مسح مقبض واحد، مسح كل المقابض.,يترك المقابض نظيفة دون بقع ظاهرة.,الانتقال إلى مسح واجهة الثلاجة للتخلص من البصمات.,لا يتطلب أدوات دعم إضافية.,معتمد مبدئيًا,Pasted text (3)(2).txt
FOOD-070-CARD003,FOOD-070-OP003,ليختم المهمة برؤية ثلاجة لامعة ونظيفة تمامًا.,جهّز فوطة جافة إضافية للتلميع النهائي.,تمرير الفوطة على الواجهة بحركات منتظمة.,استخدم فوطة كبيرة تغطي مساحة أوسع بسرعة.,المساعدة في المسح، المسح الجزئي، المسح الكامل.,يترك الواجهة لامعة دون بصمات ظاهرة.,الثلاجة نظيفة ولامعة كما وجدها الجميع.,فوطة تلميع جافة.,معتمد مبدئيًا,Pasted text (3)(2).txt
FOOD-071-CARD001,FOOD-071-OP001,ليشارك في مهمة نظافة مهمة تحافظ على سلامة الأسرة.,جهّز ملعقة أو أداة كشط بسيطة.,كشط البقايا عن السطح، وضعها في المهملات.,استخدم أداة كشط بمقبض عريض.,المساعدة في الإزالة، الإزالة الجزئية، الإزالة الكاملة.,يزيل البقايا بثبات دون ترك أثر كبير.,الانتقال إلى مسح السطح بالماء الساخن والصابون.,أداة كشط بمقبض عريض.,معتمد مبدئيًا,Pasted text (3)(2).txt
FOOD-071-CARD002,FOOD-071-OP002,ليساهم في مهمة نظافة مهمة بعد التعامل مع اللحوم.,جهّز إسفنجة وصابونًا مناسبًا.,فرك السطح بحركات دائرية بالماء والصابون.,استخدم إسفنجة بمقبض مريح.,المساعدة في الفرك، الفرك الجزئي، الفرك الكامل.,يفرك السطح بالكامل دون توجيه متكرر.,الانتقال إلى رش معقم الأسطح ومسحه.,إسفنجة بمقبض مريح.,معتمد مبدئيًا,Pasted text (3)(2).txt
FOOD-071-CARD003,FOOD-071-OP003,ليختم مهمة التنظيف بخطوة تعقيم مهمة تحت إشرافك.,تأكد أن المعقم آمن للاستخدام معه.,رش المعقم، مسحه بفوطة نظيفة.,استخدم معقمًا برذاذ خفيف سهل الضغط.,المراقبة معك، الرش تحت إشرافك، المسح بمفرده بعد الرش.,يترك السطح نظيفًا ومعقّمًا بثقة.,الرخامة نظيفة وآمنة لتجهيز طعام جديد.,معقم أسطح آمن برذاذ خفيف.,معتمد مبدئيًا,Pasted text (3)(2).txt
FOOD-072-CARD001,FOOD-072-OP001,ليمارس خطوة أمان بسيطة تحمي صحته وصحة أسرته.,جهّز الصابون في متناول يده عند الحوض.,فتح الماء، وضع الصابون، فرك اليدين.,استخدم صابونًا سائلًا بمضخة سهلة الضغط.,المساعدة في الغسل، الغسل بمفرده، تحديد مدة الغسل الكافية أيضًا.,يغسل يديه بثبات دون تذكير متكرر.,الانتقال إلى فرك الأصابع جيداً.,صابون سائل بمضخة سهلة.,معتمد مبدئيًا,Pasted text (3)(2).txt
FOOD-072-CARD002,FOOD-072-OP002,ليتقن خطوة دقيقة تضمن نظافة كاملة ليديه.,أرِه طريقة الفرك بين الأصابع مرة واحدة كمثال.,فرك ما بين الأصابع وحول الأظافر برفق.,اجعلها لعبة بسيطة بعدّ الثواني معًا أثناء الفرك.,المساعدة في الفرك، الفرك بمفرده، الفرك الكامل لكل الأجزاء.,يفرك بين الأصابع دون تذكير.,الانتقال إلى تجفيف اليدين بمنشفة نظيفة.,لا يتطلب أدوات دعم إضافية.,معتمد مبدئيًا,Pasted text (3)(2).txt
FOOD-072-CARD003,FOOD-072-OP003,ليختم روتين النظافة بخطوة أخيرة بسيطة.,جهّز منشفة نظيفة قريبة من الحوض.,أخذ المنشفة، تجفيف اليدين جيدًا.,خصص منشفة صغيرة معلّقة في متناول يده دائمًا.,المساعدة في التجفيف، التجفيف بمفرده، إعادة تعليق المنشفة أيضًا.,يجفف يديه بالكامل دون تذكير.,يداه نظيفتان وجاهزتان لمتابعة تجهيز الطعام.,منشفة معلّقة ثابتة المكان.,معتمد مبدئيًا,Pasted text (3)(2).txt
FOOD-073-CARD001,FOOD-073-OP001,ليشعر بمسؤولية العناية بأدوات أخيه الصغير.,حدد معه أدوات الطفل بعلامة أو لون مميز.,فرز أدوات الطفل، وضعها جانبًا.,استخدم أطباقًا وملاعق بلون مميز لأدوات الطفل.,المساعدة في الفرز، الفرز بمفرده، الفرز الكامل لكل الأدوات.,يميّز أدوات الطفل بثقة من لونها أو شكلها.,الانتقال إلى غسلها بصابون الأطباق المخصص.,أدوات بلون مميز للطفل.,معتمد مبدئيًا,Pasted text (3)(2).txt
FOOD-073-CARD002,FOOD-073-OP002,ليساهم بيديه في مهمة تحافظ على صحة أخيه الصغير.,جهّز صابونًا لطيفًا مخصصًا لأدوات الأطفال.,فرك كل قطعة بالإسفنجة والصابون، شطفها.,استخدم إسفنجة صغيرة مخصصة لأدوات الطفل فقط.,المساعدة في الغسل، غسل قطعة واحدة، غسل كل الأدوات.,يفرك بعناية أكبر لأنها أدوات أخيه.,الانتقال إلى وضعها في رف التجفيف الخاص بها.,إسفنجة مخصصة لأدوات الطفل.,معتمد مبدئيًا,Pasted text (3)(2).txt
FOOD-073-CARD003,FOOD-073-OP003,ليختم المهمة برؤية أدوات أخيه نظيفة وجاهزة.,جهّز رفًا صغيرًا مخصصًا لأدوات الطفل.,حمل كل قطعة، وضعها في الرف المخصص.,خصص رفًا بلون مميز مطابق لأدوات الطفل.,المساعدة في الوضع، وضع قطعة واحدة، ترتيب كل الأدوات.,يرتب الأدوات في رفها الصحيح دون خلط.,أدوات أخيه جاهزة ونظيفة لوجبته القادمة.,رف تجفيف مخصص لأدوات الطفل.,معتمد مبدئيًا,Pasted text (3)(2).txt
FOOD-074-CARD001,FOOD-074-OP001,ليشارك في مهمة تنظيم بسيطة تحافظ على نضارة الخضار.,جهّز طاولة أو مكانًا لوضع المحتويات مؤقتًا.,إخراج كل خضار من السلة بدوره.,اطلب منه إخراج نوع واحد في كل مرة.,المساعدة في الإفراغ، الإفراغ الجزئي، الإفراغ الكامل.,يحمل الخضار بثبات دون سقوطها.,الانتقال إلى التخلص من الأوراق الجافة والقشور.,لا يتطلب أدوات دعم إضافية.,معتمد مبدئيًا,Pasted text (3)(2).txt
FOOD-074-CARD002,FOOD-074-OP002,ليشارك في قرار بسيط حول ما يبقى وما يُستبعد.,جهّز كيس مهملات صغير قريب.,فحص كل قطعة، إزالة الأوراق الجافة، التخلص منها.,استخدم كيسًا واحدًا مخصصًا لهذه المهمة فقط.,المساعدة في التخلص، التخلص الجزئي، التخلص الكامل.,يميّز الأوراق الجافة بثقة متزايدة.,الانتقال إلى مسح قاع السلة وإعادة الخضار السليمة.,كيس مهملات صغير مخصص.,معتمد مبدئيًا,Pasted text (3)(2).txt
FOOD-074-CARD003,FOOD-074-OP003,ليختم المهمة برؤية سلة نظيفة ومرتبة من جديد.,جهّز قطعة قماش نظيفة لمسح القاع.,مسح قاع السلة، إعادة الخضار السليمة بترتيب.,خصص قطعة قماش صغيرة بلون مميز لهذه المهمة.,المساعدة في المسح والإعادة، تنفيذ خطوة واحدة، تنفيذ المهمة كاملة.,يرتب الخضار في السلة بثبات ونظام.,سلة الخضار جاهزة ونظيفة للاستخدام اليومي.,قطعة قماش مخصصة.,معتمد مبدئيًا,Pasted text (3)(2).txt
FOOD-075-CARD001,FOOD-075-OP001,ليشارك في مهمة تنظيم بسيطة تحافظ على خزانة مرتبة.,أفسح مساحة على الطاولة لوضع البرطمانات مؤقتًا.,إخراج كل برطمان بحذر، وضعه على الطاولة.,اطلب منه إخراج برطمان واحد في كل مرة.,المساعدة في الإخراج، إخراج برطمان واحد، إخراج كل البرطمانات.,يحمل البرطمانات بثبات دون إسقاطها.,الانتقال إلى مسح المسحوق المتسرب بقطعة قماش مبللة.,لا يتطلب أدوات دعم إضافية.,معتمد مبدئيًا,Pasted text (3)(2).txt
FOOD-075-CARD002,FOOD-075-OP002,ليمارس نشاطًا حركيًا بسيطًا ضمن مهمة عائلية.,جهّز قطعة قماش مبللة قليلًا.,تمرير القماش على الرف لإزالة المسحوق المتناثر.,استخدم منديلًا مبللًا جاهزًا بدل ترطيب القماش يدويًا.,المساعدة في المسح، المسح الجزئي، المسح الكامل.,يترك الرف نظيفًا دون بقايا مسحوق.,الانتقال إلى تجفيف الرف وإعادة البرطمانات.,مناديل مبللة جاهزة.,معتمد مبدئيًا,Pasted text (3)(2).txt
FOOD-075-CARD003,FOOD-075-OP003,ليختم المهمة برؤية خزانة بهارات مرتبة ونظيفة.,جهّز منشفة جافة لتجفيف الرف.,تجفيف الرف، إعادة البرطمانات بترتيب.,رتّب البرطمانات مسبقًا حسب ترتيبها المعتاد كمرجع.,المساعدة في التجفيف والإعادة، تنفيذ خطوة واحدة، تنفيذ المهمة كاملة.,يعيد البرطمانات لأماكنها المعتادة دون توجيه.,خزانة البهارات نظيفة ومرتبة من جديد.,لا يتطلب أدوات دعم إضافية.,معتمد مبدئيًا,Pasted text (3)(2).txt
FOOD-076-CARD001,FOOD-076-OP001,ليشارك في مهمة تنظيف تحافظ على نظافة طعام الأسرة.,أفرغ الرف من محتوياته أولًا.,إمساك الرف بيدين، سحبه للخارج بحذر.,أرِه طريقة السحب مرة واحدة كمثال.,المساعدة في السحب، السحب بمفرده، سحب أكثر من رف.,يسحب الرف بثبات دون إسقاطه.,الانتقال إلى غسل الرفوف بالماء والصابون.,لا يتطلب أدوات دعم إضافية.,معتمد مبدئيًا,Pasted text (3)(2).txt
FOOD-076-CARD002,FOOD-076-OP002,ليمارس نشاطًا حسيًا ممتعًا في الحوض أثناء التنظيف.,جهّز إسفنجة وصابونًا مناسبًا عند الحوض.,وضع الرف في الحوض، فركه بالإسفنجة والصابون.,استخدم إسفنجة بمقبض مريح.,المساعدة في الفرك، الفرك الجزئي، الفرك الكامل.,يفرك الرف بثبات دون توجيه متكرر.,الانتقال إلى تجفيف الرفوف وإعادتها لمكانها.,إسفنجة بمقبض مريح.,معتمد مبدئيًا,Pasted text (3)(2).txt
FOOD-076-CARD003,FOOD-076-OP003,ليختم المهمة برؤية ثلاجة نظيفة من الداخل.,جهّز منشفة جافة كبيرة.,تجفيف الرف بالكامل، إعادته إلى الثلاجة.,أرِه العلامات الموجودة على جوانب الثلاجة لتحديد مكان الرف الصحيح.,المساعدة في التجفيف والإعادة، تنفيذ خطوة واحدة، تنفيذ المهمة كاملة.,يعيد الرف لمكانه الصحيح بثبات.,الانتقال إلى إعادة ترتيب المحتويات على الرفوف النظيفة.,منشفة تجفيف كبيرة.,معتمد مبدئيًا,Pasted text (3)(2).txt
FOOD-077-CARD001,FOOD-077-OP001,ليشارك في مهمة تنظيف كبيرة تحافظ على مخزون طعام الأسرة.,جهّز صندوقًا معزولًا مؤقتًا لحفظ الطعام.,إخراج كل عنصر بدوره، وضعه في الصندوق المؤقت.,اطلب منه إخراج عنصر واحد في كل مرة.,المساعدة في الإخراج، إخراج عنصر واحد، إخراج كل المحتويات.,يحمل العناصر بثبات رغم البرودة.,الانتقال إلى وضع وعاء ماء ساخن للمساعدة في إذابة الثلج.,صندوق حفظ مؤقت معزول.,معتمد مبدئيًا,Pasted text (3)(2).txt
FOOD-077-CARD002,FOOD-077-OP002,ليشارك في خطوة بسيطة تحت إشرافك المباشر لأسباب السلامة.,تأكد من إشرافك الكامل بسبب حرارة الماء.,إمساك الوعاء معك، وضعه بالداخل تحت إشرافك.,اقتصر دوره على الإمساك بالوعاء من الخارج فقط.,المراقبة فقط، المساعدة في الوضع بإشرافك، المشاركة المحدودة بإشراف كامل.,يلتزم بمسافة آمنة من الماء الساخن.,الانتقال إلى مسح وتجفيف الفريزر من الماء.,بطاقة تعليمات سلامة إلزامية.,معتمد مبدئيًا,Pasted text (3)(2).txt
FOOD-077-CARD003,FOOD-077-OP003,ليختم المهمة برؤية فريزر نظيف وجاهز لإعادة المحتويات.,انتظر حتى يذوب الثلج تمامًا قبل البدء.,مسح الماء المتجمع بمنشفة، تجفيف الفريزر بالكامل.,استخدم منشفة كبيرة تمتص الماء بسرعة.,المساعدة في المسح، المسح الجزئي، المسح الكامل.,يترك الفريزر جافًا تمامًا دون بلل متبقٍّ.,الانتقال إلى إعادة المحتويات إلى الفريزر النظيف.,منشفة تجفيف كبيرة.,معتمد مبدئيًا,Pasted text (3)(2).txt
FOOD-078-CARD001,FOOD-078-OP001,ليشارك في مهمة صيانة بسيطة بعد استخدام جهاز ممتع.,تأكد أن الجهاز مفصول عن الكهرباء قبل الفك.,رفع الوعاء أو الإبريق، فصله عن القاعدة.,أرِه طريقة الفك مرة واحدة كمثال.,المساعدة في الفك، الفك بمفرده، فك أكثر من جزء.,يفك الجزء بثبات دون قوة زائدة.,الانتقال إلى غسل الأجزاء القابلة للفك.,لا يتطلب أدوات دعم إضافية.,معتمد مبدئيًا,Pasted text (3)(2).txt
FOOD-078-CARD002,FOOD-078-OP002,ليمارس نشاطًا حسيًا ممتعًا في الحوض أثناء التنظيف.,جهّز إسفنجة وصابونًا مناسبًا.,فرك كل جزء بالإسفنجة والصابون، شطفه.,استخدم إسفنجة بمقبض مريح.,المساعدة في الفرك، فرك جزء واحد، فرك كل الأجزاء.,يفرك الأجزاء بثبات دون توجيه متكرر.,الانتقال إلى مسح قاعدة المحرك بفوطة مبللة.,إسفنجة بمقبض مريح.,معتمد مبدئيًا,Pasted text (3)(2).txt
FOOD-078-CARD003,FOOD-078-OP003,ليختم مهمة التنظيف بخطوة أخيرة تحت إشرافك.,تأكد أن القاعدة مفصولة تمامًا عن الكهرباء.,تمرير الفوطة المبللة قليلًا على القاعدة الخارجية فقط.,استخدم فوطة رطبة قليلًا وليست مبللة بشدة لتجنب دخول الماء للمحرك.,المراقبة معك، المسح تحت إشرافك، المسح بمفرده على السطح الخارجي فقط.,يلتزم بمسح السطح الخارجي فقط دون فتحات الجهاز.,الجهاز نظيف وجاهز للاستخدام القادم.,فوطة رطبة مخصصة.,معتمد مبدئيًا,Pasted text (3)(2).txt
FOOD-079-CARD001,FOOD-079-OP001,ليبدأ خطوة تحضيرية بسيطة تسهّل التنظيف لاحقًا.,تأكد أن الصينية باردة تمامًا قبل النقع.,وضع الصينية في الحوض، سكب الماء والصابون عليها.,استخدم الحوض نفسه لتوفير مساحة كافية للنقع.,المساعدة في النقع، النقع بمفرده، اختيار مدة النقع أيضًا.,يتحكم بكمية الماء والصابون دون فيضان.,الانتقال إلى فرك الدهون الملتصقة بالإسفنجة.,لا يتطلب أدوات دعم إضافية.,معتمد مبدئيًا,Pasted text (3)(2).txt
FOOD-079-CARD002,FOOD-079-OP002,ليمارس نشاطًا حركيًا يحتاج قليلًا من الجهد والمثابرة.,جهّز إسفنجة خشنة مناسبة.,فرك الصينية بحركات دائرية لإزالة الدهون.,اترك الصينية تنقع وقتًا أطول لتسهيل الفرك.,المساعدة في الفرك، الفرك الجزئي، الفرك الكامل.,يستمر في الفرك حتى إزالة معظم الدهون.,الانتقال إلى شطف الصينية وتجفيفها.,إسفنجة خشنة بمقبض مريح.,معتمد مبدئيًا,Pasted text (3)(2).txt
FOOD-079-CARD003,FOOD-079-OP003,ليختم مهمة التنظيف برؤية صينية نظيفة وجاهزة من جديد.,جهّز منشفة جافة كبيرة.,شطف الصينية بالماء، تجفيفها بالمنشفة.,استخدم منشفة كبيرة تمتص الماء بسرعة.,المساعدة في الشطف والتجفيف، تنفيذ خطوة واحدة، تنفيذ المهمة كاملة.,يترك الصينية نظيفة وجافة تمامًا.,الصينية جاهزة للاستخدام في خبزة أو شوي قادم.,منشفة تجفيف كبيرة.,معتمد مبدئيًا,Pasted text (3)(2).txt
FOOD-080-CARD001,FOOD-080-OP001,ليبدأ خطوة تحضيرية بسيطة بعد لحظة شوي ممتعة.,تأكد أن الأدوات باردة تمامًا قبل النقع.,وضع الأدوات في الحوض، سكب الماء الدافئ عليها.,استخدم دلوًا كبيرًا إن كانت الأدوات لا تتسع في الحوض.,المساعدة في النقع، النقع بمفرده، اختيار مدة النقع أيضًا.,يتحكم بكمية الماء دون فيضان.,الانتقال إلى فرك الأدوات بالفرشاة الخشنة.,لا يتطلب أدوات دعم إضافية.,معتمد مبدئيًا,Pasted text (3)(2).txt
FOOD-080-CARD002,FOOD-080-OP002,ليمارس نشاطًا حركيًا يحتاج جهدًا ومثابرة بسيطة.,جهّز فرشاة خشنة مناسبة.,فرك كل أداة بحركات منتظمة لإزالة البقايا.,استخدم فرشاة بمقبض طويل يسهل التحكم بها.,المساعدة في الفرك، فرك أداة واحدة، فرك كل الأدوات.,يستمر في الفرك حتى إزالة معظم البقايا.,الانتقال إلى شطف وتجفيف الأدوات لمنع الصدأ.,فرشاة خشنة بمقبض طويل.,معتمد مبدئيًا,Pasted text (3)(2).txt
FOOD-080-CARD003,FOOD-080-OP003,ليختم مهمة التنظيف بخطوة تحافظ على أدوات الشوي لوقت أطول.,جهّز منشفة جافة كبيرة.,شطف الأدوات بالماء، تجفيفها جيدًا بالمنشفة.,أخبره أن التجفيف الجيد يحمي الأدوات من الصدأ ليفهم أهمية الخطوة.,المساعدة في الشطف والتجفيف، تنفيذ خطوة واحدة، تنفيذ المهمة كاملة.,يترك الأدوات جافة تمامًا دون بلل متبقٍّ.,أدوات الشوي جاهزة ومحفوظة لاستخدام قادم.,منشفة تجفيف كبيرة.,معتمد مبدئيًا,Pasted text (3)(2).txt
FOOD-081-CARD001,FOOD-081-OP001,ليكمل روتين يومه بترتيب حافظته بعد المدرسة أو العمل.,جهّز سلة مهملات قريبة.,فتح الحافظة، إفراغ البقايا في السلة.,ضع سلة المهملات قريبة من مكان وضع الحافظة عند العودة.,المساعدة في الإفراغ، الإفراغ بمفرده، فتح كل الأقسام أيضًا.,يبادر بإفراغ الحافظة عند العودة دون تذكير.,الانتقال إلى غسل العلب البلاستيكية والغطاء.,سلة مهملات قريبة من مكان الحافظة.,معتمد مبدئيًا,Pasted text (3)(2).txt
FOOD-081-CARD002,FOOD-081-OP002,ليساهم في مهمة نظافة يومية بسيطة تتعلق بأدواته الخاصة.,جهّز إسفنجة وصابونًا عند الحوض.,فرك العلب والغطاء بالإسفنجة والصابون، شطفها.,استخدم إسفنجة صغيرة مخصصة لأدواته الشخصية.,المساعدة في الغسل، الغسل الجزئي، الغسل الكامل.,يفرك كل جزء دون تذكير متكرر.,الانتقال إلى تجفيف الحافظة وتركها مفتوحة للتهوية.,إسفنجة مخصصة لأدواته الشخصية.,معتمد مبدئيًا,Pasted text (3)(2).txt
FOOD-081-CARD003,FOOD-081-OP003,ليختم روتينه اليومي بترك حافظته جاهزة لليوم التالي.,حدد مكانًا ثابتًا لتركها تتهوى.,تجفيف الحافظة بمنشفة، تركها مفتوحة في مكانها.,خصص مكانًا ثابتًا ومعروفًا لتجفيف الحافظة.,المساعدة في التجفيف، التجفيف بمفرده، اختيار مكان التهوية أيضًا.,يترك الحافظة مفتوحة في مكانها الثابت دون تذكير.,الحافظة جاهزة لتعبئتها من جديد في اليوم التالي.,مكان ثابت لتهوية الحافظة.,معتمد مبدئيًا,Pasted text (3)(2).txt
FOOD-082-CARD001,FOOD-082-OP001,ليشارك في مهمة نظافة بسيطة تتعلق بأدواته الشخصية.,تأكد أن الغطاء يفك بسهولة.,إمساك الزجاجة، فك الغطاء عنها.,اختر زجاجة بغطاء بسيط سهل الفك.,المساعدة في الفك، الفك بمفرده، الفك السريع بثقة.,يفك الغطاء بثبات دون صعوبة.,الانتقال إلى غسل الزجاجة من الداخل بفرشاة الزجاجات.,لا يتطلب أدوات دعم إضافية.,معتمد مبدئيًا,Pasted text (3)(2).txt
FOOD-082-CARD002,FOOD-082-OP002,ليمارس نشاطًا حسيًا ممتعًا في تنظيف أداته الخاصة.,جهّز فرشاة زجاجات وصابونًا خفيفًا.,إدخال الفرشاة، تحريكها داخل الزجاجة برفق.,استخدم فرشاة بمقبض طويل يناسب حجم الزجاجة.,المساعدة في الغسل، الغسل بمفرده، تحديد وقت الغسل الكافي أيضًا.,يحرك الفرشاة بثبات داخل الزجاجة.,الانتقال إلى شطف الزجاجة ووضعها مقلوبة لتجف.,فرشاة زجاجات بمقبض طويل.,معتمد مبدئيًا,Pasted text (3)(2).txt
FOOD-082-CARD003,FOOD-082-OP003,ليختم روتين نظافته اليومي بترك زجاجته جاهزة للاستخدام.,حدد مكانًا ثابتًا لتجفيف الزجاجة مقلوبة.,شطف الزجاجة، وضعها مقلوبة في مكانها.,خصص حاملًا صغيرًا لتجفيف الزجاجة مقلوبة.,المساعدة في الشطف والوضع، تنفيذ خطوة واحدة، تنفيذ المهمة كاملة.,يضع الزجاجة مقلوبة بثبات في مكانها الصحيح.,الزجاجة جاهزة للتعبئة من جديد في اليوم التالي.,حامل تجفيف صغير للزجاجة.,معتمد مبدئيًا,Pasted text (3)(2).txt
FOOD-083-CARD001,FOOD-083-OP001,ليشارك في مهمة نظافة بسيطة بعد تحضير القهوة.,تأكد أن الماكينة باردة قبل البدء.,فتح حامل الفلتر، إخراج الفلتر المستخدم، التخلص منه.,اطلب منه فتح الحامل فقط بينما تتولى أنت الإخراج إن لزم.,المساعدة في الفتح، الإخراج بمساعدة، التخلص منه بمفرده.,يفتح الحامل بثبات دون توجيه متكرر.,الانتقال إلى غسل إبريق الماكينة.,لا يتطلب أدوات دعم إضافية.,معتمد مبدئيًا,Pasted text (3)(2).txt
FOOD-083-CARD002,FOOD-083-OP002,ليمارس نشاطًا حسيًا بسيطًا في تنظيف أداة يومية.,تأكد أن الإبريق بارد تمامًا.,فرك الإبريق بالإسفنجة والصابون، شطفه.,استخدم إسفنجة بمقبض طويل يناسب شكل الإبريق.,المساعدة في الفرك، الفرك بمفرده، الفرك والشطف الكامل.,يفرك الإبريق بثبات دون توجيه متكرر.,الانتقال إلى مسح هيكل وقاعدة الماكينة الخارجي.,إسفنجة بمقبض طويل.,معتمد مبدئيًا,Pasted text (3)(2).txt
FOOD-083-CARD003,FOOD-083-OP003,ليختم مهمة التنظيف بلمسة أخيرة على الماكينة.,تأكد أن الماكينة مفصولة عن الكهرباء.,تمرير قطعة قماش رطبة قليلًا على الهيكل الخارجي فقط.,استخدم قطعة قماش رطبة قليلًا وليست مبللة بشدة.,المراقبة معك، المسح تحت إشرافك، المسح بمفرده على الهيكل الخارجي فقط.,يلتزم بمسح السطح الخارجي فقط.,الماكينة نظيفة وجاهزة لتحضير قهوة جديدة.,قطعة قماش رطبة مخصصة.,معتمد مبدئيًا,Pasted text (3)(2).txt
FOOD-084-CARD001,FOOD-084-OP001,ليشارك في مهمة صيانة بسيطة تحافظ على أداء الغلاية.,جهّز خليط الماء والخل مسبقًا.,فتح الغلاية، سكب الخليط بداخلها.,استخدم عبوة سكب صغيرة سهلة التحكم.,المساعدة في السكب، السكب بمفرده، إغلاق الغلاية أيضًا.,يتحكم بالسكب دون فيضان.,الانتقال إلى تشغيل الغلاية حتى الغليان.,عبوة سكب صغيرة.,معتمد مبدئيًا,Pasted text (3)(2).txt
FOOD-084-CARD002,FOOD-084-OP002,ليشارك في خطوة بسيطة تحت إشرافك المباشر.,ابقَ بجانبه أثناء التشغيل بسبب الحرارة.,الضغط على زر التشغيل، الانتظار معك حتى الغليان.,استخدم غلاية بزر تشغيل واحد بسيط.,المراقبة معك، الضغط على الزر تحت إشرافك، تنفيذ الخطوة بإشراف مباشر.,يضغط الزر بثقة ويلتزم بالانتظار الآمن.,الانتقال إلى سكب الخليط وشطف الغلاية عدة مرات.,زر تشغيل بسيط.,معتمد مبدئيًا,Pasted text (3)(2).txt
FOOD-084-CARD003,FOOD-084-OP003,ليختم مهمة الصيانة برؤية غلاية نظيفة وجاهزة من جديد.,تأكد أن الغلاية باردة قبل السكب والشطف.,سكب الخليط، تعبئة الغلاية بماء نظيف، تكرار الشطف.,حدد عدد مرات الشطف مسبقًا معه (مثلًا ثلاث مرات).,المساعدة في السكب والشطف، الشطف بمفرده، تكرار الخطوة الكاملة.,يكرر الشطف حتى يصبح الماء صافيًا.,الغلاية جاهزة لتجهيز مشروبات ساخنة جديدة.,لا يتطلب أدوات دعم إضافية.,معتمد مبدئيًا,Pasted text (3)(2).txt
FOOD-085-CARD001,FOOD-085-OP001,ليشارك في مهمة صيانة بسيطة بعد استخدام ممتع للجهاز.,تأكد أن الجهاز مفصول عن الكهرباء تمامًا.,الضغط على زر الفصل، سحب المضارب بحذر.,أرِه طريقة الفصل مرة واحدة كمثال.,المساعدة في الفصل، الفصل بمفرده، فصل كل المضارب.,يفصل المضارب بثبات دون قوة زائدة.,الانتقال إلى غسل المضارب والوعاء.,لا يتطلب أدوات دعم إضافية.,معتمد مبدئيًا,Pasted text (3)(2).txt
FOOD-085-CARD002,FOOD-085-OP002,ليمارس نشاطًا حسيًا ممتعًا في الحوض أثناء التنظيف.,جهّز إسفنجة وصابونًا مناسبًا.,فرك المضارب والوعاء بالإسفنجة، شطفهما.,استخدم إسفنجة بمقبض مريح.,المساعدة في الفرك، فرك جزء واحد، فرك كل الأجزاء.,يفرك بثبات دون توجيه متكرر.,الانتقال إلى تجفيف الأدوات وإعادتها للدرج.,إسفنجة بمقبض مريح.,معتمد مبدئيًا,Pasted text (3)(2).txt
FOOD-085-CARD003,FOOD-085-OP003,ليختم المهمة برؤية أدوات نظيفة ومرتبة في مكانها.,جهّز منشفة جافة وحدد مكان الدرج.,تجفيف كل جزء، إعادته إلى الدرج المخصص.,خصص مكانًا ثابتًا في الدرج لهذه الأدوات.,المساعدة في التجفيف والإعادة، تنفيذ خطوة واحدة، تنفيذ المهمة كاملة.,يعيد الأدوات لمكانها الصحيح دون تذكير.,الأدوات جاهزة للاستخدام في وصفة قادمة.,مكان ثابت في الدرج لهذه الأدوات.,معتمد مبدئيًا,Pasted text (3)(2).txt
FOOD-086-CARD001,FOOD-086-OP001,ليشارك في مهمة بسيطة تجدد مخزون الثلج للأسرة.,جهّز وعاءً لتجميع المكعبات القديمة.,ثني الصينية برفق، إخراج المكعبات في الوعاء.,استخدم صينية مرنة سهلة الثني.,المساعدة في التفريغ، التفريغ بمفرده، تفريغ أكثر من صينية.,يفرّغ المكعبات بثبات دون سقوطها بعيدًا.,الانتقال إلى غسل الصينية بالماء الدافئ.,صينية ثلج مرنة سهلة الثني.,معتمد مبدئيًا,Pasted text (3)(2).txt
FOOD-086-CARD002,FOOD-086-OP002,ليمارس نشاطًا حسيًا بسيطًا في تنظيف أداة يومية.,جهّز ماءً دافئًا في الحوض.,غسل الصينية بالماء، فركها برفق إن لزم.,استخدم إسفنجة صغيرة مخصصة إن احتاجت فركًا.,المساعدة في الغسل، الغسل بمفرده، الغسل والفرك الكامل.,يغسل الصينية بثبات دون توجيه متكرر.,الانتقال إلى إعادة تعبئة الصينية ووضعها في الفريزر.,إسفنجة صغيرة مخصصة.,معتمد مبدئيًا,Pasted text (3)(2).txt
FOOD-086-CARD003,FOOD-086-OP003,ليختم المهمة برؤية مخزون ثلج جديد قيد التجهيز للأسرة.,جهّز عبوة ماء نظيف للتعبئة.,سكب الماء في الصينية، وضعها في الفريزر بعناية.,استخدم عبوة سكب صغيرة سهلة التحكم.,المساعدة في التعبئة والوضع، تنفيذ خطوة واحدة، تنفيذ المهمة كاملة.,يعبئ الصينية بثبات دون انسكاب كبير.,الثلج الجديد جاهز للاستخدام لاحقًا في المشروبات الباردة.,عبوة سكب صغيرة.,معتمد مبدئيًا,Pasted text (3)(2).txt
FOOD-087-CARD001,FOOD-087-OP001,ليشارك في مهمة يومية بسيطة ومهمة لنظافة المطبخ.,تأكد أن الكيس ليس ثقيلًا جدًا لحمله.,رفع الكيس من السلة، ربط أطرافه بإحكام.,استخدم أكياسًا بربطة سحب سهلة.,المساعدة في الرفع والربط، الربط بمفرده، الرفع والربط الكامل.,يربط الكيس بإحكام كافٍ دون تسرب.,الانتقال إلى غسل أو مسح قاع سلة القمامة عند اللزوم.,أكياس بربطة سحب سهلة.,معتمد مبدئيًا,Pasted text (3)(2).txt
FOOD-087-CARD002,FOOD-087-OP002,ليتعلّم أن السلة نفسها تحتاج عناية دورية أيضًا.,تأكد أن السلة فارغة تمامًا.,مسح قاع السلة بقطعة قماش أو غسلها إن لزم.,خصص قطعة قماش منفصلة لهذه المهمة فقط.,المساعدة في المسح، المسح الجزئي، المسح الكامل.,يترك السلة نظيفة دون رائحة متبقية.,الانتقال إلى فرد كيس القمامة الجديد داخل السلة.,قطعة قماش مخصصة للسلة.,معتمد مبدئيًا,Pasted text (3)(2).txt
FOOD-087-CARD003,FOOD-087-OP003,ليختم المهمة بترك السلة جاهزة للاستخدام من جديد.,جهّز كيسًا جديدًا بجانب السلة.,فتح الكيس، فرده داخل السلة، تثبيت حوافه.,استخدم أكياسًا بحجم مناسب لسلة المطبخ.,المساعدة في الفرد، الفرد بمفرده، التثبيت أيضًا.,يفرد الكيس بثبات دون انزلاقه.,السلة جاهزة من جديد لاستخدام يومي نظيف.,أكياس بحجم مناسب للسلة.,معتمد مبدئيًا,Pasted text (3)(2).txt
FOOD-088-CARD001,FOOD-088-OP001,ليشارك في مهمة بسيطة تحافظ على أداة يستخدمها الجميع.,جهّز الإسفنجة عند الحوض.,إمساك الإسفنجة، عصرها بيدين لإخراج الماء والصابون.,أرِه طريقة العصر مرة واحدة كمثال.,المساعدة في العصر، العصر بمفرده، تكرار العصر عدة مرات.,يعصر الإسفنجة بثبات دون إفلاتها.,الانتقال إلى شطف الإسفنجة بالماء الساخن.,لا يتطلب أدوات دعم إضافية.,معتمد مبدئيًا,Pasted text (3)(2).txt
FOOD-088-CARD002,FOOD-088-OP002,ليكمل خطوة تنظيف بسيطة تعيد الإسفنجة لحالة جيدة.,تأكد أن الماء دافئ ومريح.,تمرير الإسفنجة تحت الماء الجاري حتى تختفي الرغوة.,استخدم رشاشًا خفيفًا بدل الصنبور المفتوح بالكامل.,المساعدة في الشطف، الشطف بمفرده، التحقق من زوال الرغوة أيضًا.,يتحقق بنفسه من زوال الرغوة قبل التوقف.,الانتقال إلى وضع الإسفنجة في مكان جاف لتتهوى.,رشاش ماء خفيف عند الحوض.,معتمد مبدئيًا,Pasted text (3)(2).txt
FOOD-088-CARD003,FOOD-088-OP003,ليختم المهمة بترك الإسفنجة جاهزة للاستخدام القادم.,حدد مكانًا ثابتًا وجيد التهوية.,حمل الإسفنجة، وضعها في مكانها المخصص.,استخدم حاملًا صغيرًا ثابتًا للإسفنجة بجانب الحوض.,المساعدة في الوضع، الوضع بمفرده، اختيار المكان المناسب أيضًا.,يضع الإسفنجة في مكانها الثابت دون تذكير.,الإسفنجة جاهزة للاستخدام في مهمة الغسيل القادمة.,حامل إسفنجة ثابت.,معتمد مبدئيًا,Pasted text (3)(2).txt
FOOD-089-CARD001,FOOD-089-OP001,ليختم نشاط الطبخ بخطوة بسيطة من روتينه الشخصي.,تأكد أن رباط المريول سهل الفك.,فك الرباط، خلع المريول برفق.,اختر مريولًا بربطة سحب بدل العقدة اليدوية.,المساعدة في الخلع، الخلع بمفرده، فك الرباط أيضًا.,يخلع المريول بثبات دون تشابك.,الانتقال إلى معالجة البقع الظاهرة بصابون مركز.,مريول بربطة سحب سهلة.,معتمد مبدئيًا,Pasted text (3)(2).txt
FOOD-089-CARD002,FOOD-089-OP002,ليتعلّم خطوة بسيطة للعناية بأدواته الشخصية.,جهّز صابونًا مركزًا مناسبًا للبقع.,وضع القليل من الصابون على البقعة، فركها برفق.,استخدم عبوة صابون بمضخة سهلة الضغط.,المساعدة في المعالجة، المعالجة الجزئية، المعالجة الكاملة.,يحدد موقع البقعة ويعالجها بثقة متزايدة.,الانتقال إلى وضع المريول في سلة الغسيل.,عبوة صابون مركز بمضخة.,معتمد مبدئيًا,Pasted text (3)(2).txt
FOOD-089-CARD003,FOOD-089-OP003,ليختم روتينه بترتيب مريوله في مكانه الصحيح.,حدد سلة الغسيل المخصصة.,حمل المريول، وضعه في السلة.,خصص سلة قريبة من مكان الطبخ لهذه المهمة.,المساعدة في الوضع، الوضع بمفرده، طي المريول أولًا أيضًا.,يضع المريول في السلة الصحيحة دون تذكير.,المريول جاهز للغسيل واستخدامه من جديد في مرة قادمة.,سلة غسيل قريبة من مكان الطبخ.,معتمد مبدئيًا,Pasted text (3)(2).txt
FOOD-090-CARD001,FOOD-090-OP001,ليشارك في مهمة نظافة بسيطة تترك المطبخ لامعًا.,تأكد أن السائل آمن للاستخدام معه.,إمساك عبوة الرش، رش الحنفية برفق.,استخدم سائلًا برذاذ خفيف سهل الضغط.,المراقبة معك، الرش تحت إشرافك، الرش بمفرده بمنظف آمن.,يتحكم بجرعة الرش دون إفراط.,الانتقال إلى فرك الحنفية بالإسفنجة.,سائل تلميع آمن برذاذ خفيف.,معتمد مبدئيًا,Pasted text (3)(2).txt
FOOD-090-CARD002,FOOD-090-OP002,ليمارس نشاطًا حركيًا ممتعًا ضمن مهمة عائلية بسيطة.,جهّز إسفنجة ناعمة مناسبة.,فرك الحنفية بحركات دائرية لإزالة البقع.,استخدم إسفنجة صغيرة سهلة الإمساك.,المساعدة في الفرك، الفرك الجزئي، الفرك الكامل.,يفرك الحنفية بثبات دون توجيه متكرر.,الانتقال إلى تجفيف الحنفية وتلميعها بفوطة جافة.,إسفنجة ناعمة صغيرة.,معتمد مبدئيًا,Pasted text (3)(2).txt
FOOD-090-CARD003,FOOD-090-OP003,ليختم المهمة برؤية حنفية لامعة ونظيفة تمامًا.,جهّز فوطة جافة نظيفة.,تمرير الفوطة على الحنفية حتى تلمع.,خصص فوطة صغيرة بلون مميز لهذه المهمة.,المساعدة في التلميع، التلميع الجزئي، التلميع الكامل.,يترك الحنفية لامعة دون بقع متبقية.,المطبخ نظيف ولامع تمامًا، وجاهز ليوم جديد من المشاركة معًا.,فوطة تلميع مخصصة.,معتمد مبدئيًا,Pasted text (3)(2).txt
SHOP-001-CARD001,SHOP-001-OP001,ليكون له دور في تحديد ما تحتاجه الأسرة قبل الخروج للتسوق.,افتح الثلاجة والخزانة معًا للمراجعة.,النظر لكل رف، ذكر أو الإشارة لما يراه متوفرًا أو ناقصًا.,ركّز على رف واحد في كل مرة.,المراقبة معك، الإشارة لعناصر يعرفها، وصف المحتوى بنفسه.,يتعرف على عناصر أكثر مع تكرار المهمة.,الانتقال إلى تدوين المنتجات الناقصة.,لا يتطلب أدوات دعم إضافية.,معتمد مبدئيًا,Pasted text (3)(4).txt
SHOP-001-CARD002,SHOP-001-OP002,ليساهم في توثيق ما ستحتاجه الأسرة عند التسوق.,جهّز ورقة وقلمًا أو تطبيق ملاحظات بسيطًا.,كتابة أو إملاء أسماء العناصر الناقصة.,اسمح له بلصق صور بدل الكتابة إن كان أسهل له.,الإملاء لك، المشاركة في الكتابة، الكتابة بنفسه.,يتذكر عناصر إضافية أثناء الكتابة من تلقاء نفسه.,الانتقال إلى تصنيف القائمة حسب أقسام المتجر.,ورقة أو تطبيق ملاحظات بسيط.,معتمد مبدئيًا,Pasted text (3)(4).txt
SHOP-001-CARD003,SHOP-001-OP003,ليساهم في تنظيم القائمة بما يسهّل رحلة التسوق لاحقًا.,حدد أقسامًا بسيطة (خضار، ألبان، منظفات).,إعادة ترتيب العناصر حسب القسم الذي تنتمي إليه.,استخدم ألوانًا أو رموزًا لكل قسم.,المساعدة في التصنيف، تصنيف قسم واحد، تصنيف القائمة كاملة.,يصنف العناصر بدقة متزايدة.,القائمة جاهزة للخروج بها إلى المتجر.,رموز أو ألوان لكل قسم.,معتمد مبدئيًا,Pasted text (3)(4).txt
SHOP-002-CARD001,SHOP-002-OP001,ليساهم في التأكد من سلامة ما هو موجود في المنزل.,اعرض عليه مكان طباعة التاريخ على العبوة.,إخراج المنتج، قراءة التاريخ أو عرضه عليك.,استخدم عدسة مكبرة إن كانت الكتابة صغيرة.,المساعدة في البحث عن التاريخ، القراءة بمساعدة، القراءة بمفرده.,يجد موقع التاريخ على العبوة بثقة متزايدة.,الانتقال إلى التبليغ عن المنتجات التي أوشكت على الانتهاء.,عدسة مكبرة عند الحاجة.,معتمد مبدئيًا,Pasted text (3)(4).txt
SHOP-002-CARD002,SHOP-002-OP002,ليساهم بمعلومة عملية تفيد قرار الشراء القادم.,جهّز طريقة بسيطة للتبليغ (إشارة أو قول).,إخبارك بالمنتجات القريبة من الانتهاء.,اطلب منه وضعها في مكان منفصل بدل الإخبار الشفهي إن كان أسهل.,الإشارة لك، الإخبار الشفهي، وضعها جانبًا بنفسه.,يبادر بالتبليغ دون سؤال متكرر منك.,الانتقال إلى كتابة مسودة النواقص الأولية.,مكان مخصص لعزل المنتجات القريبة من الانتهاء.,معتمد مبدئيًا,Pasted text (3)(4).txt
SHOP-002-CARD003,SHOP-002-OP003,ليساهم في تجهيز أساس قائمة التسوق القادمة.,جهّز ورقة أو ملاحظة بسيطة.,كتابة أو إملاء أسماء العناصر التي لاحظها ناقصة.,اسمح له بلصق صور بدل الكتابة إن كان أسهل له.,الإملاء لك، المشاركة في الكتابة، الكتابة بنفسه.,يتذكر عناصر إضافية من تلقاء نفسه.,المسودة جاهزة لإكمالها ضمن إعداد قائمة المشتريات.,ورقة أو تطبيق ملاحظات بسيط.,معتمد مبدئيًا,Pasted text (3)(4).txt
SHOP-003-CARD001,SHOP-003-OP001,ليساهم في قرار مالي بسيط يخص احتياجات الأسرة.,جهّز آلة حاسبة أو تطبيق حساب بسيط.,إدخال الأرقام، متابعة المجموع معك.,استخدم آلة حاسبة بأزرار كبيرة وواضحة.,المراقبة معك، الإدخال بمساعدة، الإدخال بمفرده.,يتابع الأرقام ويخبرك بالمجموع.,الانتقال إلى توزيع الميزانية التقديرية على أقسام القائمة.,آلة حاسبة بأزرار واضحة.,معتمد مبدئيًا,Pasted text (3)(4).txt
SHOP-003-CARD002,SHOP-003-OP002,ليساهم في تخطيط بسيط يوازن بين احتياجات الأسرة.,حدد الأقسام الرئيسية للقائمة معه.,تحديد مبلغ تقريبي لكل قسم بمساعدتك.,استخدم أرقامًا مقربة وسهلة بدل الكسور الدقيقة.,المساعدة في التوزيع، التوزيع الجزئي، التوزيع الكامل بمساعدتك.,يقترح توزيعًا منطقيًا للمبالغ.,الانتقال إلى تسجيل الميزانية في تطبيق المصروفات.,لا يتطلب أدوات دعم إضافية.,معتمد مبدئيًا,Pasted text (3)(4).txt
SHOP-003-CARD003,SHOP-003-OP003,ليساهم في توثيق خطة الإنفاق قبل الخروج للتسوق.,افتح تطبيق المصروفات أو الدفتر المخصص.,إدخال المبلغ المخطط له في التطبيق أو الدفتر.,استخدم تطبيقًا بواجهة بسيطة وأزرار كبيرة.,المساعدة في التسجيل، التسجيل بمفرده، مراجعة الرقم النهائي معك.,يسجل الرقم بثبات دون أخطاء متكررة.,الميزانية جاهزة للانطلاق للتسوق.,تطبيق مصروفات بواجهة بسيطة.,معتمد مبدئيًا,Pasted text (3)(4).txt
SHOP-004-CARD001,SHOP-004-OP001,ليساهم في التحضير لرحلة تسوق يشارك فيها مع أسرته.,حدد مكان تخزين الأكياس القابلة لإعادة الاستخدام.,جمع الأكياس، تجهيزها بالقرب من الباب.,خصص مكانًا ثابتًا لهذه الأكياس دائمًا.,المساعدة في الجمع، الجمع بمفرده، تحديد العدد المطلوب أيضًا.,يتذكر إحضار الأكياس دون تذكير.,الانتقال إلى حمل الأكياس الفارغة إلى السيارة.,مكان ثابت لأكياس التسوق.,معتمد مبدئيًا,Pasted text (3)(4).txt
SHOP-004-CARD002,SHOP-004-OP002,ليساهم بجهد بدني ملموس يشعره بالمساعدة الحقيقية.,تأكد أن الأكياس خفيفة وسهلة الحمل فارغة.,حمل الأكياس، نقلها إلى السيارة.,استخدم أكياسًا خفيفة بمقابض مريحة.,المساعدة في الحمل، حمل بعض الأكياس، حمل كل الأكياس.,يحمل الأكياس بثبات دون إسقاطها.,الانتقال إلى التأكد من إغلاق أبواب المنزل قبل المغادرة.,أكياس بمقابض مريحة.,معتمد مبدئيًا,Pasted text (3)(4).txt
SHOP-004-CARD003,SHOP-004-OP003,ليساهم في مسؤولية بسيطة تخص أمان المنزل.,اشرح له طريقة النظر للتأكد من إغلاق الباب.,التحقق من كل باب، إخبارك بالنتيجة.,"ضع علامة بصرية بسيطة تدل على وضع ""مغلق"".",المراقبة معك، الفحص والإخبار، الفحص بمفرده مع تأكيدك النهائي.,يفحص الأبواب بثبات ويخبرك بدقة.,الانطلاق معًا إلى السوبرماركت.,علامة بصرية على وضع الإغلاق.,معتمد مبدئيًا,Pasted text (3)(4).txt
SHOP-005-CARD001,SHOP-005-OP001,ليساهم في اختيار طعام تتناوله الأسرة بنفسه.,اعرض عليه علامة بسيطة للنضج (اللون أو الليونة).,حمل كل ثمرة، فحصها، اختيار السليمة.,ابدأ بنوع واحد سهل التمييز.,المراقبة معك، الاختيار بمساعدة، الاختيار بمفرده.,يميّز علامة النضج بثقة متزايدة.,الانتقال إلى وضع الخضار في الأكياس المخصصة.,لا يتطلب أدوات دعم إضافية.,معتمد مبدئيًا,Pasted text (3)(4).txt
SHOP-005-CARD002,SHOP-005-OP002,ليساهم بخطوة عملية تكمل اختياره للثمار.,جهّز الأكياس الشفافة الخاصة بالقسم.,فتح الكيس، وضع الثمار بداخله برفق.,استخدم أكياسًا واسعة الفتحة سهلة الفتح.,المساعدة في الوضع، وضع نوع واحد، وضع كل الأنواع.,يضع الثمار برفق دون سحقها.,الانتقال إلى تسليم الأكياس للوزن أو وضعها في العربة.,أكياس شفافة واسعة الفتحة.,معتمد مبدئيًا,Pasted text (3)(4).txt
SHOP-005-CARD003,SHOP-005-OP003,ليختم اختياره بخطوة تكمل عملية التسوق.,حدد مكان الميزان أو موقع العربة.,حمل الأكياس، تسليمها للوزن أو وضعها في العربة.,رافقه أول مرة لمعرفة طريقة استخدام الميزان.,المساعدة في التسليم، التسليم بمفرده، الوزن والوضع الكامل.,ينفذ الخطوة بثقة متزايدة.,الانتقال إلى قسم آخر من التسوق.,لا يتطلب أدوات دعم إضافية.,معتمد مبدئيًا,Pasted text (3)(4).txt
SHOP-006-CARD001,SHOP-006-OP001,ليمارس تواصلًا اجتماعيًا مباشرًا خلال نشاط يومي.,حدد معه الكمية المطلوبة قبل الطلب.,التوجه للموظف، ذكر الكمية المطلوبة.,جهّز بطاقة مكتوبة بالطلب يقدّمها للموظف إن كان التحدث صعبًا.,المرافقة أثناء الطلب، الطلب بمساعدتك، الطلب بمفرده.,يعبّر عن الطلب بثقة متزايدة.,الانتقال إلى استلام مغلفات اللحوم.,بطاقة طلب مكتوبة مسبقًا.,معتمد مبدئيًا,Pasted text (3)(4).txt
SHOP-006-CARD002,SHOP-006-OP002,ليساهم بخطوة عملية تكمل التواصل مع الموظف.,تأكد أن المغلفات ليست ثقيلة جدًا لحملها.,استلام المغلفات من الموظف، حملها بحذر.,رافقه أول مرة لمعرفة طريقة الاستلام.,المساعدة في الاستلام، الاستلام بمفرده، الحمل الكامل.,يستلم المغلفات بثبات دون تردد.,الانتقال إلى التأكد من إغلاق المغلفات قبل وضعها بالعربة.,لا يتطلب أدوات دعم إضافية.,معتمد مبدئيًا,Pasted text (3)(4).txt
SHOP-006-CARD003,SHOP-006-OP003,ليساهم في مسؤولية بسيطة تحافظ على نظافة العربة.,اعرض عليه علامة بسيطة على إغلاق المغلف.,فحص كل مغلف، وضعه في العربة إن كان مغلقًا.,اطلب من الموظف تأكيد الإغلاق أمامه.,المراقبة معك، الفحص بمساعدة، الفحص بمفرده.,يتحقق من الإغلاق بثقة متزايدة.,الانتقال إلى قسم آخر من التسوق.,لا يتطلب أدوات دعم إضافية.,معتمد مبدئيًا,Pasted text (3)(4).txt
SHOP-007-CARD001,SHOP-007-OP001,ليساهم في اختيار طعام يومي تتشاركه الأسرة.,حدد معه أنواع الخبز المعتادة للأسرة.,النظر للأنواع المتاحة، اختيار النوع المطلوب.,استخدم صورًا للأنواع المفضلة كمرجع سريع.,الإشارة للنوع، الاختيار من بين خيارين، الاختيار بمفرده.,يعبّر عن اختياره بوضوح متزايد.,الانتقال إلى فحص تاريخ الإنتاج.,بطاقة صور لأنواع الخبز المعتادة.,معتمد مبدئيًا,Pasted text (3)(4).txt
SHOP-007-CARD002,SHOP-007-OP002,ليساهم في التأكد من نضارة ما تشتريه الأسرة.,اعرض عليه مكان طباعة التاريخ على العبوة.,إخراج العبوة، قراءة التاريخ أو عرضه عليك.,استخدم عدسة مكبرة إن كانت الكتابة صغيرة.,المساعدة في البحث عن التاريخ، القراءة بمساعدة، القراءة بمفرده.,يجد التاريخ بثقة متزايدة.,الانتقال إلى وضع المخبوزات في أعلى العربة لحمايتها من التلف.,عدسة مكبرة عند الحاجة.,معتمد مبدئيًا,Pasted text (3)(4).txt
SHOP-007-CARD003,SHOP-007-OP003,ليساهم في مهمة بسيطة تحافظ على جودة الشراء.,أفسح مساحة في أعلى العربة.,حمل المخبوزات، وضعها في أعلى العربة برفق.,ذكّره أن هذا الترتيب يحمي الخبز من السحق.,المساعدة في الوضع، الوضع بمفرده، التحقق من الترتيب أيضًا.,يضع المخبوزات في المكان الصحيح دون تذكير متكرر.,الانتقال إلى قسم آخر من التسوق.,لا يتطلب أدوات دعم إضافية.,معتمد مبدئيًا,Pasted text (3)(4).txt
SHOP-008-CARD001,SHOP-008-OP001,ليساهم بخطوة عملية بسيطة تناسب قدرته البدنية.,حدد الثلاجة التي يحتاج فتحها.,فتح الباب، الوصول للمنتج، إغلاق الباب بعد الأخذ.,اختر ثلاجات بأبواب خفيفة سهلة الفتح.,المساعدة في الفتح، الفتح بمفرده، الفتح والإغلاق الكامل.,يفتح ويغلق الباب بثبات دون صعوبة.,الانتقال إلى اختيار المنتجات المجمدة السليمة.,لا يتطلب أدوات دعم إضافية.,معتمد مبدئيًا,Pasted text (3)(4).txt
SHOP-008-CARD002,SHOP-008-OP002,ليساهم في اختيار طعام تتناوله الأسرة بنفسه.,اعرض عليه علامة بسيطة لسلامة العبوة المجمدة.,فحص كل عبوة، اختيار السليمة منها.,ابدأ بنوع واحد من المنتجات في كل مرة.,المراقبة معك، الاختيار بمساعدة، الاختيار بمفرده.,يميّز العبوة السليمة بثقة متزايدة.,الانتقال إلى تجميع المجمدات في نهاية التسوق للحفاظ على برودتها.,لا يتطلب أدوات دعم إضافية.,معتمد مبدئيًا,Pasted text (3)(4).txt
SHOP-008-CARD003,SHOP-008-OP003,ليساهم في مهمة تحافظ على جودة المشتريات.,خصص جزءًا من العربة للمجمدات.,جمع كل العبوات المجمدة، وضعها معًا في المكان المخصص.,ذكّره أن هذا الترتيب يحافظ على برودة المنتجات.,المساعدة في التجميع، التجميع الجزئي، التجميع الكامل.,يجمع المجمدات في نهاية الرحلة دون تذكير متكرر.,الانتقال إلى قسم آخر من التسوق.,لا يتطلب أدوات دعم إضافية.,معتمد مبدئيًا,Pasted text (3)(4).txt
SHOP-009-CARD001,SHOP-009-OP001,ليمارس دورًا فعليًا في العثور على ما تحتاجه القائمة.,أعطه القائمة أو صورة الصنف المطلوب.,البحث في الرفوف، إيجاد الصنف المطلوب.,اطلب منه البحث عن صنف واحد في كل مرة.,المرافقة أثناء البحث، البحث بمساعدة، البحث بمفرده.,يجد الصنف المطلوب بثقة متزايدة.,الانتقال إلى فحص سلامة العبوات من الانبعاج أو التلف.,قائمة أو صور الأصناف المطلوبة.,معتمد مبدئيًا,Pasted text (3)(4).txt
SHOP-009-CARD002,SHOP-009-OP002,ليساهم في التأكد من جودة ما تشتريه الأسرة.,اعرض عليه علامة بسيطة على التلف (انبعاج، تسريب).,حمل العبوة، فحصها، اختيار السليمة.,ابدأ بعبوة واحدة كمثال قبل الاستمرار.,المراقبة معك، الفحص بمساعدة، الفحص بمفرده.,يميّز العبوة السليمة بثقة متزايدة.,الانتقال إلى مطابقة أحجام العبوات مع القائمة.,لا يتطلب أدوات دعم إضافية.,معتمد مبدئيًا,Pasted text (3)(4).txt
SHOP-009-CARD003,SHOP-009-OP003,ليساهم في التأكد من صحة الكمية المطلوبة.,حدد الحجم المطلوب في القائمة معه.,مقارنة حجم العبوة مع ما هو مكتوب في القائمة.,استخدم صورًا للأحجام المعتادة.,المساعدة في المطابقة، المطابقة بمفرده، تأكيد الاختيار أيضًا.,يطابق الحجم الصحيح بثقة متزايدة.,الانتقال إلى قسم آخر من التسوق.,صور مرجعية للأحجام المعتادة.,معتمد مبدئيًا,Pasted text (3)(4).txt
SHOP-010-CARD001,SHOP-010-OP001,ليساهم في اختيار مستلزمات تستخدمها الأسرة.,حدد الأنواع المعتادة للأسرة.,النظر للخيارات، اختيار النوع المفضل.,استخدم صورًا للأنواع المعتادة.,الإشارة للنوع، الاختيار من بين خيارين، الاختيار بمفرده.,يعبّر عن اختياره بوضوح متزايد.,الانتقال إلى التأكد من إحكام إغلاق العبوات السائلة.,بطاقة صور للأنواع المعتادة.,معتمد مبدئيًا,Pasted text (3)(4).txt
SHOP-010-CARD002,SHOP-010-OP002,ليساهم في مهمة سلامة بسيطة تحمي العربة من الانسكاب.,اعرض عليه طريقة فحص الغطاء.,حمل العبوة، فحص الغطاء، التأكد من إحكامه.,ابدأ بعبوة واحدة كمثال.,المراقبة معك، الفحص بمساعدة، الفحص بمفرده.,يتحقق من الغطاء بثقة متزايدة.,الانتقال إلى عزل المنظفات عن المواد الغذائية داخل العربة.,لا يتطلب أدوات دعم إضافية.,معتمد مبدئيًا,Pasted text (3)(4).txt
SHOP-010-CARD003,SHOP-010-OP003,ليساهم في ترتيب آمن لمحتويات العربة.,خصص جزءًا من العربة للمنظفات.,وضع المنظفات في الجزء المخصص، بعيدًا عن الطعام.,استخدم كيسًا منفصلًا للمنظفات داخل العربة.,المساعدة في العزل، العزل الجزئي، العزل الكامل.,يعزل المنظفات بثبات دون تذكير متكرر.,الانتقال إلى قسم آخر من التسوق.,كيس منفصل للمنظفات.,معتمد مبدئيًا,Pasted text (3)(4).txt
SHOP-011-CARD001,SHOP-011-OP001,ليساهم في اختيار مستلزماته الشخصية بنفسه.,حدد الحجم المعتاد للأسرة.,مقارنة الأحجام المتاحة، اختيار المناسب.,استخدم صورًا للأحجام المعتادة.,المساعدة في المقارنة، المقارنة بمفرده، الاختيار النهائي أيضًا.,يختار الحجم المناسب بثقة متزايدة.,الانتقال إلى اختيار العلامات التجارية المعتادة.,صور مرجعية للأحجام المعتادة.,معتمد مبدئيًا,Pasted text (3)(4).txt
SHOP-011-CARD002,SHOP-011-OP002,ليساهم في اختيار ما يناسب تفضيلاته الشخصية.,حدد العلامات التجارية المعتادة للأسرة.,البحث عن العلامة المطلوبة، اختيارها من الرف.,استخدم صورًا للعبوات المعتادة كمرجع.,الإشارة للعلامة، البحث بمساعدة، البحث بمفرده.,يجد العلامة المطلوبة بثقة متزايدة.,الانتقال إلى وضع المستلزمات الشخصية في السلة.,صور مرجعية للعبوات المعتادة.,معتمد مبدئيًا,Pasted text (3)(4).txt
SHOP-011-CARD003,SHOP-011-OP003,ليختم اختياره بخطوة تكمل عملية التسوق.,تأكد أن السلة أو العربة في متناول يده.,حمل المنتجات، وضعها في السلة.,رافقه في وضع أول منتج كمثال.,المساعدة في الوضع، الوضع بمفرده، ترتيبها في السلة أيضًا.,يضع المنتجات بثبات دون إسقاطها.,الانتقال إلى قسم آخر من التسوق.,لا يتطلب أدوات دعم إضافية.,معتمد مبدئيًا,Pasted text (3)(4).txt
SHOP-012-CARD001,SHOP-012-OP001,ليمارس تواصلًا مباشرًا خلال نشاط يومي مهم.,جهّز الوصفة الطبية في متناول يده.,التوجه للصيدلي، تقديم الوصفة له.,رافقه في أول مرة لمعرفة الخطوة.,المرافقة أثناء التقديم، التقديم بمساعدتك، التقديم بمفرده.,يقدّم الوصفة بثقة متزايدة.,الانتقال إلى استلام الأدوية.,لا يتطلب أدوات دعم إضافية.,معتمد مبدئيًا,Pasted text (3)(4).txt
SHOP-012-CARD002,SHOP-012-OP002,ليساهم بخطوة عملية تكمل التواصل مع الصيدلي.,تأكد من حضورك أثناء الاستلام.,استلام الكيس من الصيدلي، حمله بحذر.,رافقه أول مرة لمعرفة طريقة الاستلام.,المساعدة في الاستلام، الاستلام بمفرده، التحقق من المحتوى أيضًا معك.,يستلم الكيس بثبات دون تردد.,الانتقال إلى دفع قيمة المشتريات الطبية.,لا يتطلب أدوات دعم إضافية.,معتمد مبدئيًا,Pasted text (3)(4).txt
SHOP-012-CARD003,SHOP-012-OP003,ليختم زيارة الصيدلية بخطوة إتمام بسيطة.,جهّز المبلغ أو البطاقة معك بجانبه.,تسليم المبلغ أو البطاقة، استلام الفاتورة.,ابدأ بمناولة المبلغ أو البطاقة فقط بينما تتابع أنت التفاصيل.,المساعدة في المناولة، المناولة بمفرده، متابعة الفاتورة أيضًا.,يناول المبلغ أو البطاقة بثبات.,المهمة اكتملت والأدوية جاهزة للعودة بها للمنزل.,لا يتطلب أدوات دعم إضافية.,معتمد مبدئيًا,Pasted text (3)(4).txt
SHOP-013-CARD001,SHOP-013-OP001,ليساهم في العناية باحتياجات أخيه الصغير.,حدد المقاس الحالي المطلوب.,البحث عن المقاس على العبوة، اختياره.,استخدم رقم المقاس كمرجع واضح على العبوة.,الإشارة للمقاس، البحث بمساعدة، البحث بمفرده.,يجد المقاس الصحيح بثقة متزايدة.,الانتقال إلى البحث عن العلامات التجارية المطلوبة لأغذية الأطفال.,رقم المقاس المطلوب مكتوبًا.,معتمد مبدئيًا,Pasted text (3)(4).txt
SHOP-013-CARD002,SHOP-013-OP002,ليساهم في اختيار طعام يخص أخيه الصغير.,حدد العلامة التجارية المعتادة.,البحث في الرفوف، إيجاد العلامة المطلوبة.,استخدم صورة العبوة المعتادة كمرجع.,المرافقة أثناء البحث، البحث بمساعدة، البحث بمفرده.,يجد العلامة المطلوبة بثقة متزايدة.,الانتقال إلى وضع المستلزمات في العربة.,صورة مرجعية للعبوة المعتادة.,معتمد مبدئيًا,Pasted text (3)(4).txt
SHOP-013-CARD003,SHOP-013-OP003,ليختم اختياره بخطوة تكمل عملية التسوق لأخيه.,تأكد أن العربة في متناول يده.,حمل المنتجات، وضعها في العربة.,رافقه في وضع أول منتج كمثال.,المساعدة في الوضع، الوضع بمفرده، ترتيبها أيضًا.,يضع المنتجات بثبات دون إسقاطها.,الانتقال إلى قسم آخر من التسوق.,لا يتطلب أدوات دعم إضافية.,معتمد مبدئيًا,Pasted text (3)(4).txt
SHOP-014-CARD001,SHOP-014-OP001,ليساهم في اختيار ملابسه الخاصة بنفسه.,حدد مقاسه المعتاد معه.,البحث في القطع المعروضة، إيجاد المقاس المناسب.,استخدم رقم المقاس المعتاد كمرجع.,الإشارة للمقاس، البحث بمساعدة، البحث بمفرده.,يجد المقاس الصحيح بثقة متزايدة.,الانتقال إلى اختيار القطع والألوان.,رقم المقاس المعتاد مكتوبًا.,معتمد مبدئيًا,Pasted text (3)(4).txt
SHOP-014-CARD002,SHOP-014-OP002,ليعبّر عن تفضيلاته الشخصية في الملبس.,أفسح له مساحة للتصفح دون استعجال.,النظر للخيارات، اختيار القطعة واللون المفضل.,حدد له عددًا قليلًا من الخيارات لتقليل التشتت.,الإشارة للخيار، الاختيار من بين خيارين، الاختيار الكامل بمفرده.,يعبّر عن تفضيله بوضوح متزايد.,الانتقال إلى نقل الملابس لغرفة القياس.,لا يتطلب أدوات دعم إضافية.,معتمد مبدئيًا,Pasted text (3)(4).txt
SHOP-014-CARD003,SHOP-014-OP003,ليساهم بخطوة عملية تكمل اختياره للملابس.,حدد مكان غرفة القياس.,حمل القطع المختارة، نقلها لغرفة القياس.,رافقه في أول رحلة للتعرف على المكان.,المرافقة أثناء النقل، النقل بمفرده، تنظيم القطع أيضًا.,يحمل القطع بثبات دون إسقاطها.,الانتقال إلى تجربة الملابس في غرفة القياس.,لا يتطلب أدوات دعم إضافية.,معتمد مبدئيًا,Pasted text (3)(4).txt
SHOP-015-CARD001,SHOP-015-OP001,ليساهم في اختيار حذائه الخاص بنفسه.,حدد مقاسه المعتاد معه.,البحث بين الأحذية، إيجاد المقاس المناسب.,استخدم رقم المقاس المعتاد كمرجع.,الإشارة للمقاس، البحث بمساعدة، البحث بمفرده.,يجد المقاس الصحيح بثقة متزايدة.,الانتقال إلى تجربة الحذاء والمشي به للتأكد من القياس.,رقم المقاس المعتاد مكتوبًا.,معتمد مبدئيًا,Pasted text (3)(4).txt
SHOP-015-CARD002,SHOP-015-OP002,ليتحقق بنفسه من راحة اختياره قبل الشراء.,أفسح مساحة آمنة للمشي في المتجر.,ارتداء الحذاء، المشي به، تقييم الراحة.,اطلب منه المشي خطوات قليلة أولًا قبل الحكم النهائي.,المساعدة في الارتداء، الارتداء بمفرده، المشي والتقييم الكامل.,يعبّر عن شعوره بالراحة أو عدمها بوضوح.,الانتقال إلى إعادة ترتيب الأحذية غير المناسبة في علبها.,لا يتطلب أدوات دعم إضافية.,معتمد مبدئيًا,Pasted text (3)(4).txt
SHOP-015-CARD003,SHOP-015-OP003,ليساهم في ترك المكان مرتبًا بعد التجربة.,جهّز العلب الفارغة قريبة منه.,وضع الحذاء في علبته، إعادتها لمكانها.,اطلب منه إعادة زوج واحد في كل مرة.,المساعدة في الإعادة، الإعادة الجزئية، الإعادة الكاملة.,يعيد الأحذية لعلبها بثبات دون تذكير متكرر.,الانتقال إلى قسم آخر من التسوق.,لا يتطلب أدوات دعم إضافية.,معتمد مبدئيًا,Pasted text (3)(4).txt
SHOP-016-CARD001,SHOP-016-OP001,ليساهم في التأكد من جودة اختياره الشخصي.,اعرض عليه علامة بسيطة للجودة (خياطة، سحّاب).,حمل القطعة، فحصها بحذر.,ابدأ بقطعة واحدة كمثال.,المراقبة معك، الفحص بمساعدة، الفحص بمفرده.,يميّز القطعة الجيدة بثقة متزايدة.,الانتقال إلى تجربة القطع للتأكد من الملاءمة.,لا يتطلب أدوات دعم إضافية.,معتمد مبدئيًا,Pasted text (3)(4).txt
SHOP-016-CARD002,SHOP-016-OP002,ليتحقق بنفسه من ملاءمة اختياره قبل الشراء.,أفسح مرآة أو مساحة للتجربة.,ارتداء أو حمل القطعة، النظر في المرآة.,ابدأ بقطعة واحدة قبل تجربة أخرى.,المساعدة في التجربة، التجربة بمفرده، التقييم الكامل.,يعبّر عن رأيه في الملاءمة بوضوح.,الانتقال إلى مناولة القطع المختارة للمحاسب.,لا يتطلب أدوات دعم إضافية.,معتمد مبدئيًا,Pasted text (3)(4).txt
SHOP-016-CARD003,SHOP-016-OP003,ليختم عملية اختياره بخطوة إتمام بسيطة.,جهّز القطعة المختارة في متناول يده.,حمل القطعة، مناولتها للمحاسب.,رافقه أول مرة لمعرفة الخطوة.,المساعدة في المناولة، المناولة بمفرده، متابعة الحساب أيضًا.,يناول القطعة بثقة متزايدة.,المهمة اكتملت واختياره جاهز.,لا يتطلب أدوات دعم إضافية.,معتمد مبدئيًا,Pasted text (3)(4).txt
SHOP-017-CARD001,SHOP-017-OP001,ليمارس دورًا فعليًا في العثور على ما تحتاجه الأسرة.,أعطه القائمة أو صورة الأداة المطلوبة.,البحث في الرفوف، إيجاد الأداة المطلوبة.,اطلب منه البحث عن أداة واحدة في كل مرة.,المرافقة أثناء البحث، البحث بمساعدة، البحث بمفرده.,يجد الأداة المطلوبة بثقة متزايدة.,الانتقال إلى فحص سلامة الأواني أو الأكواب الزجاجية.,قائمة أو صور الأدوات المطلوبة.,معتمد مبدئيًا,Pasted text (3)(4).txt
SHOP-017-CARD002,SHOP-017-OP002,ليساهم في التأكد من سلامة ما تشتريه الأسرة.,اعرض عليه علامة بسيطة للتلف (شرخ، كسر).,حمل القطعة بحذر، فحصها، اختيار السليمة.,ابدأ بقطعة واحدة كمثال.,المراقبة معك، الفحص بمساعدة، الفحص بمفرده.,يميّز القطعة السليمة بثقة متزايدة.,الانتقال إلى حمل الأدوات بحذر لتجنب الكسر.,لا يتطلب أدوات دعم إضافية.,معتمد مبدئيًا,Pasted text (3)(4).txt
SHOP-017-CARD003,SHOP-017-OP003,ليساهم بجهد بدني حذر يشعره بالمساعدة الحقيقية.,تأكد أن الأدوات ليست ثقيلة جدًا لحملها.,حمل الأدوات بثبات، نقلها للعربة.,استخدم سلة داخلية صغيرة للقطع الهشة.,المساعدة في الحمل، حمل قطعة واحدة، حمل عدة قطع بحذر.,يحمل القطع بثبات وحذر متزايد.,الانتقال إلى قسم آخر من التسوق.,سلة داخلية للقطع الهشة.,معتمد مبدئيًا,Pasted text (3)(4).txt
SHOP-018-CARD001,SHOP-018-OP001,ليساهم في مهمة عملية تخص اختيار أثاث المنزل.,جهّز المتر الشريطي في متناول يده.,مد المتر على القطعة، قراءة الرقم معك.,استخدم مترًا بأرقام كبيرة وواضحة.,المراقبة معك، المد بمساعدة، القياس بمفرده.,يتابع الرقم ويخبرك به بثقة متزايدة.,الانتقال إلى تجربة الجلوس على الأثاث لتقييمه.,متر شريطي بأرقام واضحة.,معتمد مبدئيًا,Pasted text (3)(4).txt
SHOP-018-CARD002,SHOP-018-OP002,ليعبّر عن رأيه في راحة القطعة المختارة.,أفسح له مساحة للتجربة دون استعجال.,الجلوس على القطعة، تقييم الراحة.,اطلب منه الجلوس لفترة قصيرة قبل الحكم النهائي.,المساعدة في التجربة، التجربة بمفرده، التقييم الكامل.,يعبّر عن شعوره بالراحة أو عدمها بوضوح.,الانتقال إلى مقارنة الخيارات المتوفرة في المعرض.,لا يتطلب أدوات دعم إضافية.,معتمد مبدئيًا,Pasted text (3)(4).txt
SHOP-018-CARD003,SHOP-018-OP003,ليساهم في قرار الأسرة حول اختيار الأثاث.,حدد معه خيارين أو ثلاثة للمقارنة.,النظر للخيارات، مقارنة الشكل والراحة.,ركّز على معيار واحد للمقارنة في كل مرة (اللون أو الشكل).,المساعدة في المقارنة، المقارنة بمفرده، الاختيار النهائي أيضًا.,يعبّر عن تفضيله بين الخيارات بوضوح.,قرار الأثاث جاهز للإتمام مع الأسرة.,لا يتطلب أدوات دعم إضافية.,معتمد مبدئيًا,Pasted text (3)(4).txt
SHOP-019-CARD001,SHOP-019-OP001,ليساهم في قرار الأسرة حول اختيار الجهاز.,حدد معه خيارين للمقارنة.,النظر لبطاقات المواصفات، مقارنة النقاط الأساسية.,ركّز على ميزة واحدة للمقارنة في كل مرة.,المساعدة في المقارنة، المقارنة بمفرده، الاختيار النهائي أيضًا.,يعبّر عن تفضيله بين الخيارات بوضوح.,الانتقال إلى طلب تجربة الجهاز من البائع.,لا يتطلب أدوات دعم إضافية.,معتمد مبدئيًا,Pasted text (3)(4).txt
SHOP-019-CARD002,SHOP-019-OP002,ليمارس تواصلًا مباشرًا خلال قرار شراء مهم.,جهّز معه جملة بسيطة لطلب التجربة.,التوجه للبائع، طلب تجربة الجهاز.,رافقه في أول مرة لمعرفة طريقة الطلب.,المرافقة أثناء الطلب، الطلب بمساعدتك، الطلب بمفرده.,يطلب التجربة بثقة متزايدة.,الانتقال إلى استلام وحفظ شهادة الضمان والفاتورة.,لا يتطلب أدوات دعم إضافية.,معتمد مبدئيًا,Pasted text (3)(4).txt
SHOP-019-CARD003,SHOP-019-OP003,ليساهم في مسؤولية بسيطة تخص أوراق الأسرة المهمة.,جهّز مكانًا لحفظ الأوراق.,استلام الأوراق، وضعها في المكان المخصص.,استخدم ملفًا واحدًا ثابتًا لكل شهادات الضمان.,المساعدة في الاستلام، الاستلام بمفرده، الحفظ في الملف أيضًا.,يحفظ الأوراق في مكانها الصحيح دون تذكير.,الجهاز جاهز للاستخدام مع أوراقه محفوظة.,ملف ثابت لشهادات الضمان.,معتمد مبدئيًا,Pasted text (3)(4).txt
SHOP-020-CARD001,SHOP-020-OP001,ليساهم في تجهيز احتياجاته الدراسية بنفسه.,جهّز قائمة الطلبات المدرسية.,مراجعة كل عنصر في القائمة، التأكد من فهمه.,استخدم صورًا للعناصر المطلوبة.,المراقبة معك، المراجعة بمساعدة، المراجعة بمفرده.,يتابع القائمة بثقة متزايدة.,الانتقال إلى اختيار الدفاتر والأقلام.,قائمة مصورة للطلبات.,معتمد مبدئيًا,Pasted text (3)(4).txt
SHOP-020-CARD002,SHOP-020-OP002,ليعبّر عن تفضيلاته في أدواته الدراسية.,أفسح له مساحة للتصفح دون استعجال.,النظر للخيارات، اختيار الدفاتر والأقلام المفضلة.,حدد له عددًا قليلًا من الخيارات لتقليل التشتت.,الإشارة للخيار، الاختيار من بين خيارين، الاختيار الكامل بمفرده.,يعبّر عن تفضيله بوضوح متزايد.,الانتقال إلى وضع الأدوات في السلة.,لا يتطلب أدوات دعم إضافية.,معتمد مبدئيًا,Pasted text (3)(4).txt
SHOP-020-CARD003,SHOP-020-OP003,ليختم اختياره بخطوة تكمل عملية التسوق.,تأكد أن السلة في متناول يده.,حمل الأدوات، وضعها في السلة.,رافقه في وضع أول أداة كمثال.,المساعدة في الوضع، الوضع بمفرده، ترتيبها في السلة أيضًا.,يضع الأدوات بثبات دون إسقاطها.,أدواته الدراسية جاهزة للعام الدراسي.,لا يتطلب أدوات دعم إضافية.,معتمد مبدئيًا,Pasted text (3)(4).txt
SHOP-021-CARD001,SHOP-021-OP001,ليتحقق بنفسه من ملاءمة الأداة قبل الشراء.,أفسح مساحة آمنة للتجربة في المتجر.,حمل الأداة، تجربتها بحركة بسيطة.,اطلب منه تجربة أداة واحدة في كل مرة.,المساعدة في التجربة، التجربة بمفرده، التقييم الكامل.,يعبّر عن شعوره بالراحة مع الأداة بوضوح.,الانتقال إلى اختيار المقاس المناسب.,لا يتطلب أدوات دعم إضافية.,معتمد مبدئيًا,Pasted text (3)(4).txt
SHOP-021-CARD002,SHOP-021-OP002,ليساهم في اختيار أداته الرياضية بنفسه.,حدد المقاس المعتاد له.,البحث عن المقاس المناسب، اختياره.,استخدم رقم المقاس المعتاد كمرجع.,الإشارة للمقاس، البحث بمساعدة، البحث بمفرده.,يجد المقاس الصحيح بثقة متزايدة.,الانتقال إلى فحص متانة الأداة.,رقم المقاس المعتاد مكتوبًا.,معتمد مبدئيًا,Pasted text (3)(4).txt
SHOP-021-CARD003,SHOP-021-OP003,ليساهم في التأكد من جودة اختياره.,اعرض عليه علامة بسيطة للجودة (ثبات، مقبض).,حمل الأداة، فحصها بحذر.,ابدأ بأداة واحدة كمثال.,المراقبة معك، الفحص بمساعدة، الفحص بمفرده.,يميّز الأداة المتينة بثقة متزايدة.,الأداة الرياضية جاهزة للاستخدام.,لا يتطلب أدوات دعم إضافية.,معتمد مبدئيًا,Pasted text (3)(4).txt
SHOP-022-CARD001,SHOP-022-OP001,ليساهم في اختيار هدية لشخص يهتم به.,حدد معه الفئة العمرية للمُهدى إليه.,النظر للخيارات، اختيار الهدية المناسبة.,حدد له عددًا قليلًا من الخيارات المناسبة للعمر.,الإشارة للخيار، الاختيار من بين خيارين، الاختيار الكامل بمفرده.,يعبّر عن اختياره بوضوح متزايد.,الانتقال إلى طلب خدمة تغليف الهدية.,لا يتطلب أدوات دعم إضافية.,معتمد مبدئيًا,Pasted text (3)(4).txt
SHOP-022-CARD002,SHOP-022-OP002,ليمارس تواصلًا مباشرًا خلال إعداد هدية مميزة.,جهّز معه جملة بسيطة لطلب التغليف.,التوجه لموظف التغليف، طلب الخدمة.,رافقه في أول مرة لمعرفة طريقة الطلب.,المرافقة أثناء الطلب، الطلب بمساعدتك، الطلب بمفرده.,يطلب الخدمة بثقة متزايدة.,الانتقال إلى كتابة بطاقة الإهداء.,لا يتطلب أدوات دعم إضافية.,معتمد مبدئيًا,Pasted text (3)(4).txt
SHOP-022-CARD003,SHOP-022-OP003,ليضيف لمسته الشخصية على الهدية.,جهّز البطاقة والقلم.,كتابة رسالة قصيرة أو إملائها لك.,اقترح عليه جملة بسيطة جاهزة يمكنه تعديلها.,الإملاء لك، المشاركة في الكتابة، الكتابة بمفرده.,يعبّر عن مشاعره تجاه المُهدى إليه بكلماته.,الهدية جاهزة للتقديم بلمسته الشخصية.,جملة جاهزة كمرجع اختياري.,معتمد مبدئيًا,Pasted text (3)(4).txt
SHOP-023-CARD001,SHOP-023-OP001,ليساهم في اختيار نباتات تُضاف لحديقة الأسرة.,اعرض عليه علامة بسيطة لسلامة النبتة.,فحص كل نبتة، اختيار السليمة منها.,ابدأ بنبتة واحدة كمثال.,المراقبة معك، الاختيار بمساعدة، الاختيار بمفرده.,يميّز النبتة السليمة بثقة متزايدة.,الانتقال إلى حمل أكياس التربة الزراعية.,لا يتطلب أدوات دعم إضافية.,معتمد مبدئيًا,Pasted text (3)(4).txt
SHOP-023-CARD002,SHOP-023-OP002,ليساهم بجهد بدني ملموس يشعره بالمساعدة الحقيقية.,تأكد أن الأكياس ليست ثقيلة جدًا لحمله.,حمل الأكياس، نقلها للعربة.,اختر أكياسًا صغيرة الحجم بدل الكبيرة.,المساعدة في الحمل، حمل كيس واحد، حمل عدة أكياس.,يحمل الأكياس بثبات لمسافة أطول تدريجيًا.,الانتقال إلى اختيار الأوعية أو الأحواض المناسبة.,أكياس بحجم مناسب لقدرته.,معتمد مبدئيًا,Pasted text (3)(4).txt
SHOP-023-CARD003,SHOP-023-OP003,ليساهم في اختيار ما يناسب النباتات المختارة.,حدد حجم النبتة المختارة معه.,النظر للأوعية المتاحة، اختيار الحجم المناسب.,استخدم صورة النبتة بجانب الوعاء للمقارنة.,الإشارة للحجم، الاختيار من بين خيارين، الاختيار بمفرده.,يختار الحجم المناسب بثقة متزايدة.,النباتات ومستلزماتها جاهزة للعودة بها للمنزل.,صورة مرجعية للمقارنة.,معتمد مبدئيًا,Pasted text (3)(4).txt
SHOP-024-CARD001,SHOP-024-OP001,ليساهم في مهمة عملية تخص صيانة المنزل.,جهّز المقاس المطلوب مكتوبًا أو مصورًا.,مقارنة المقاس على الأداة مع المطلوب.,استخدم صورة توضيحية للمقاس المطلوب.,المساعدة في المطابقة، المطابقة بمفرده، تأكيد الاختيار أيضًا.,يطابق المقاس الصحيح بثقة متزايدة.,الانتقال إلى حمل العبوات أو الأدوات الثقيلة (بمساعدة).,صورة مرجعية للمقاس المطلوب.,معتمد مبدئيًا,Pasted text (3)(4).txt
SHOP-024-CARD002,SHOP-024-OP002,ليساهم بجهد بدني ملموس ضمن حدود قدرته.,حدد معه الأدوات الآمنة التي يمكنه حملها.,حمل جزء من الأداة معك، المساعدة في النقل.,اقتصر دوره على حمل الجزء الأخف من الأداة.,المساعدة الجزئية معك، حمل قطعة خفيفة بمفرده، المشاركة الكاملة بإشرافك.,يحمل بثبات ضمن حدود قدرته البدنية.,الانتقال إلى تسليم قائمة الطلبات لمسؤول المبيعات.,لا يتطلب أدوات دعم إضافية.,معتمد مبدئيًا,Pasted text (3)(4).txt
SHOP-024-CARD003,SHOP-024-OP003,ليمارس تواصلًا مباشرًا خلال مهمة الشراء.,جهّز القائمة مكتوبة بوضوح.,التوجه للمسؤول، تسليم القائمة.,رافقه في أول مرة لمعرفة الخطوة.,المرافقة أثناء التسليم، التسليم بمساعدتك، التسليم بمفرده.,يسلّم القائمة بثقة متزايدة.,مواد الصيانة جاهزة للعودة بها للمنزل.,لا يتطلب أدوات دعم إضافية.,معتمد مبدئيًا,Pasted text (3)(4).txt
SHOP-025-CARD001,SHOP-025-OP001,ليمارس تواصلًا مباشرًا خلال مهمة تخص السيارة.,جهّز الاستمارة أو التفاصيل معك.,التوجه للبائع، تقديم الأوراق أو ذكر التفاصيل.,رافقه في أول مرة لمعرفة الخطوة.,المرافقة أثناء التقديم، التقديم بمساعدتك، التقديم بمفرده.,يقدّم الأوراق أو التفاصيل بثقة متزايدة.,الانتقال إلى استلام القطع وفحصها.,لا يتطلب أدوات دعم إضافية.,معتمد مبدئيًا,Pasted text (3)(4).txt
SHOP-025-CARD002,SHOP-025-OP002,ليساهم في التأكد من سلامة ما يُشترى للسيارة.,اعرض عليه علامة بسيطة لسلامة القطعة.,استلام القطعة، فحصها بحذر.,ابدأ بقطعة واحدة كمثال.,المراقبة معك، الفحص بمساعدة، الفحص بمفرده.,يميّز القطعة السليمة بثقة متزايدة.,الانتقال إلى حمل القطع إلى السيارة.,لا يتطلب أدوات دعم إضافية.,معتمد مبدئيًا,Pasted text (3)(4).txt
SHOP-025-CARD003,SHOP-025-OP003,ليساهم بجهد بدني ملموس يشعره بالمساعدة الحقيقية.,تأكد أن القطع ليست ثقيلة جدًا لحملها.,حمل القطع، نقلها للسيارة.,اختر قطعًا خفيفة يمكنه حملها بمفرده.,المساعدة في الحمل، حمل قطعة واحدة، حمل عدة قطع.,يحمل القطع بثبات دون إسقاطها.,القطع جاهزة للعودة بها للمنزل.,لا يتطلب أدوات دعم إضافية.,معتمد مبدئيًا,Pasted text (3)(4).txt
SHOP-026-CARD001,SHOP-026-OP001,ليساهم في التوجه داخل مساحة كبيرة ومألوفة تدريجيًا.,جهّز خريطة المركز أو صورة لها.,النظر للخريطة، تحديد اتجاه المتجر المطلوب.,ابدأ بمتجر واحد قريب كمثال.,المراقبة معك، التتبع بمساعدة، التتبع بمفرده.,يجد الاتجاه الصحيح بثقة متزايدة.,الانتقال إلى حمل أكياس المشتريات.,خريطة المركز التجاري.,معتمد مبدئيًا,Pasted text (3)(4).txt
SHOP-026-CARD002,SHOP-026-OP002,ليساهم بجهد بدني ملموس أثناء التسوق.,تأكد أن الأكياس ليست ثقيلة جدًا لحملها.,حمل الأكياس، السير بها بين المتاجر.,وزّع المشتريات على أكياس خفيفة متعددة.,المساعدة في الحمل، حمل كيس واحد، حمل عدة أكياس.,يحمل الأكياس بثبات لمسافة أطول تدريجيًا.,الانتقال إلى متابعة الوقت خلال التسوق.,أكياس خفيفة موزّعة.,معتمد مبدئيًا,Pasted text (3)(4).txt
SHOP-026-CARD003,SHOP-026-OP003,ليساهم في مهمة تنظيمية بسيطة تخص وقت الرحلة.,حدد معه وقت المغادرة المتوقع.,النظر للساعة بين الحين والآخر، تذكيرك بالوقت.,استخدم منبهًا بسيطًا على الهاتف كمرجع.,المراقبة معك، النظر للوقت بمفرده، التذكير بالموعد أيضًا.,يتابع الوقت ويذكّرك به دون طلب متكرر.,رحلة التسوق تنتهي في الوقت المخطط له.,منبه بسيط على الهاتف.,معتمد مبدئيًا,Pasted text (3)(4).txt
SHOP-027-CARD001,SHOP-027-OP001,ليساهم بخطوة عملية بسيطة تخص عضوية الأسرة.,جهّز البطاقة في متناول يده.,إخراج البطاقة، إبرازها للكاشير.,خصص مكانًا ثابتًا لحفظ البطاقة.,المساعدة في الإخراج، الإخراج بمفرده، الإبراز الكامل.,يبرز البطاقة بثقة متزايدة دون تذكير.,الانتقال إلى البحث عن المنتجات المخفضة الخاصة بالجمعية.,مكان ثابت لحفظ البطاقة.,معتمد مبدئيًا,Pasted text (3)(4).txt
SHOP-027-CARD002,SHOP-027-OP002,ليساهم في اختيار عروض تفيد ميزانية الأسرة.,اعرض عليه علامة العروض الخاصة.,البحث في الرفوف عن علامة الخصم، اختيار المنتج.,استخدم لون العلامة المميز كمرجع سريع.,المرافقة أثناء البحث، البحث بمساعدة، البحث بمفرده.,يجد العروض بثقة متزايدة.,الانتقال إلى دفع عربة التسوق داخل الممرات.,لا يتطلب أدوات دعم إضافية.,معتمد مبدئيًا,Pasted text (3)(4).txt
SHOP-027-CARD003,SHOP-027-OP003,ليساهم بجهد بدني ملموس أثناء التنقل بين الأقسام.,تأكد أن العربة خفيفة الحركة.,إمساك مقبض العربة، دفعها بين الممرات.,ابدأ بمسافة قصيرة قبل التوسع.,المساعدة في الدفع، الدفع بمفرده لمسافة قصيرة، الدفع الكامل خلال الرحلة.,يدفع العربة بثبات وتحكم متزايد.,الانتقال إلى قسم آخر من التسوق.,لا يتطلب أدوات دعم إضافية.,معتمد مبدئيًا,Pasted text (3)(4).txt
SHOP-028-CARD001,SHOP-028-OP001,ليمارس مهمة تسوق بسيطة ومستقلة نسبيًا.,جهّز قائمة قصيرة بعنصر أو عنصرين.,الدخول للمحل، اختيار العنصر المطلوب.,ابدأ بعنصر واحد مألوف له.,المرافقة أثناء الشراء، الشراء بمساعدة قريبة، الشراء بمفرده.,يجد العنصر ويختاره بثقة متزايدة.,الانتقال إلى دفع المبلغ النقدي للبائع.,قائمة قصيرة مكتوبة أو مصورة.,معتمد مبدئيًا,Pasted text (3)(4).txt
SHOP-028-CARD002,SHOP-028-OP002,ليمارس تواصلًا وتعاملًا ماليًا بسيطًا مباشرًا.,جهّز المبلغ المناسب معه مسبقًا.,تسليم المبلغ للبائع.,جهّز المبلغ بالضبط أو بورقة كبيرة واحدة لتبسيط الحساب.,المساعدة في التسليم، التسليم بمفرده، عد المبلغ أيضًا.,يسلّم المبلغ بثقة متزايدة.,الانتقال إلى استلام وتأكيد الباقي.,مبلغ مجهّز مسبقًا.,معتمد مبدئيًا,Pasted text (3)(4).txt
SHOP-028-CARD003,SHOP-028-OP003,ليختم عملية الشراء بخطوة تحقق بسيطة.,اشرح له طريقة عد الباقي ببساطة.,استلام الباقي، عده بمساعدتك.,استخدم آلة حاسبة صغيرة للتحقق إن لزم.,المساعدة في العد، العد بمفرده مع تأكيدك، العد الكامل بثقة.,يتحقق من الباقي بثقة متزايدة.,المشتريات اليومية جاهزة للعودة بها للمنزل.,آلة حاسبة صغيرة عند الحاجة.,معتمد مبدئيًا,Pasted text (3)(4).txt
SHOP-029-CARD001,SHOP-029-OP001,ليمارس تواصلًا مباشرًا للحصول على معلومة يحتاجها.,جهّز معه سؤالًا بسيطًا واضحًا.,التوجه للبائع، طرح السؤال.,جهّز بطاقة مكتوبة بالسؤال إن كان التحدث صعبًا.,المرافقة أثناء الاستفسار، الاستفسار بمساعدتك، الاستفسار بمفرده.,يطرح سؤاله بثقة متزايدة.,الانتقال إلى مقارنة الخيارات المتخصصة.,بطاقة سؤال مكتوبة مسبقًا.,معتمد مبدئيًا,Pasted text (3)(4).txt
SHOP-029-CARD002,SHOP-029-OP002,ليساهم في قرار اختيار يخصه شخصيًا.,حدد معه خيارين للمقارنة.,النظر للخيارات، مقارنة النقاط الأساسية.,ركّز على معيار واحد للمقارنة في كل مرة.,المساعدة في المقارنة، المقارنة بمفرده، الاختيار النهائي أيضًا.,يعبّر عن تفضيله بين الخيارات بوضوح.,الانتقال إلى اختيار المنتج النهائي.,لا يتطلب أدوات دعم إضافية.,معتمد مبدئيًا,Pasted text (3)(4).txt
SHOP-029-CARD003,SHOP-029-OP003,ليختم مقارنته بقرار نهائي يخصه.,أفسح له وقتًا كافيًا دون استعجال.,الحسم بين الخيارات، الإشارة للاختيار النهائي.,اطرح عليه سؤالًا بسيطًا يساعده على الحسم.,المساعدة في الحسم، الحسم بمفرده، تأكيد الاختيار للبائع أيضًا.,يحسم اختياره بثقة متزايدة.,المنتج جاهز للشراء والعودة به للمنزل.,لا يتطلب أدوات دعم إضافية.,معتمد مبدئيًا,Pasted text (3)(4).txt
SHOP-030-CARD001,SHOP-030-OP001,ليساهم في اكتشاف عروض تفيد ميزانية الأسرة.,حدد له قسم التخفيضات في المتجر.,التجول في القسم، ملاحظة المنتجات المخفضة.,استخدم علامة اللون المميز للتخفيضات.,المرافقة أثناء البحث، البحث بمساعدة، البحث بمفرده.,يجد المنتجات المخفضة بثقة متزايدة.,الانتقال إلى مقارنة السعر الأصلي بسعر الخصم.,علامة لونية للتخفيضات.,معتمد مبدئيًا,Pasted text (3)(4).txt
SHOP-030-CARD002,SHOP-030-OP002,ليساهم في تقييم قيمة العرض المقدّم.,اعرض عليه بطاقة السعر بوضوح.,قراءة السعرين، حساب الفرق بمساعدتك.,استخدم آلة حاسبة صغيرة للمقارنة.,المساعدة في القراءة، القراءة بمفرده، الحساب الكامل بمساعدتك.,يقارن السعرين بثقة متزايدة.,الانتقال إلى فحص جودة المنتجات المخفضة بدقة.,آلة حاسبة صغيرة.,معتمد مبدئيًا,Pasted text (3)(4).txt
SHOP-030-CARD003,SHOP-030-OP003,ليساهم في التأكد من قيمة الشراء المخفض.,اعرض عليه علامة بسيطة للجودة.,حمل المنتج، فحصه بحذر.,ابدأ بمنتج واحد كمثال.,المراقبة معك، الفحص بمساعدة، الفحص بمفرده.,يميّز المنتج الجيد بثقة متزايدة.,المنتج جاهز للشراء بقيمة مناسبة.,لا يتطلب أدوات دعم إضافية.,معتمد مبدئيًا,Pasted text (3)(4).txt
SHOP-031-CARD001,SHOP-031-OP001,ليساهم في اختيار محصول جيد لأسرته.,اعرض عليه علامة بسيطة لجودة المحصول.,النظر للصناديق، تقييم الجودة العامة.,ابدأ بصندوق واحد كمثال.,المراقبة معك، التقييم بمساعدة، التقييم بمفرده.,يميّز الصندوق الجيد بثقة متزايدة.,الانتقال إلى التفاوض المعقول على السعر.,لا يتطلب أدوات دعم إضافية.,معتمد مبدئيًا,Pasted text (3)(4).txt
SHOP-031-CARD002,SHOP-031-OP002,ليمارس تواصلًا اجتماعيًا خلال معاملة تجارية بسيطة.,جهّز معه جملة بسيطة للتفاوض.,التحدث مع البائع، طرح السؤال عن السعر.,رافقه أول مرة لمعرفة أسلوب التفاوض.,المرافقة أثناء التفاوض، المشاركة بجملة واحدة، التفاوض الكامل بمفرده.,يطرح سؤاله بثقة متزايدة.,الانتقال إلى مساعدة الحمّال في توجيه الصناديق للسيارة.,جملة تفاوض بسيطة جاهزة.,معتمد مبدئيًا,Pasted text (3)(4).txt
SHOP-031-CARD003,SHOP-031-OP003,ليساهم بدور تنسيقي بسيط ضمن حدود قدرته.,حدد له مكان السيارة بوضوح.,الإشارة لمكان السيارة، فتح الصندوق الخلفي.,اقتصر دوره على الإشارة والتوجيه دون حمل الصناديق الثقيلة.,المرافقة أثناء التوجيه، الإشارة بمفرده، فتح الصندوق أيضًا.,يوجّه الحمّال بوضوح متزايد.,المحصول جاهز للعودة به للمنزل.,لا يتطلب أدوات دعم إضافية.,معتمد مبدئيًا,Pasted text (3)(4).txt
SHOP-032-CARD001,SHOP-032-OP001,ليساهم في اختيار طعام تتناوله الأسرة بنفسه.,اعرض عليه علامة بسيطة للطازج (لون العين، الرائحة).,النظر للأسماك المعروضة، اختيار الطازجة منها.,ابدأ بنوع واحد سهل التمييز.,المراقبة معك، الاختيار بمساعدة، الاختيار بمفرده.,يميّز علامة الطزاجة بثقة متزايدة.,الانتقال إلى طلب تنظيف وتقطيع الأسماك.,لا يتطلب أدوات دعم إضافية.,معتمد مبدئيًا,Pasted text (3)(4).txt
SHOP-032-CARD002,SHOP-032-OP002,ليمارس تواصلًا مباشرًا خلال نشاط يومي.,جهّز معه جملة بسيطة للطلب.,التوجه للبائع، ذكر الطلب المطلوب.,جهّز بطاقة مكتوبة بالطلب إن كان التحدث صعبًا.,المرافقة أثناء الطلب، الطلب بمساعدتك، الطلب بمفرده.,يعبّر عن الطلب بثقة متزايدة.,الانتقال إلى استلام الأكياس بعد التجهيز.,بطاقة طلب مكتوبة مسبقًا.,معتمد مبدئيًا,Pasted text (3)(4).txt
SHOP-032-CARD003,SHOP-032-OP003,ليساهم بخطوة عملية تكمل التواصل مع البائع.,تأكد أن الأكياس ليست ثقيلة جدًا لحملها.,استلام الأكياس، حملها بحذر.,رافقه أول مرة لمعرفة طريقة الاستلام.,المساعدة في الاستلام، الاستلام بمفرده، الحمل الكامل.,يستلم الأكياس بثبات دون تردد.,السمك جاهز للعودة به للمنزل.,لا يتطلب أدوات دعم إضافية.,معتمد مبدئيًا,Pasted text (3)(4).txt
SHOP-033-CARD001,SHOP-033-OP001,ليمارس تواصلًا مباشرًا خلال نشاط يومي.,جهّز معه جملة بسيطة للطلب.,التوجه للبائع، ذكر النوع والكمية.,جهّز بطاقة مكتوبة بالطلب إن كان التحدث صعبًا.,المرافقة أثناء الطلب، الطلب بمساعدتك، الطلب بمفرده.,يعبّر عن الطلب بثقة متزايدة.,الانتقال إلى استلام الأكياس الساخنة بحذر.,بطاقة طلب مكتوبة مسبقًا.,معتمد مبدئيًا,Pasted text (3)(4).txt
SHOP-033-CARD002,SHOP-033-OP002,ليساهم بخطوة عملية تتطلب انتباهًا للحرارة.,حذّره من السخونة المحتملة قبل الاستلام.,استلام الكيس بحذر، حمله بثبات.,اطلب من البائع لفّ الكيس بورق إضافي عازل.,المراقبة معك، الاستلام بمساعدتك، الاستلام بمفرده بحذر.,يستلم الكيس بحذر متزايد دون تردد كبير.,الانتقال إلى دفع الحساب للبائع.,لا يتطلب أدوات دعم إضافية.,معتمد مبدئيًا,Pasted text (3)(4).txt
SHOP-033-CARD003,SHOP-033-OP003,ليختم عملية الشراء بخطوة إتمام بسيطة.,جهّز المبلغ معه مسبقًا.,تسليم المبلغ، استلام الباقي إن وجد.,جهّز المبلغ بالضبط لتبسيط الحساب.,المساعدة في التسليم، التسليم بمفرده، استلام الباقي أيضًا.,يسلّم المبلغ بثقة متزايدة.,الخبز الطازج جاهز للعودة به للمنزل.,مبلغ مجهّز مسبقًا.,معتمد مبدئيًا,Pasted text (3)(4).txt
SHOP-034-CARD001,SHOP-034-OP001,ليمارس تواصلًا مباشرًا خلال نشاط يومي.,جهّز معه جملة بسيطة لطلب نوع التقطيع.,التوجه للجزار، ذكر نوع التقطيع المطلوب.,جهّز بطاقة مكتوبة بالطلب إن كان التحدث صعبًا.,المرافقة أثناء الطلب، الطلب بمساعدتك، الطلب بمفرده.,يعبّر عن الطلب بثقة متزايدة.,الانتقال إلى مراقبة عملية الوزن.,بطاقة طلب مكتوبة مسبقًا.,معتمد مبدئيًا,Pasted text (3)(4).txt
SHOP-034-CARD002,SHOP-034-OP002,ليساهم في التأكد من صحة الكمية المطلوبة.,اعرض عليه شاشة الميزان بوضوح.,النظر لشاشة الميزان، متابعة الرقم معك.,قف بجانبه أثناء الوزن لمتابعة الرقم معًا.,المراقبة معك، المتابعة بمفرده، التأكيد النهائي أيضًا.,يتابع الرقم ويخبرك به بثقة متزايدة.,الانتقال إلى استلام الأكياس والدفع.,لا يتطلب أدوات دعم إضافية.,معتمد مبدئيًا,Pasted text (3)(4).txt
SHOP-034-CARD003,SHOP-034-OP003,ليختم عملية الشراء بخطوتين متتاليتين بسيطتين.,جهّز المبلغ معه مسبقًا.,استلام الأكياس، تسليم المبلغ للجزار.,جهّز المبلغ بالضبط لتبسيط الحساب.,المساعدة في الاستلام والدفع، تنفيذ خطوة واحدة، تنفيذ المهمة كاملة.,يستلم ويدفع بثبات متزايد.,اللحم جاهز للعودة به للمنزل.,مبلغ مجهّز مسبقًا.,معتمد مبدئيًا,Pasted text (3)(4).txt
SHOP-035-CARD001,SHOP-035-OP001,ليساهم في تقييم ما يُعرض قبل الشراء.,اعرض عليه علامة بسيطة للجودة.,النظر للمنتجات، تقييم الجودة العامة.,ابدأ بمنتج واحد كمثال.,المراقبة معك، التقييم بمساعدة، التقييم بمفرده.,يميّز المنتج الجيد بثقة متزايدة.,الانتقال إلى التفاوض على الأسعار.,لا يتطلب أدوات دعم إضافية.,معتمد مبدئيًا,Pasted text (3)(4).txt
SHOP-035-CARD002,SHOP-035-OP002,ليمارس تواصلًا اجتماعيًا خلال معاملة تجارية بسيطة.,جهّز معه جملة بسيطة للتفاوض.,التحدث مع البائع، طرح السؤال عن السعر.,رافقه أول مرة لمعرفة أسلوب التفاوض.,المرافقة أثناء التفاوض، المشاركة بجملة واحدة، التفاوض الكامل بمفرده.,يطرح سؤاله بثقة متزايدة.,الانتقال إلى حمل المشتريات المباشرة.,جملة تفاوض بسيطة جاهزة.,معتمد مبدئيًا,Pasted text (3)(4).txt
SHOP-035-CARD003,SHOP-035-OP003,ليساهم بجهد بدني ملموس يشعره بالمساعدة الحقيقية.,تأكد أن المشتريات ليست ثقيلة جدًا لحملها.,حمل المشتريات، السير بها بثبات.,اختر أكياسًا خفيفة يمكنه حملها بمفرده.,المساعدة في الحمل، حمل كيس واحد، حمل كل المشتريات.,يحمل المشتريات بثبات دون إسقاطها.,المشتريات جاهزة للعودة بها للمنزل.,لا يتطلب أدوات دعم إضافية.,معتمد مبدئيًا,Pasted text (3)(4).txt
SHOP-036-CARD001,SHOP-036-OP001,ليمارس دورًا فعليًا في العثور على ما تحتاجه القائمة.,أعطه القائمة أو صورة المنتج المطلوب.,النظر للأسماء على الرف، إيجاد الاسم المطلوب.,استخدم صورة العبوة كمرجع سريع بدل الاسم فقط.,المساعدة في القراءة، القراءة بمفرده، الإيجاد الكامل.,يجد الاسم المطلوب بثقة متزايدة.,الانتقال إلى سحب المنتجات من الرف برفق.,صورة مرجعية للمنتج المطلوب.,معتمد مبدئيًا,Pasted text (3)(4).txt
SHOP-036-CARD002,SHOP-036-OP002,ليساهم بخطوة عملية بسيطة تكمل الاختيار.,تأكد أن المنتج في متناول يده.,الإمساك بالمنتج، سحبه من الرف برفق.,اطلب منه سحب منتج واحد في كل مرة.,المساعدة في السحب، السحب بمفرده، سحب عدة منتجات.,يسحب المنتج بثبات دون إسقاط ما حوله.,الانتقال إلى مطابقة المنتج المسحوب مع القائمة.,لا يتطلب أدوات دعم إضافية.,معتمد مبدئيًا,Pasted text (3)(4).txt
SHOP-036-CARD003,SHOP-036-OP003,ليتأكد من صحة اختياره قبل المتابعة.,جهّز القائمة في متناول يده.,مقارنة المنتج مع ما هو مكتوب في القائمة.,استخدم صورًا في القائمة بدل الكتابة فقط.,المساعدة في المطابقة، المطابقة بمفرده، تأكيد الاختيار أيضًا.,يطابق المنتج الصحيح بثقة متزايدة.,الانتقال إلى منتج آخر من القائمة.,قائمة مصورة.,معتمد مبدئيًا,Pasted text (3)(4).txt
SHOP-037-CARD001,SHOP-037-OP001,ليساهم في مهمة تحافظ على سلامته الغذائية.,حدد معه المكون الذي يجب تجنبه.,قراءة قائمة المكونات، البحث عن المكون المحدد.,استخدم عدسة مكبرة إن كانت الكتابة صغيرة.,المساعدة في البحث، البحث بمفرده، التأكيد النهائي أيضًا.,يجد المكون المحدد بثقة متزايدة.,الانتقال إلى مقارنة السعرات الحرارية بين منتجين.,عدسة مكبرة عند الحاجة.,معتمد مبدئيًا,Pasted text (3)(4).txt
SHOP-037-CARD002,SHOP-037-OP002,ليساهم في مقارنة بسيطة بين خيارين.,حدد معه المنتجين المراد مقارنتهما.,قراءة الرقم على كل عبوة، مقارنة الرقمين.,استخدم آلة حاسبة صغيرة للمقارنة إن لزم.,المساعدة في القراءة، القراءة بمفرده، المقارنة الكاملة.,يقارن الرقمين بثقة متزايدة.,الانتقال إلى قراءة التعليمات الغذائية.,آلة حاسبة صغيرة عند الحاجة.,معتمد مبدئيًا,Pasted text (3)(4).txt
SHOP-037-CARD003,SHOP-037-OP003,ليساهم في فهم طريقة استخدام المنتج بنفسه.,جهّز عدسة مكبرة إن لزم.,قراءة التعليمات المكتوبة على العبوة.,ابدأ بجملة واحدة قصيرة من التعليمات.,المساعدة في القراءة، القراءة بمفرده، فهم التعليمات الكاملة.,يقرأ التعليمات بثقة متزايدة.,المنتج جاهز للإضافة للعربة بمعرفة كاملة عنه.,عدسة مكبرة عند الحاجة.,معتمد مبدئيًا,Pasted text (3)(4).txt
SHOP-038-CARD001,SHOP-038-OP001,ليساهم في التأكد من سلامة ما تشتريه الأسرة.,اعرض عليه مكان طباعة التاريخ على العبوة.,إخراج العبوة، قراءة التاريخين.,استخدم عدسة مكبرة إن كانت الكتابة صغيرة.,المساعدة في البحث عن التاريخ، القراءة بمساعدة، القراءة بمفرده.,يجد التاريخ بثقة متزايدة.,الانتقال إلى البحث في الرفوف الخلفية عن تواريخ أطول.,عدسة مكبرة عند الحاجة.,معتمد مبدئيًا,Pasted text (3)(4).txt
SHOP-038-CARD002,SHOP-038-OP002,ليساهم في اختيار المنتج الأطول صلاحية.,اشرح له سبب البحث في الخلف.,الوصول للعبوات الخلفية، فحص تواريخها.,ساعده في الوصول للعبوات البعيدة إن لزم.,المساعدة في الوصول، الوصول بمساعدة، الوصول بمفرده.,يبحث عن التاريخ الأطول بثقة متزايدة.,الانتقال إلى استبعاد المنتجات منتهية الصلاحية.,لا يتطلب أدوات دعم إضافية.,معتمد مبدئيًا,Pasted text (3)(4).txt
SHOP-038-CARD003,SHOP-038-OP003,ليختم مهمة التحقق بقرار عملي بسيط.,اشرح له طريقة إعادة المنتج المنتهي لمكانه.,إعادة المنتج غير الصالح إلى الرف، اختيار البديل الصالح.,ابدأ بمنتج واحد كمثال.,المساعدة في الاستبعاد، الاستبعاد بمفرده، اختيار البديل أيضًا.,يستبعد المنتج المنتهي بثقة متزايدة.,المنتج الصالح جاهز للإضافة للعربة.,لا يتطلب أدوات دعم إضافية.,معتمد مبدئيًا,Pasted text (3)(4).txt
SHOP-039-CARD001,SHOP-039-OP001,ليساهم في مهمة تفيد ميزانية الأسرة.,اعرض عليه مكان بطاقة السعر على الرف.,النظر لبطاقة السعر، قراءة الرقم.,استخدم عدسة مكبرة إن كانت الكتابة صغيرة.,المساعدة في القراءة، القراءة بمفرده، مقارنة رقمين أيضًا.,يقرأ الأرقام بثقة متزايدة.,الانتقال إلى مقارنة السعر بالنسبة للوزن أو الحجم.,عدسة مكبرة عند الحاجة.,معتمد مبدئيًا,Pasted text (3)(4).txt
SHOP-039-CARD002,SHOP-039-OP002,ليساهم في مقارنة أعمق تفيد قرار الشراء.,جهّز آلة حاسبة صغيرة إن لزم.,قراءة السعر والوزن لكل منتج، المقارنة بمساعدتك.,ركّز على منتجين فقط في كل مقارنة.,المساعدة في المقارنة، المقارنة بمفرده مع تأكيدك، المقارنة الكاملة.,يقارن القيمة بثقة متزايدة.,الانتقال إلى اختيار المنتج الأوفر للقائمة.,آلة حاسبة صغيرة.,معتمد مبدئيًا,Pasted text (3)(4).txt
SHOP-039-CARD003,SHOP-039-OP003,ليختم المقارنة بقرار عملي يفيد ميزانية الأسرة.,أفسح له وقتًا كافيًا للحسم.,الحسم بين الخيارات، وضع المنتج الأوفر في العربة.,اطرح عليه سؤالًا بسيطًا يساعده على الحسم.,المساعدة في الحسم، الحسم بمفرده، الوضع في العربة أيضًا.,يحسم اختياره بثقة متزايدة.,الانتقال إلى منتج آخر من القائمة.,لا يتطلب أدوات دعم إضافية.,معتمد مبدئيًا,Pasted text (3)(4).txt
SHOP-040-CARD001,SHOP-040-OP001,ليساهم في توثيق معلومة تفيد قرار الأسرة.,جهّز ورقة أو ملاحظة بسيطة.,كتابة أو إملاء السعر لكل سلعة.,استخدم جدولًا بسيطًا مسبق التجهيز.,الإملاء لك، المشاركة في الكتابة، الكتابة بمفرده.,يسجل الأسعار بدقة متزايدة.,الانتقال إلى زيارة متاجر مختلفة للاستطلاع.,جدول تدوين بسيط.,معتمد مبدئيًا,Pasted text (3)(4).txt
SHOP-040-CARD002,SHOP-040-OP002,ليساهم في جولة استطلاعية بسيطة مع أسرته.,حدد معه عدد المتاجر التي ستزورونها.,الدخول لكل متجر، النظر للأسعار المطلوبة.,ابدأ بمتجرين فقط للمقارنة.,المرافقة أثناء الزيارة، المشاركة في النظر، المشاركة الكاملة في التدوين.,يشارك في ملاحظة الأسعار بثقة متزايدة.,الانتقال إلى اتخاذ قرار الشراء من المتجر الأنسب.,لا يتطلب أدوات دعم إضافية.,معتمد مبدئيًا,Pasted text (3)(4).txt
SHOP-040-CARD003,SHOP-040-OP003,ليختم الجولة بقرار يشارك فيه مع أسرته.,راجع معه الأسعار المدونة.,مقارنة القوائم، اختيار المتجر الأنسب.,اطرح عليه سؤالًا بسيطًا يساعده على الحسم.,المساعدة في القرار، المشاركة بالرأي، القرار المشترك الكامل.,يعبّر عن رأيه في القرار بوضوح.,التسوق ينطلق من المتجر المختار معًا.,لا يتطلب أدوات دعم إضافية.,معتمد مبدئيًا,Pasted text (3)(4).txt
SHOP-041-CARD001,SHOP-041-OP001,ليبدأ رحلة التسوق بخطوة عملية بسيطة.,حدد له منطقة تجمع العربات.,الإمساك بمقبض العربة، سحبها من مكانها.,اختر عربة خفيفة الحركة.,المساعدة في السحب، السحب بمفرده، السحب والتوجيه أيضًا.,يسحب العربة بثبات دون صعوبة.,الانتقال إلى قيادة العربة بأمان بين الممرات.,لا يتطلب أدوات دعم إضافية.,معتمد مبدئيًا,Pasted text (3)(4).txt
SHOP-041-CARD002,SHOP-041-OP002,ليساهم بجهد بدني ملموس أثناء التنقل.,تأكد أن الممرات واسعة وآمنة.,إمساك مقبض العربة، دفعها بين الممرات بحذر.,ابدأ بمسافة قصيرة قبل التوسع.,المساعدة في الدفع، الدفع بمفرده لمسافة قصيرة، القيادة الكاملة خلال الرحلة.,يدفع العربة بثبات وتحكم متزايد.,الانتقال إلى ترتيب المنتجات داخل العربة لضمان استيعابها.,لا يتطلب أدوات دعم إضافية.,معتمد مبدئيًا,Pasted text (3)(4).txt
SHOP-041-CARD003,SHOP-041-OP003,ليساهم في مهمة تنظيمية بسيطة أثناء التسوق.,اشرح له فكرة وضع الثقيل أسفل والخفيف أعلى.,حمل كل منتج، وضعه في مكانه المناسب بالعربة.,رافقه في ترتيب أول منتجين كمثال.,المساعدة في الترتيب، الترتيب الجزئي، الترتيب الكامل.,يرتب المنتجات بثبات ونظام متزايد.,الانتقال إلى قسم آخر من التسوق.,لا يتطلب أدوات دعم إضافية.,معتمد مبدئيًا,Pasted text (3)(4).txt
SHOP-042-CARD001,SHOP-042-OP001,ليبدأ رحلة التسوق بخطوة عملية بسيطة.,حدد له مكان السلال عند المدخل.,إحضار السلة، حملها بمقبضها.,اختر سلة خفيفة الوزن ومناسبة الحجم.,المساعدة في الإحضار، الإحضار بمفرده، الحمل الكامل.,يحمل السلة بثبات منذ البداية.,الانتقال إلى حمل السلة أثناء التنقل.,سلة خفيفة مناسبة الحجم.,معتمد مبدئيًا,Pasted text (3)(4).txt
SHOP-042-CARD002,SHOP-042-OP002,ليساهم بجهد بدني ملموس طوال رحلة التسوق.,تأكد أن السلة ليست ثقيلة جدًا لحملها.,حمل السلة بثبات، السير بها بين الأقسام.,خفّف حمولة السلة إن أصبحت ثقيلة تدريجيًا.,المساعدة في الحمل، الحمل لمسافة قصيرة، الحمل الكامل خلال الرحلة.,يحمل السلة بثبات لمسافة أطول تدريجيًا.,الانتقال إلى ترتيب المنتجات داخلها لتحقيق التوازن.,لا يتطلب أدوات دعم إضافية.,معتمد مبدئيًا,Pasted text (3)(4).txt
SHOP-042-CARD003,SHOP-042-OP003,ليساهم في مهمة تنظيمية بسيطة تسهّل الحمل.,اشرح له فكرة توزيع الوزن بالتساوي.,حمل كل منتج، وضعه في مكانه المناسب بالسلة.,رافقه في ترتيب أول منتجين كمثال.,المساعدة في الترتيب، الترتيب الجزئي، الترتيب الكامل.,يرتب المنتجات بثبات لتحقيق توازن أفضل.,الانتقال إلى قسم آخر من التسوق.,لا يتطلب أدوات دعم إضافية.,معتمد مبدئيًا,Pasted text (3)(4).txt
SHOP-043-CARD001,SHOP-043-OP001,ليساهم بخطوة عملية بسيطة تسبق الوزن.,تأكد أن الميزان في متناول يده.,حمل المنتج، وضعه على منصة الميزان.,رافقه أول مرة لمعرفة طريقة الوضع.,المساعدة في الوضع، الوضع بمفرده، وضع أكثر من منتج.,يضع المنتج بثبات على الميزان.,الانتقال إلى إدخال كود الصنف أو اختياره من الشاشة.,لا يتطلب أدوات دعم إضافية.,معتمد مبدئيًا,Pasted text (3)(4).txt
SHOP-043-CARD002,SHOP-043-OP002,ليمارس استخدام شاشة بسيطة تخص عملية الوزن.,اعرض عليه صورة المنتج على الشاشة.,البحث عن المنتج على الشاشة، الضغط على صورته.,استخدم شاشة تعرض صورًا واضحة للمنتجات.,المساعدة في البحث، البحث بمساعدة، الاختيار بمفرده.,يجد صورة المنتج بثقة متزايدة.,الانتقال إلى طباعة الملصق ولصقه على الكيس.,شاشة بصور واضحة للمنتجات.,معتمد مبدئيًا,Pasted text (3)(4).txt
SHOP-043-CARD003,SHOP-043-OP003,ليختم مهمة الوزن بخطوة عملية أخيرة.,تأكد أن زر الطباعة في متناول يده.,الضغط على زر الطباعة، لصق الملصق على الكيس.,رافقه أول مرة لمعرفة طريقة اللصق.,المساعدة في الطباعة واللصق، تنفيذ خطوة واحدة، تنفيذ المهمة كاملة.,يلصق الملصق بثبات ووضوح.,المنتج جاهز لإضافته إلى العربة.,لا يتطلب أدوات دعم إضافية.,معتمد مبدئيًا,Pasted text (3)(4).txt
SHOP-044-CARD001,SHOP-044-OP001,ليمارس مهمة تحديد موقع بسيطة داخل المتجر.,اعرض عليه شكل زي الموظفين المعتاد.,النظر حوله، إيجاد موظف يرتدي الزي المميز.,استخدم لون الزي كعلامة سريعة للتعرف.,المرافقة أثناء البحث، البحث بمساعدة، البحث بمفرده.,يجد الموظف بثقة متزايدة.,الانتقال إلى توجيه السؤال بوضوح عن موقع المنتج.,وصف بسيط لزي الموظفين.,معتمد مبدئيًا,Pasted text (3)(4).txt
SHOP-044-CARD002,SHOP-044-OP002,ليمارس تواصلًا مباشرًا للحصول على معلومة يحتاجها.,جهّز معه جملة بسيطة للسؤال.,التوجه للموظف، طرح السؤال عن مكان المنتج.,جهّز بطاقة مكتوبة بالسؤال إن كان التحدث صعبًا.,المرافقة أثناء السؤال، السؤال بمساعدتك، السؤال بمفرده.,يطرح سؤاله بثقة متزايدة.,الانتقال إلى تتبع إرشادات الموظف للوصول للرف.,بطاقة سؤال مكتوبة مسبقًا.,معتمد مبدئيًا,Pasted text (3)(4).txt
SHOP-044-CARD003,SHOP-044-OP003,ليساهم في اتباع توجيه بسيط للوصول لهدفه.,استمع معه للإرشاد جيدًا.,السير باتجاه الرف المشار إليه.,كرر الإرشاد ببساطة إن احتاج ذلك.,المرافقة أثناء التتبع، التتبع بمساعدة، التتبع بمفرده.,يصل للرف الصحيح بثقة متزايدة.,المنتج المطلوب أصبح في متناول يده.,لا يتطلب أدوات دعم إضافية.,معتمد مبدئيًا,Pasted text (3)(4).txt
SHOP-045-CARD001,SHOP-045-OP001,ليساهم بخطوة عملية بسيطة تسبق التجربة.,تأكد أن القطع منظمة ويسهل حملها.,حمل القطع المختارة، الدخول لغرفة القياس بها.,رتّب القطع على شماعة واحدة لتسهيل الحمل.,المساعدة في الحمل، الحمل بمفرده، الترتيب الكامل.,يحمل القطع بثبات دون إسقاطها.,الانتقال إلى تجربة الملابس والتأكد من الراحة.,شماعة واحدة لتجميع القطع.,معتمد مبدئيًا,Pasted text (3)(4).txt
SHOP-045-CARD002,SHOP-045-OP002,ليتحقق بنفسه من ملاءمة اختياره قبل الشراء.,أفسح له وقتًا كافيًا وخصوصية في غرفة القياس.,ارتداء كل قطعة، تقييم الراحة والمقاس.,ابدأ بقطعة واحدة قبل الانتقال للأخرى.,المساعدة في الارتداء، الارتداء بمفرده، التقييم الكامل.,يعبّر عن شعوره بالراحة أو عدمها بوضوح.,الانتقال إلى تسليم القطع غير المناسبة لموظف الغرفة.,لا يتطلب أدوات دعم إضافية.,معتمد مبدئيًا,Pasted text (3)(4).txt
SHOP-045-CARD003,SHOP-045-OP003,ليختم تجربته بخطوة عملية تنهي المهمة.,جهّز القطع غير المناسبة منفصلة عن المختارة.,حمل القطع غير المناسبة، تسليمها للموظف.,رافقه أول مرة لمعرفة طريقة التسليم.,المساعدة في التسليم، التسليم بمفرده، الفرز الكامل أيضًا.,يسلّم القطع بثقة متزايدة.,القطع المختارة جاهزة للشراء.,لا يتطلب أدوات دعم إضافية.,معتمد مبدئيًا,Pasted text (3)(4).txt
SHOP-046-CARD001,SHOP-046-OP001,ليساهم في تجهيز العروض قبل الخروج للتسوق.,حدد مكان حفظ الكوبونات الورقية أو التطبيق الرقمي.,جمع الكوبونات، تجهيزها في مكان واحد.,خصص ملفًا أو مجلدًا ثابتًا للكوبونات.,المساعدة في التجميع، التجميع بمفرده، الفرز حسب الفئة أيضًا.,يجمع الكوبونات بثبات دون تذكير متكرر.,الانتقال إلى إبراز الكوبون للكاشير وقت الحساب.,ملف أو مجلد ثابت للكوبونات.,معتمد مبدئيًا,Pasted text (3)(4).txt
SHOP-046-CARD002,SHOP-046-OP002,ليساهم بخطوة عملية بسيطة تفيد ميزانية الأسرة.,جهّز الكوبون في متناول يده.,إخراج الكوبون، تسليمه للكاشير.,رافقه أول مرة لمعرفة الخطوة.,المساعدة في الإبراز، الإبراز بمفرده، التسليم الكامل.,يبرز الكوبون بثقة متزايدة.,الانتقال إلى التأكد من تطبيق الخصم على الشاشة.,لا يتطلب أدوات دعم إضافية.,معتمد مبدئيًا,Pasted text (3)(4).txt
SHOP-046-CARD003,SHOP-046-OP003,ليختم مهمة استخدام الكوبون بخطوة تحقق بسيطة.,اعرض عليه شاشة الكاشير بوضوح.,النظر للشاشة، التحقق من ظهور الخصم.,قف بجانبه لمتابعة الشاشة معًا.,المراقبة معك، التحقق بمساعدة، التحقق بمفرده.,يتحقق من الشاشة بثقة متزايدة.,الخصم مطبّق والفاتورة جاهزة.,لا يتطلب أدوات دعم إضافية.,معتمد مبدئيًا,Pasted text (3)(4).txt
SHOP-047-CARD001,SHOP-047-OP001,ليساهم بخطوة عملية بسيطة تخص عضوية الأسرة.,جهّز البطاقة أو الرقم في متناول يده.,إخراج البطاقة أو ذكر الرقم للكاشير.,خصص مكانًا ثابتًا لحفظ البطاقة أو بطاقة برقم مكتوب.,المساعدة في الإبراز، الإبراز بمفرده، الإدخال الكامل.,يبرز البطاقة أو يذكر الرقم بثقة متزايدة.,الانتقال إلى الاستفسار عن رصيد النقاط المتاح.,مكان ثابت لحفظ البطاقة.,معتمد مبدئيًا,Pasted text (3)(4).txt
SHOP-047-CARD002,SHOP-047-OP002,ليمارس تواصلًا مباشرًا للحصول على معلومة يحتاجها.,جهّز معه جملة بسيطة للاستفسار.,طرح السؤال عن رصيد النقاط على الكاشير.,جهّز بطاقة مكتوبة بالسؤال إن كان التحدث صعبًا.,المرافقة أثناء الاستفسار، الاستفسار بمساعدتك، الاستفسار بمفرده.,يطرح سؤاله بثقة متزايدة.,الانتقال إلى اتخاذ قرار بخصم النقاط من الفاتورة.,بطاقة سؤال مكتوبة مسبقًا.,معتمد مبدئيًا,Pasted text (3)(4).txt
SHOP-047-CARD003,SHOP-047-OP003,ليختم الاستفسار بقرار عملي يفيد الأسرة.,راجع معه رصيد النقاط المتاح.,الحسم بخصم النقاط أو الاحتفاظ بها، إخبار الكاشير.,اطرح عليه سؤالًا بسيطًا يساعده على الحسم.,المساعدة في القرار، المشاركة بالرأي، القرار الكامل بمفرده.,يعبّر عن قراره بوضوح.,الفاتورة جاهزة للإتمام النهائي.,لا يتطلب أدوات دعم إضافية.,معتمد مبدئيًا,Pasted text (3)(4).txt
SHOP-048-CARD001,SHOP-048-OP001,ليساهم في قرار عملي بسيط يخص وقت الأسرة.,اعرض عليه علامات الطوابير (سريع/عادي).,النظر للطوابير، اختيار الأنسب.,ركّز على معيار واحد للمقارنة (الطول).,المساعدة في الاختيار، الاختيار بمفرده، التوجه للطابور أيضًا.,يختار الطابور المناسب بثقة متزايدة.,الانتقال إلى الالتزام بالدور.,لا يتطلب أدوات دعم إضافية.,معتمد مبدئيًا,Pasted text (3)(4).txt
SHOP-048-CARD002,SHOP-048-OP002,ليمارس مهارة اجتماعية بسيطة تخص احترام الآخرين.,ذكّره بموقعه في الطابور.,الوقوف في مكانه، الانتظار حتى دوره.,جهّز نشاطًا بسيطًا لملء وقت الانتظار إن لزم.,المرافقة أثناء الانتظار، الانتظار بمفرده معك قريبًا، الانتظار المستقل الكامل.,يلتزم بمكانه في الطابور دون تذمر كبير.,الانتقال إلى التقدم بانتظام مع تحرك الطابور.,نشاط انتظار بسيط.,معتمد مبدئيًا,Pasted text (3)(4).txt
SHOP-048-CARD003,SHOP-048-OP003,ليساهم في متابعة تحرك الطابور بنفسه.,اشرح له أن التقدم يكون تدريجيًا مع الآخرين.,ملاحظة تحرك من أمامه، التقدم بنفس المسافة.,قف بجانبه للتنسيق معًا في البداية.,المرافقة أثناء التقدم، التقدم بمساعدة، التقدم بمفرده.,يتقدم بانتظام دون تذكير متكرر.,الانتقال إلى وضع المنتجات على حزام المحاسبة.,لا يتطلب أدوات دعم إضافية.,معتمد مبدئيًا,Pasted text (3)(4).txt
SHOP-049-CARD001,SHOP-049-OP001,ليبدأ خطوة إتمام الشراء بمشاركة عملية.,تأكد أن العربة قريبة من الحزام.,حمل كل منتج، إخراجه من العربة.,اطلب منه إخراج منتج واحد في كل مرة.,المساعدة في الإخراج، الإخراج الجزئي، الإخراج الكامل.,يخرج المنتجات بثبات دون إسقاطها.,الانتقال إلى ترتيب المنتجات بشكل يسهل مسحها.,لا يتطلب أدوات دعم إضافية.,معتمد مبدئيًا,Pasted text (3)(4).txt
SHOP-049-CARD002,SHOP-049-OP002,ليساهم في مهمة تنظيمية بسيطة تسرّع عملية الدفع.,اشرح له فكرة وضع الباركود للأعلى.,وضع كل منتج على الحزام بحيث يظهر الباركود.,رافقه في ترتيب أول منتجين كمثال.,المساعدة في الترتيب، الترتيب الجزئي، الترتيب الكامل.,يرتب المنتجات بشكل صحيح بثقة متزايدة.,الانتقال إلى وضع الفاصل البلاستيكي بعد الانتهاء.,لا يتطلب أدوات دعم إضافية.,معتمد مبدئيًا,Pasted text (3)(4).txt
SHOP-049-CARD003,SHOP-049-OP003,ليختم مهمته بخطوة بسيطة تفصل مشترياته عمن بعده.,حدد له مكان الفواصل البلاستيكية.,أخذ الفاصل، وضعه بعد آخر منتج.,ضع الفواصل في مكان ثابت وواضح.,المساعدة في الوضع، الوضع بمفرده، اختيار التوقيت المناسب أيضًا.,يضع الفاصل في الوقت المناسب دون تذكير.,الانتقال إلى تعبئة المشتريات في أكياس.,مكان ثابت للفواصل البلاستيكية.,معتمد مبدئيًا,Pasted text (3)(4).txt
SHOP-050-CARD001,SHOP-050-OP001,ليساهم في مهمة سلامة بسيطة تحمي طعام الأسرة.,حدد له نوعي المنتجات (طعام/منظفات).,فحص كل منتج، فصله حسب نوعه.,استخدم أكياسًا بألوان مختلفة لكل نوع.,المساعدة في الفرز، الفرز الجزئي، الفرز الكامل.,يفرز المنتجات بدقة متزايدة.,الانتقال إلى وضع الأشياء الثقيلة أسفل الكيس.,أكياس بألوان مختلفة.,معتمد مبدئيًا,Pasted text (3)(4).txt
SHOP-050-CARD002,SHOP-050-OP002,ليساهم في مهمة تنظيمية بسيطة تحمي المشتريات.,اشرح له فكرة الثقيل أسفل والخفيف أعلى.,حمل المنتج الثقيل، وضعه في قاع الكيس أولًا.,رافقه في تعبئة أول كيس كمثال.,المساعدة في الوضع، الوضع بمفرده، تعبئة كيس كامل.,يضع الثقيل أسفل بثبات متزايد.,الانتقال إلى توزيع الأوزان لتسهيل الحمل.,لا يتطلب أدوات دعم إضافية.,معتمد مبدئيًا,Pasted text (3)(4).txt
SHOP-050-CARD003,SHOP-050-OP003,ليختم مهمة التعبئة بخطوة تسهّل حمل الأكياس لاحقًا.,اشرح له فكرة توزيع الوزن على أكثر من كيس.,توزيع المنتجات على عدة أكياس بالتساوي.,استخدم أكياس بحجم متوسط بدل الكبير جدًا.,المساعدة في التوزيع، التوزيع الجزئي، التوزيع الكامل.,يوزّع الأوزان بتوازن متزايد.,الانتقال إلى إتمام الدفع.,أكياس متوسطة الحجم.,معتمد مبدئيًا,Pasted text (3)(4).txt
SHOP-051-CARD001,SHOP-051-OP001,ليمارس تعاملًا ماليًا بسيطًا يخص إتمام الشراء.,اعرض عليه المبلغ الإجمالي على الشاشة.,إخراج المبلغ من المحفظة، عده بمساعدتك.,جهّز المبلغ بالضبط أو بورقة كبيرة واحدة.,المساعدة في التجهيز، التجهيز بمفرده مع تأكيدك، التجهيز الكامل.,يجهز المبلغ بثقة متزايدة.,الانتقال إلى تسليم النقود للكاشير.,لا يتطلب أدوات دعم إضافية.,معتمد مبدئيًا,Pasted text (3)(4).txt
SHOP-051-CARD002,SHOP-051-OP002,ليختم خطوة الدفع بمناولة مباشرة.,تأكد أن المبلغ جاهز في يده.,تسليم المبلغ للكاشير.,رافقه أول مرة لمعرفة الخطوة.,المساعدة في التسليم، التسليم بمفرده، التسليم بثقة كاملة.,يسلّم المبلغ بثقة متزايدة.,الانتقال إلى استلام الباقي والتأكد من صحته.,لا يتطلب أدوات دعم إضافية.,معتمد مبدئيًا,Pasted text (3)(4).txt
SHOP-051-CARD003,SHOP-051-OP003,ليختم عملية الدفع بخطوة تحقق بسيطة.,اشرح له طريقة عد الباقي ببساطة.,استلام الباقي، عده بمساعدتك.,استخدم آلة حاسبة صغيرة للتحقق إن لزم.,المساعدة في العد، العد بمفرده مع تأكيدك، العد الكامل بثقة.,يتحقق من الباقي بثقة متزايدة.,المشتريات جاهزة للعودة بها للمنزل.,آلة حاسبة صغيرة عند الحاجة.,معتمد مبدئيًا,Pasted text (3)(4).txt
SHOP-052-CARD001,SHOP-052-OP001,ليمارس استخدام جهاز دفع بسيط ضمن نشاط يومي.,جهّز البطاقة في متناول يده.,إمساك البطاقة، تمريرها أو إدخالها في الجهاز.,رافقه أول مرة لمعرفة طريقة الاستخدام.,المساعدة في التمرير، التمرير بمفرده، الإدخال والتمرير الكامل.,يمرر أو يدخل البطاقة بثقة متزايدة.,الانتقال إلى إدخال الرقم السري.,لا يتطلب أدوات دعم إضافية.,معتمد مبدئيًا,Pasted text (3)(4).txt
SHOP-052-CARD002,SHOP-052-OP002,ليمارس خطوة بسيطة تخص عملية الدفع بأمان.,تأكد من خصوصية إدخال الرقم بعيدًا عن الآخرين.,الضغط على الأرقام في الجهاز.,استخدم جهازًا بأزرار كبيرة وواضحة.,المساعدة في الإدخال، الإدخال بمفرده بخصوصية، الإدخال الكامل بثقة.,يدخل الرقم بثبات دون تردد.,الانتقال إلى استلام وسحب البطاقة بعد نجاح العملية.,جهاز بأزرار واضحة.,معتمد مبدئيًا,Pasted text (3)(4).txt
SHOP-052-CARD003,SHOP-052-OP003,ليختم عملية الدفع بخطوة أخيرة بسيطة.,انتظر معه ظهور رسالة النجاح على الشاشة.,سحب البطاقة من الجهاز، إعادتها للمحفظة.,ذكّره بضرورة سحب البطاقة كخطوة أخيرة دائمًا.,المساعدة في السحب، السحب بمفرده، الإعادة الكاملة للمحفظة.,يسحب البطاقة دون نسيانها في الجهاز.,المشتريات جاهزة للعودة بها للمنزل.,لا يتطلب أدوات دعم إضافية.,معتمد مبدئيًا,Pasted text (3)(4).txt
SHOP-053-CARD001,SHOP-053-OP001,ليمارس استخدام تطبيق بسيط يخص عملية الدفع.,جهّز الهاتف مفتوحًا على التطبيق.,فتح التطبيق، الوصول لرمز الدفع.,ضع اختصارًا سريعًا للتطبيق على الشاشة الرئيسية.,المساعدة في الفتح، الفتح بمفرده، الوصول للرمز الكامل.,يفتح التطبيق ويصل للرمز بثقة متزايدة.,الانتقال إلى تمرير الهاتف على جهاز القارئ.,اختصار تطبيق على الشاشة الرئيسية.,معتمد مبدئيًا,Pasted text (3)(4).txt
SHOP-053-CARD002,SHOP-053-OP002,ليمارس خطوة عملية بسيطة تخص الدفع الرقمي.,حدد له مكان جهاز القارئ.,تقريب الهاتف من الجهاز، الانتظار حتى يستجيب.,رافقه أول مرة لمعرفة المسافة المناسبة.,المساعدة في التمرير، التمرير بمفرده، التمرير الكامل بثقة.,يمرر الهاتف بثبات دون تردد.,الانتقال إلى تأكيد عملية الدفع من الهاتف.,لا يتطلب أدوات دعم إضافية.,معتمد مبدئيًا,Pasted text (3)(4).txt
SHOP-053-CARD003,SHOP-053-OP003,ليختم عملية الدفع بخطوة تأكيد أخيرة.,اعرض عليه شاشة التأكيد على الهاتف.,الضغط على زر التأكيد أو استخدام بصمة الإصبع.,استخدم بصمة الإصبع إن كانت أسهل من كتابة رمز.,المساعدة في التأكيد، التأكيد بمفرده، التحقق من نجاح العملية أيضًا.,يؤكد العملية بثقة متزايدة.,المشتريات جاهزة للعودة بها للمنزل.,إعداد بصمة إصبع للتأكيد السريع.,معتمد مبدئيًا,Pasted text (3)(4).txt
SHOP-054-CARD001,SHOP-054-OP001,ليمارس استخدام جهاز بسيط خلال إتمام الشراء بنفسه.,رافقه أول مرة لمعرفة طريقة التمرير.,حمل كل منتج، تمرير الباركود أمام الماسح.,ابدأ بمنتج واحد سهل الإمساك كمثال.,المساعدة في التمرير، تمرير منتج واحد، تمرير كل المنتجات.,يمرر الباركود بثبات ودقة متزايدة.,الانتقال إلى وضع المنتجات الممسوحة في منطقة الوزن المخصصة.,لا يتطلب أدوات دعم إضافية.,معتمد مبدئيًا,Pasted text (3)(4).txt
SHOP-054-CARD002,SHOP-054-OP002,ليساهم بخطوة عملية تكمل عملية المسح.,اعرض عليه منطقة الوزن على الماكينة.,وضع كل منتج ممسوح في منطقة الوزن.,رافقه في وضع أول منتج كمثال.,المساعدة في الوضع، الوضع بمفرده، وضع كل المنتجات.,يضع المنتج في المكان الصحيح بثقة متزايدة.,الانتقال إلى إتمام عملية الدفع الآلي واستلام الإيصال.,لا يتطلب أدوات دعم إضافية.,معتمد مبدئيًا,Pasted text (3)(4).txt
SHOP-054-CARD003,SHOP-054-OP003,ليختم عملية الشراء بخطوة أخيرة يشارك فيها بنفسه.,اعرض عليه شاشة الدفع النهائية.,اتباع خطوات الدفع على الشاشة، استلام الإيصال.,رافقه أول مرة لمعرفة تسلسل الشاشات.,المساعدة في المتابعة، المتابعة بمفرده، الدفع واستلام الإيصال بثقة.,يتابع خطوات الشاشة بثبات متزايد.,المشتريات جاهزة للعودة بها للمنزل.,لا يتطلب أدوات دعم إضافية.,معتمد مبدئيًا,Pasted text (3)(4).txt
SHOP-055-CARD001,SHOP-055-OP001,ليمارس تواصلًا مباشرًا خلال مهمة تخص أوراق الأسرة.,جهّز معه جملة بسيطة للطلب.,التوجه للكاشير، طلب الفاتورة الضريبية.,جهّز بطاقة مكتوبة بالطلب إن كان التحدث صعبًا.,المرافقة أثناء الطلب، الطلب بمساعدتك، الطلب بمفرده.,يطلب الفاتورة بثقة متزايدة.,الانتقال إلى تقديم البيانات المطلوبة.,بطاقة طلب مكتوبة مسبقًا.,معتمد مبدئيًا,Pasted text (3)(4).txt
SHOP-055-CARD002,SHOP-055-OP002,ليساهم في مهمة توثيق بسيطة تخص فاتورة الأسرة.,جهّز البيانات المطلوبة مكتوبة معه.,تسليم البيانات المكتوبة للكاشير.,استخدم بطاقة بيانات جاهزة الكتابة مسبقًا.,المساعدة في التقديم، التقديم بمفرده، التسليم الكامل.,يقدّم البيانات بثقة متزايدة.,الانتقال إلى استلام الفاتورة والاحتفاظ بها.,بطاقة بيانات مكتوبة مسبقًا.,معتمد مبدئيًا,Pasted text (3)(4).txt
SHOP-055-CARD003,SHOP-055-OP003,ليختم المهمة بمسؤولية بسيطة تخص أوراق الأسرة.,حدد مكانًا لحفظ الفاتورة.,استلام الفاتورة، وضعها في مكانها المخصص.,استخدم ملفًا ثابتًا للفواتير.,المساعدة في الاستلام، الاستلام بمفرده، الحفظ الكامل في الملف.,يحفظ الفاتورة في مكانها الصحيح دون تذكير.,الفاتورة محفوظة وجاهزة عند الحاجة.,ملف ثابت للفواتير.,معتمد مبدئيًا,Pasted text (3)(4).txt
SHOP-056-CARD001,SHOP-056-OP001,ليساهم في مهمة تنظيمية بسيطة قبل الخروج من المتجر.,اشرح له فكرة توزيع الوزن على كلتا اليدين.,توزيع الأكياس بين يديه بشكل متوازن.,استخدم أكياسًا خفيفة موزّعة على عدد أكبر.,المساعدة في التوزيع، التوزيع الجزئي، التوزيع الكامل.,يوزّع الأكياس بتوازن متزايد.,الانتقال إلى حمل الأكياس حتى المخرج.,أكياس خفيفة موزّعة.,معتمد مبدئيًا,Pasted text (3)(4).txt
SHOP-056-CARD002,SHOP-056-OP002,ليساهم بجهد بدني ملموس أثناء الخروج من المتجر.,تأكد أن المسافة للمخرج مناسبة لقدرته.,حمل الأكياس، السير بها حتى المخرج.,خذ استراحة قصيرة إن كانت المسافة طويلة.,المساعدة في الحمل، حمل جزء من المسافة، الحمل الكامل حتى المخرج.,يحمل الأكياس بثبات لمسافة أطول تدريجيًا.,الانتقال إلى إعادة عربة التسوق إلى المكان المخصص.,لا يتطلب أدوات دعم إضافية.,معتمد مبدئيًا,Pasted text (3)(4).txt
SHOP-056-CARD003,SHOP-056-OP003,ليختم رحلة التسوق بمسؤولية بسيطة تجاه المتجر.,حدد له مكان تجمع العربات.,دفع العربة الفارغة، وضعها في مكانها المخصص.,رافقه أول مرة لمعرفة المكان.,المساعدة في الإعادة، الإعادة بمفرده، الإعادة الكاملة بثقة.,يعيد العربة لمكانها الصحيح دون تذكير.,الانتقال إلى نقل المشتريات إلى صندوق السيارة.,لا يتطلب أدوات دعم إضافية.,معتمد مبدئيًا,Pasted text (3)(4).txt
SHOP-057-CARD001,SHOP-057-OP001,ليساهم بخطوة عملية بسيطة تسبق تحميل المشتريات.,جهّز مفتاح السيارة في متناول يده.,الضغط على زر فتح الصندوق أو رفعه يدويًا.,استخدم زر فتح آلي بسيط إن توفر.,المساعدة في الفتح، الفتح بمفرده، الفتح الكامل بثقة.,يفتح الصندوق بثبات دون صعوبة.,الانتقال إلى نقل الأكياس من العربة إلى الصندوق.,لا يتطلب أدوات دعم إضافية.,معتمد مبدئيًا,Pasted text (3)(4).txt
SHOP-057-CARD002,SHOP-057-OP002,ليساهم بجهد بدني ملموس يشعره بالمساعدة الحقيقية.,تأكد أن الأكياس ليست ثقيلة جدًا لحملها.,حمل كل كيس، نقله من العربة للصندوق.,اطلب منه نقل كيس واحد في كل مرة.,المساعدة في النقل، نقل كيس واحد، نقل كل الأكياس.,ينقل الأكياس بثبات دون إسقاطها.,الانتقال إلى إغلاق الصندوق بإحكام.,لا يتطلب أدوات دعم إضافية.,معتمد مبدئيًا,Pasted text (3)(4).txt
SHOP-057-CARD003,SHOP-057-OP003,ليختم المهمة بخطوة أخيرة تحافظ على أمان المشتريات.,تأكد أن كل الأكياس داخل الصندوق.,دفع باب الصندوق حتى يُغلق بإحكام.,رافقه أول مرة لمعرفة القوة المناسبة للدفع.,المساعدة في الإغلاق، الإغلاق بمفرده، التحقق من الإغلاق أيضًا.,يغلق الصندوق بإحكام دون تكرار المحاولة.,الانتقال إلى ترتيب المشتريات في السيارة.,لا يتطلب أدوات دعم إضافية.,معتمد مبدئيًا,Pasted text (3)(4).txt
SHOP-058-CARD001,SHOP-058-OP001,ليساهم في مهمة سلامة بسيطة تحمي المشتريات أثناء الطريق.,اشرح له فكرة تثبيت الأكياس بجانب بعضها.,ترتيب الأكياس بشكل متلاصق يمنع انزلاقها.,استخدم حواف الصندوق كدعامة للأكياس.,المساعدة في التأمين، التأمين الجزئي، التأمين الكامل.,يرتب الأكياس بثبات متزايد.,الانتقال إلى عزل الأشياء القابلة للكسر كزجاجات الزيت.,لا يتطلب أدوات دعم إضافية.,معتمد مبدئيًا,Pasted text (3)(4).txt
SHOP-058-CARD002,SHOP-058-OP002,ليساهم في مهمة سلامة بسيطة تحمي المنتجات الهشة.,حدد له المنتجات القابلة للكسر.,فصل هذه المنتجات، وضعها في مكان منفصل وآمن.,استخدم كيسًا منفصلًا للقطع الهشة.,المساعدة في العزل، العزل الجزئي، العزل الكامل.,يعزل المنتجات الهشة بثبات دون تذكير متكرر.,الانتقال إلى وضع الأغراض الخفيفة في الأعلى.,كيس منفصل للقطع الهشة.,معتمد مبدئيًا,Pasted text (3)(4).txt
SHOP-058-CARD003,SHOP-058-OP003,ليختم ترتيب المشتريات بخطوة تحافظ على سلامتها.,اشرح له فكرة الخفيف أعلى الثقيل.,حمل الأغراض الخفيفة، وضعها في الأعلى.,رافقه في ترتيب أول كيسين كمثال.,المساعدة في الوضع، الوضع الجزئي، الوضع الكامل.,يضع الخفيف أعلى بثبات متزايد.,الانطلاق معًا نحو المنزل بالمشتريات المرتبة.,لا يتطلب أدوات دعم إضافية.,معتمد مبدئيًا,Pasted text (3)(4).txt
SHOP-059-CARD001,SHOP-059-OP001,ليساهم بجهد بدني ملموس عند الوصول للمنزل.,افتح صندوق السيارة معًا.,حمل كل كيس، إخراجه من الصندوق.,اطلب منه حمل كيس واحد في كل مرة.,المساعدة في الحمل، حمل كيس واحد، حمل كل الأكياس.,يحمل الأكياس بثبات دون إسقاطها.,الانتقال إلى التأكد من عدم نسيان أي غرض داخل السيارة.,لا يتطلب أدوات دعم إضافية.,معتمد مبدئيًا,Pasted text (3)(4).txt
SHOP-059-CARD002,SHOP-059-OP002,ليساهم في مهمة تحقق بسيطة تخص المشتريات.,اطلب منه النظر داخل الصندوق والمقاعد.,فحص السيارة، إخبارك إن وجد أي غرض متبقٍّ.,ركّز على مكان واحد في كل مرة (الصندوق ثم المقاعد).,المراقبة معك، الفحص بمساعدة، الفحص بمفرده.,يفحص السيارة بثقة متزايدة.,الانتقال إلى إغلاق السيارة.,لا يتطلب أدوات دعم إضافية.,معتمد مبدئيًا,Pasted text (3)(4).txt
SHOP-059-CARD003,SHOP-059-OP003,ليختم مسؤولية بسيطة تخص أمان سيارة الأسرة.,جهّز مفتاح السيارة في متناول يده.,الضغط على زر الإغلاق أو إغلاق الأبواب يدويًا.,استخدم زر إغلاق آلي بسيط إن توفر.,المساعدة في الإغلاق، الإغلاق بمفرده، التحقق من الإغلاق أيضًا.,يغلق السيارة بثبات ويتحقق منها.,الانتقال إلى إدخال المشتريات إلى المنزل.,لا يتطلب أدوات دعم إضافية.,معتمد مبدئيًا,Pasted text (3)(4).txt
SHOP-060-CARD001,SHOP-060-OP001,ليبدأ خطوة العودة للمنزل بمشاركة عملية.,جهّز مفتاح المنزل في متناول يده.,إدخال المفتاح، فتح الباب.,استخدم مفتاحًا بمقبض كبير سهل الإمساك.,المساعدة في الفتح، الفتح بمفرده، الفتح الكامل بثقة.,يفتح الباب بثبات دون صعوبة.,الانتقال إلى نقل الأكياس إلى المطبخ أو أماكن التخزين.,مفتاح بمقبض كبير.,معتمد مبدئيًا,Pasted text (3)(4).txt
SHOP-060-CARD002,SHOP-060-OP002,ليساهم بجهد بدني ملموس أثناء الدخول للمنزل.,حدد له طريق المطبخ من الباب.,حمل الأكياس، نقلها للمطبخ.,اطلب منه نقل كيس واحد في كل مرة.,المساعدة في النقل، نقل كيس واحد، نقل كل الأكياس.,ينقل الأكياس بثبات دون إسقاطها.,الانتقال إلى وضع الأكياس على طاولة الفرز.,لا يتطلب أدوات دعم إضافية.,معتمد مبدئيًا,Pasted text (3)(4).txt
SHOP-060-CARD003,SHOP-060-OP003,ليختم رحلة العودة بترتيب المشتريات لبدء الفرز.,أفسح مساحة واضحة على الطاولة.,حمل كل كيس، وضعه على الطاولة.,رتّب الأكياس بترتيب منظم على الطاولة.,المساعدة في الوضع، الوضع بمفرده، الترتيب الكامل.,يضع الأكياس بثبات دون تكديس عشوائي.,الانتقال إلى تفريغ محتويات الأكياس.,لا يتطلب أدوات دعم إضافية.,معتمد مبدئيًا,Pasted text (3)(4).txt
SHOP-061-CARD001,SHOP-061-OP001,ليساهم في مهمة عملية تسبق تخزين المشتريات.,أفسح مساحة واسعة على الطاولة.,فتح كل كيس، إخراج المنتجات منه.,اطلب منه تفريغ كيس واحد في كل مرة.,المساعدة في الإخراج، الإخراج الجزئي، الإخراج الكامل.,يخرج المنتجات بثبات دون إسقاطها.,الانتقال إلى فرز المشتريات بناءً على مكان تخزينها.,لا يتطلب أدوات دعم إضافية.,معتمد مبدئيًا,Pasted text (3)(4).txt
SHOP-061-CARD002,SHOP-061-OP002,ليمارس مهمة تصنيف بسيطة وممتعة.,حدد فئات بسيطة (ثلاجة/خزانة/حمام).,فحص كل منتج، وضعه في مجموعته الصحيحة.,استخدم مناطق ثابتة على الطاولة لكل فئة.,المساعدة في الفرز، فرز فئة واحدة، فرز كل الفئات.,يميّز بين الفئات بدقة متزايدة.,الانتقال إلى عزل المنتجات التي تحتاج للتبريد الفوري.,مناطق فرز ثابتة على الطاولة.,معتمد مبدئيًا,Pasted text (3)(4).txt
SHOP-061-CARD003,SHOP-061-OP003,ليساهم في مهمة تحافظ على جودة المنتجات الطازجة.,حدد له المنتجات الطازجة (لحوم، ألبان).,فصل هذه المنتجات، وضعها جانبًا للتبريد الفوري.,استخدم مكانًا ثابتًا لهذه المنتجات قرب الثلاجة.,المساعدة في العزل، العزل الجزئي، العزل الكامل.,يعزل المنتجات الطازجة بثبات متزايد.,الانتقال إلى ترتيب المشتريات في الثلاجة.,مكان ثابت قرب الثلاجة.,معتمد مبدئيًا,Pasted text (3)(4).txt
SHOP-062-CARD001,SHOP-062-OP001,ليساهم في مهمة بسيطة تفيد البيئة والمنزل معًا.,حدد الأكياس القابلة لإعادة الاستخدام.,طي كل كيس، تجميعها معًا.,أرِه طريقة الطي مرة واحدة كمثال.,المساعدة في الطي، الطي الجزئي، الطي الكامل.,يطوي الأكياس بثبات متزايد.,الانتقال إلى تجميع الأغلفة البلاستيكية والورقية الزائدة.,لا يتطلب أدوات دعم إضافية.,معتمد مبدئيًا,Pasted text (3)(4).txt
SHOP-062-CARD002,SHOP-062-OP002,ليساهم في ترتيب المنزل بعد التسوق.,جهّز كيسًا لتجميع الأغلفة الزائدة.,جمع كل غلاف، وضعه في الكيس.,اطلب منه جمع غلاف واحد في كل مرة.,المساعدة في التجميع، التجميع الجزئي، التجميع الكامل.,يجمع الأغلفة بثبات دون تذكير متكرر.,الانتقال إلى رمي الأغلفة التالفة في سلة المهملات.,كيس تجميع مخصص.,معتمد مبدئيًا,Pasted text (3)(4).txt
SHOP-062-CARD003,SHOP-062-OP003,ليختم مهمة التخلص من الأغلفة بخطوة أخيرة.,حدد له مكان سلة المهملات.,حمل الأغلفة، رميها في السلة.,ضع سلة المهملات قريبة من طاولة الفرز.,المساعدة في الرمي، الرمي بمفرده، الرمي الكامل.,يرمي الأغلفة بثبات دون تذكير.,طاولة الفرز نظيفة ومرتبة من جديد.,سلة مهملات قريبة.,معتمد مبدئيًا,Pasted text (3)(4).txt
SHOP-063-CARD001,SHOP-063-OP001,ليساهم في مهمة نظافة بسيطة تسبق تخزين الطعام.,جهّز قطعة قماش نظيفة.,تمرير القماش على كل عبوة قبل إدخالها.,استخدم منديلًا مبللًا جاهزًا.,المساعدة في المسح، مسح عبوة واحدة، مسح كل العبوات.,يمسح العبوات بثبات دون تذكير متكرر.,الانتقال إلى ترتيب المنتجات على الرفوف المناسبة.,مناديل مبللة جاهزة.,معتمد مبدئيًا,Pasted text (3)(4).txt
SHOP-063-CARD002,SHOP-063-OP002,ليساهم في مهمة تنظيمية بسيطة تخص طعام الأسرة.,حدد له الرفوف المخصصة لكل نوع.,حمل كل منتج، وضعه في رفه المناسب.,ضع ملصقات بسيطة على الرفوف.,المساعدة في الترتيب، ترتيب رف واحد، ترتيب كل الرفوف.,يضع المنتجات في مكانها الصحيح دون تذكير متكرر.,الانتقال إلى تنظيم الخضار والفواكه في الأدراج المخصصة.,ملصقات تصنيف على الرفوف.,معتمد مبدئيًا,Pasted text (3)(4).txt
SHOP-063-CARD003,SHOP-063-OP003,ليختم ترتيب الثلاجة بلمسة أخيرة منظمة.,حدد له الدرج المخصص للخضار والفواكه.,حمل كل صنف، وضعه في الدرج المناسب.,افصل الخضار عن الفواكه في جهتين من الدرج.,المساعدة في التنظيم، التنظيم الجزئي، التنظيم الكامل.,يفصل الأصناف بدقة متزايدة.,الثلاجة مرتبة وجاهزة لاستخدام يومي.,لا يتطلب أدوات دعم إضافية.,معتمد مبدئيًا,Pasted text (3)(4).txt
SHOP-064-CARD001,SHOP-064-OP001,ليساهم في مهمة تنظيمية بسيطة تخص مؤن الأسرة.,حدد له الرفوف المخصصة لهذه المنتجات.,حمل كل علبة أو كيس، وضعه في مكانه.,ضع ملصقات بسيطة على الرفوف.,المساعدة في الترتيب، ترتيب رف واحد، ترتيب كل الرفوف.,يضع المنتجات في مكانها الصحيح دون تذكير متكرر.,الانتقال إلى وضع المنتجات الأحدث في الخلف لدعم استهلاك القديم.,ملصقات تصنيف على الرفوف.,معتمد مبدئيًا,Pasted text (3)(4).txt
SHOP-064-CARD002,SHOP-064-OP002,ليساهم في مهمة تحافظ على عدم هدر الطعام.,"اشرح له فكرة ""القديم أولًا"".",تحريك المنتجات القديمة للأمام، وضع الجديدة خلفها.,ابدأ برف واحد كمثال قبل التوسع.,المساعدة في الترتيب، الترتيب الجزئي، الترتيب الكامل.,يرتب المنتجات وفق هذا المبدأ بثقة متزايدة.,المخزن مرتب وجاهز لاستخدام يومي.,لا يتطلب أدوات دعم إضافية.,معتمد مبدئيًا,Pasted text (3)(4).txt
SHOP-065-CARD001,SHOP-065-OP001,ليساهم في مهمة تنظيمية بسيطة تخص أدوات المنزل.,حدد له مكان خزانة أدوات التنظيف.,حمل كل عبوة منظف، نقلها للخزانة.,اطلب منه نقل عبوة واحدة في كل مرة.,المساعدة في النقل، نقل عبوة واحدة، نقل كل العبوات.,ينقل العبوات بثبات دون إسقاطها.,الانتقال إلى ترتيب العبوات بشكل آمن ومغلق.,لا يتطلب أدوات دعم إضافية.,معتمد مبدئيًا,Pasted text (3)(4).txt
SHOP-065-CARD002,SHOP-065-OP002,ليساهم في مهمة سلامة بسيطة تخص المنزل.,اعرض عليه طريقة فحص إغلاق الغطاء.,التحقق من إغلاق كل عبوة، ترتيبها في الخزانة.,ابدأ بعبوة واحدة كمثال.,المراقبة معك، الترتيب بمساعدة، الترتيب بمفرده.,يتحقق من الإغلاق ويرتب بثقة متزايدة.,الانتقال إلى التأكد من إبعادها عن المواد الغذائية.,لا يتطلب أدوات دعم إضافية.,معتمد مبدئيًا,Pasted text (3)(4).txt
SHOP-065-CARD003,SHOP-065-OP003,ليختم المهمة بمسؤولية سلامة تخص صحة الأسرة.,اشرح له أهمية الفصل بين المنظفات والطعام.,التحقق من عدم وجود منظفات قرب الطعام في المنزل.,خصص خزانتين منفصلتين تمامًا.,المراقبة معك، التحقق بمساعدة، التحقق بمفرده.,يتحقق من الفصل بثقة متزايدة.,المنظفات مخزّنة بأمان بعيدًا عن الطعام.,خزانتان منفصلتان.,معتمد مبدئيًا,Pasted text (3)(4).txt
SHOP-066-CARD001,SHOP-066-OP001,ليساهم في تجهيز مستلزماته الشخصية بنفسه.,حدد الحمامات التي تحتاج تجهيزًا.,حمل كل عبوة، توزيعها في الحمام المناسب.,اطلب منه توزيع حمام واحد في كل مرة.,المساعدة في التوزيع، التوزيع الجزئي، التوزيع الكامل.,يوزّع العبوات بثبات متزايد.,الانتقال إلى ترتيب الأدوات الاحتياطية في خزانة الحمام.,لا يتطلب أدوات دعم إضافية.,معتمد مبدئيًا,Pasted text (3)(4).txt
SHOP-066-CARD002,SHOP-066-OP002,ليختم المهمة برؤية خزانة حمام مرتبة وجاهزة.,حدد له الرف المخصص للاحتياطي.,حمل الأدوات الاحتياطية، وضعها في مكانها.,استخدم رفًا بأماكن ثابتة لكل نوع.,المساعدة في الترتيب، الترتيب الجزئي، الترتيب الكامل.,يضع الأدوات في مكانها الصحيح دون تذكير متكرر.,أدوات العناية الشخصية جاهزة للاستخدام.,رف بأماكن ثابتة.,معتمد مبدئيًا,Pasted text (3)(4).txt
SHOP-067-CARD001,SHOP-067-OP001,ليساهم في تجهيز ملابسه الجديدة للاستخدام.,جهّز مقصًا آمنًا إن لزم إزالة البطاقات.,إزالة كل بطاقة أو غلاف عن القطعة.,استخدم بطاقات ذات خيط سهل السحب.,المساعدة في الإزالة، الإزالة الجزئية، الإزالة الكاملة.,يزيل البطاقات بثبات دون إتلاف القماش.,الانتقال إلى تعليق الملابس على الشماعات.,لا يتطلب أدوات دعم إضافية.,معتمد مبدئيًا,Pasted text (3)(4).txt
SHOP-067-CARD002,SHOP-067-OP002,ليساهم في ترتيب ملابسه الجديدة بنفسه.,تأكد من إمكانية الوصول لقضيب التعليق.,أخذ شماعة مناسبة، تعليق القطعة عليها.,خفض قضيب التعليق ليكون في متناول يده.,المساعدة في التعليق، تعليق قطعة واحدة، تعليق كل القطع.,يعلّق القطع بثبات دون سقوطها.,الانتقال إلى ترتيب الملابس الجديدة في الخزانة.,قضيب تعليق بارتفاع قابل للتعديل.,معتمد مبدئيًا,Pasted text (3)(4).txt
SHOP-067-CARD003,SHOP-067-OP003,ليختم المهمة برؤية خزانة مرتبة بملابسه الجديدة.,حدد له مكان قطع الملابس الجديدة في الخزانة.,حمل كل قطعة، وضعها في مكانها.,ضع ملابسه الجديدة في مقدمة الخزانة.,المساعدة في الترتيب، الترتيب الجزئي، الترتيب الكامل.,يضع الملابس في مكانها الصحيح دون تذكير متكرر.,الملابس الجديدة جاهزة للارتداء.,لا يتطلب أدوات دعم إضافية.,معتمد مبدئيًا,Pasted text (3)(4).txt
SHOP-068-CARD001,SHOP-068-OP001,ليساهم في مهمة تحقق بسيطة تخص مشتريات الأسرة.,جهّز الفاتورة والمشتريات في متناول يده.,قراءة كل بند، مطابقته مع المنتج الفعلي.,ركّز على بند واحد في كل مرة.,المساعدة في المطابقة، المطابقة الجزئية، المطابقة الكاملة.,يطابق البنود بدقة متزايدة.,الانتقال إلى التأكد من صحة الأسعار والعروض المحتسبة.,لا يتطلب أدوات دعم إضافية.,معتمد مبدئيًا,Pasted text (3)(4).txt
SHOP-068-CARD002,SHOP-068-OP002,ليختم مهمة المراجعة بخطوة تحقق مالي بسيطة.,جهّز آلة حاسبة صغيرة إن لزم.,مقارنة السعر المكتوب مع السعر على الرف أو الكوبون.,ركّز على منتج واحد للتحقق في كل مرة.,المساعدة في التحقق، التحقق بمفرده مع تأكيدك، التحقق الكامل بثقة.,يتحقق من الأسعار بثقة متزايدة.,الفاتورة مراجعة وموثوق بصحتها.,آلة حاسبة صغيرة.,معتمد مبدئيًا,Pasted text (3)(4).txt
SHOP-069-CARD001,SHOP-069-OP001,ليساهم في مهمة توثيق تفيد إدارة مصروفات الأسرة.,جهّز الفاتورة والتطبيق أو الدفتر جاهزين.,قراءة المبلغ الإجمالي، إدخاله في التطبيق.,استخدم تطبيقًا بواجهة بسيطة وأزرار كبيرة.,المساعدة في الإدخال، الإدخال بمفرده، إدخال أكثر من فاتورة.,يدخل المبلغ بدقة متزايدة.,الانتقال إلى تصنيف المصروفات حسب الأقسام (طعام، تنظيف).,تطبيق مصروفات بواجهة بسيطة.,معتمد مبدئيًا,Pasted text (3)(4).txt
SHOP-069-CARD002,SHOP-069-OP002,ليختم مهمة التسجيل بخطوة تنظيمية بسيطة.,حدد الفئات الرئيسية معه.,اختيار الفئة المناسبة لكل مبلغ في التطبيق.,استخدم رموزًا مصورة لكل فئة في التطبيق.,المساعدة في التصنيف، التصنيف بمفرده، التصنيف الكامل.,يصنف المبالغ بدقة متزايدة.,الميزانية محدّثة ومنظمة.,رموز مصورة للفئات.,معتمد مبدئيًا,Pasted text (3)(4).txt
SHOP-070-CARD001,SHOP-070-OP001,ليساهم في توثيق معلومة تفيد الأسرة لاحقًا.,جهّز قلمًا في متناول يده.,كتابة التاريخ على الإيصال، أو التأكد من وجوده مطبوعًا.,استخدم ختمًا بتاريخ جاهز إن توفر.,المساعدة في الكتابة، الكتابة بمفرده، التحقق من التاريخ المطبوع أيضًا.,يكتب أو يتحقق من التاريخ بثقة متزايدة.,الانتقال إلى إيداع الإيصال في الملف المخصص للضمانات.,ختم تاريخ جاهز عند التوفر.,معتمد مبدئيًا,Pasted text (3)(4).txt
SHOP-070-CARD002,SHOP-070-OP002,ليختم المهمة بمسؤولية بسيطة تخص أوراق الأسرة.,حدد له الملف المخصص للضمانات.,حمل الإيصال، وضعه في الملف.,استخدم ملفًا بلون مميز للضمانات.,المساعدة في الإيداع، الإيداع بمفرده، الإيداع الكامل.,يودع الإيصال في مكانه الصحيح دون تذكير.,الإيصال محفوظ وجاهز عند الحاجة للضمان.,ملف بلون مميز للضمانات.,معتمد مبدئيًا,Pasted text (3)(4).txt
SHOP-071-CARD001,SHOP-071-OP001,ليمارس استخدام تطبيق بسيط يخص التسوق الرقمي.,افتح التطبيق أو الموقع معًا.,التنقل بين الأقسام، اختيار فلتر بسيط.,استخدم أزرار فلاتر كبيرة وواضحة.,المساعدة في التصفح، التصفح بمفرده، تطبيق الفلاتر أيضًا.,يتنقل بين الأقسام بثقة متزايدة.,الانتقال إلى البحث عن المنتجات المطلوبة.,واجهة تطبيق بأزرار واضحة.,معتمد مبدئيًا,Pasted text (3)(4).txt
SHOP-071-CARD002,SHOP-071-OP002,ليمارس دورًا فعليًا في العثور على ما يحتاجه.,جهّز اسم المنتج المطلوب.,كتابة أو إملاء اسم المنتج في خانة البحث.,استخدم البحث الصوتي إن كان أسهل من الكتابة.,الإملاء لك، الكتابة بمساعدة، البحث بمفرده.,يبحث عن المنتج بثقة متزايدة.,الانتقال إلى استعراض صور المنتج.,خاصية البحث الصوتي عند التوفر.,معتمد مبدئيًا,Pasted text (3)(4).txt
SHOP-071-CARD003,SHOP-071-OP003,ليساهم في تقييم المنتج قبل اتخاذ قرار الشراء.,افتح صفحة المنتج معًا.,التمرير بين الصور، ملاحظة التفاصيل.,كبّر الصور لرؤية أوضح إن أمكن.,المراقبة معك، التمرير بمساعدة، التمرير بمفرده.,يستعرض الصور بثقة متزايدة.,الانتقال إلى إضافة منتجات إلى سلة التسوق الرقمية.,خاصية تكبير الصور.,معتمد مبدئيًا,Pasted text (3)(4).txt
SHOP-072-CARD001,SHOP-072-OP001,ليساهم في قرار بسيط يخص كمية الشراء.,حدد معه الكمية المطلوبة.,الضغط على أزرار زيادة أو تقليل الكمية.,استخدم أزرار كبيرة وواضحة للزيادة والنقصان.,المساعدة في التحديد، التحديد بمفرده، التأكيد النهائي أيضًا.,يحدد الكمية الصحيحة بثقة متزايدة.,الانتقال إلى اختيار الخيارات (اللون، المقاس).,أزرار كمية كبيرة وواضحة.,معتمد مبدئيًا,Pasted text (3)(4).txt
SHOP-072-CARD002,SHOP-072-OP002,ليعبّر عن تفضيلاته في اختياره الرقمي.,اعرض عليه الخيارات المتاحة على الشاشة.,الضغط على الخيار المفضل (لون أو مقاس).,حدد له عددًا قليلًا من الخيارات لتقليل التشتت.,الإشارة للخيار، الاختيار من بين خيارين، الاختيار الكامل بمفرده.,يعبّر عن تفضيله بوضوح متزايد.,"الانتقال إلى النقر على زر ""إضافة للسلة"".",لا يتطلب أدوات دعم إضافية.,معتمد مبدئيًا,Pasted text (3)(4).txt
SHOP-072-CARD003,SHOP-072-OP003,ليختم اختياره بخطوة عملية بسيطة تكمل عملية التسوق.,حدد له مكان الزر على الشاشة.,"الضغط على زر ""إضافة للسلة"".",كبّر حجم الزر إن أمكن على الشاشة.,المساعدة في الضغط، الضغط بمفرده، التحقق من الإضافة أيضًا.,يضغط الزر بثقة متزايدة.,المنتج مضاف للسلة، والانتقال لمنتج آخر أو إتمام الشراء.,لا يتطلب أدوات دعم إضافية.,معتمد مبدئيًا,Pasted text (3)(4).txt
SHOP-073-CARD001,SHOP-073-OP001,ليساهم في جمع معلومة تفيد قرار الشراء.,افتح قسم التقييمات معًا.,قراءة تعليق أو اثنين، مناقشة الرأي معك.,ركّز على تقييم واحد قصير في كل مرة.,المساعدة في القراءة، القراءة بمفرده، مناقشة الرأي معك أيضًا.,يقرأ التعليق ويعبّر عن رأيه بثقة متزايدة.,الانتقال إلى فحص الصور المرفقة من المستخدمين.,لا يتطلب أدوات دعم إضافية.,معتمد مبدئيًا,Pasted text (3)(4).txt
SHOP-073-CARD002,SHOP-073-OP002,ليساهم في تقييم بصري للمنتج قبل الشراء.,افتح قسم صور المستخدمين معًا.,التمرير بين الصور، ملاحظة الفرق عن صور المتجر.,كبّر الصور لرؤية أوضح إن أمكن.,المراقبة معك، التمرير بمساعدة، التمرير بمفرده.,يلاحظ الفروقات بثقة متزايدة.,الانتقال إلى اتخاذ قرار الشراء بناءً على المراجعات.,خاصية تكبير الصور.,معتمد مبدئيًا,Pasted text (3)(4).txt
SHOP-073-CARD003,SHOP-073-OP003,ليختم مراجعته بقرار عملي يخصه.,راجع معه ما لاحظه من التقييمات والصور.,الحسم بالشراء أو البحث عن بديل.,اطرح عليه سؤالًا بسيطًا يساعده على الحسم.,المساعدة في القرار، المشاركة بالرأي، القرار الكامل بمفرده.,يعبّر عن قراره بوضوح.,المنتج جاهز للإضافة للسلة أو البحث عن بديل.,لا يتطلب أدوات دعم إضافية.,معتمد مبدئيًا,Pasted text (3)(4).txt
SHOP-074-CARD001,SHOP-074-OP001,ليساهم في تنظيم اهتماماته الشخصية رقميًا.,"حدد له زر ""الحفظ"" أو رمز القلب على الشاشة.",الضغط على الزر لحفظ المنتج المفضل.,استخدم رمزًا واضحًا وكبيرًا للحفظ.,المساعدة في الضغط، الضغط بمفرده، حفظ أكثر من منتج.,يحفظ المنتجات المفضلة بثقة متزايدة.,الانتقال إلى مراجعة وتصفية القائمة لاحقاً.,رمز حفظ واضح وكبير.,معتمد مبدئيًا,Pasted text (3)(4).txt
SHOP-074-CARD002,SHOP-074-OP002,ليختم مهمته بمراجعة قراراته السابقة.,افتح قائمة الأمنيات معًا.,مراجعة كل منتج، إزالة ما لم يعد يهمه.,ركّز على منتج واحد في كل مراجعة.,المساعدة في المراجعة، المراجعة بمفرده، التصفية الكاملة.,يراجع ويصفّي القائمة بثقة متزايدة.,القائمة جاهزة ومحدّثة لاختياراته المستقبلية.,لا يتطلب أدوات دعم إضافية.,معتمد مبدئيًا,Pasted text (3)(4).txt
SHOP-075-CARD001,SHOP-075-OP001,ليساهم في التأكد من صحة اختياراته قبل الشراء.,افتح صفحة السلة معًا.,مراجعة كل منتج والكمية، التأكد من صحتها.,ركّز على منتج واحد في كل مرة.,المساعدة في المراجعة، المراجعة الجزئية، المراجعة الكاملة.,يراجع السلة بثقة متزايدة.,الانتقال إلى إدخال أو تأكيد عنوان التوصيل.,لا يتطلب أدوات دعم إضافية.,معتمد مبدئيًا,Pasted text (3)(4).txt
SHOP-075-CARD002,SHOP-075-OP002,ليساهم في مهمة توثيق بسيطة تخص وصول الطلب.,جهّز العنوان المحفوظ مسبقًا.,التحقق من العنوان الظاهر، تأكيده.,استخدم عنوانًا محفوظًا مسبقًا لتقليل الكتابة.,المساعدة في التحقق، التحقق بمفرده، التأكيد الكامل.,يتحقق من العنوان بثقة متزايدة.,الانتقال إلى اختيار طريقة الدفع وتأكيد الطلب.,عنوان محفوظ مسبقًا.,معتمد مبدئيًا,Pasted text (3)(4).txt
SHOP-075-CARD003,SHOP-075-OP003,ليختم عملية الشراء بخطوة إتمام أخيرة.,اعرض عليه طرق الدفع المتاحة.,اختيار طريقة الدفع، الضغط على تأكيد الطلب.,استخدم طريقة دفع محفوظة مسبقًا.,المساعدة في الاختيار، الاختيار بمفرده، التأكيد النهائي أيضًا.,يؤكد الطلب بثقة متزايدة.,الطلب مؤكد وجاهز للتوصيل.,طريقة دفع محفوظة مسبقًا.,معتمد مبدئيًا,Pasted text (3)(4).txt
SHOP-076-CARD001,SHOP-076-OP001,ليساهم في قرار عملي يوازن بين السرعة والتكلفة.,اعرض عليه خيارات الشحن المتاحة.,قراءة كل خيار وتكلفته، المقارنة بمساعدتك.,ركّز على خيارين فقط للمقارنة.,المساعدة في المقارنة، المقارنة بمفرده، الاختيار النهائي أيضًا.,يقارن الخيارات بثقة متزايدة.,الانتقال إلى اختيار التوقيت المناسب للتوصيل.,لا يتطلب أدوات دعم إضافية.,معتمد مبدئيًا,Pasted text (3)(4).txt
SHOP-076-CARD002,SHOP-076-OP002,ليساهم في تحديد موعد يناسب جدول الأسرة.,راجع معه جدول الأسرة القريب.,اختيار الموعد المناسب من الخيارات المتاحة.,حدد له يومين أو ثلاثة للاختيار بينها.,المساعدة في الاختيار، الاختيار بمفرده، التأكيد الكامل.,يختار الموعد المناسب بثقة متزايدة.,الانتقال إلى اعتماد الاختيار لإتمام العملية.,لا يتطلب أدوات دعم إضافية.,معتمد مبدئيًا,Pasted text (3)(4).txt
SHOP-076-CARD003,SHOP-076-OP003,ليختم قراره بخطوة تأكيد أخيرة.,راجع معه الاختيار النهائي.,الضغط على زر الاعتماد أو التأكيد.,كبّر حجم الزر إن أمكن على الشاشة.,المساعدة في الضغط، الضغط بمفرده، التحقق من التأكيد أيضًا.,يعتمد الاختيار بثقة متزايدة.,طريقة الشحن محددة والطلب في طريقه للتجهيز.,لا يتطلب أدوات دعم إضافية.,معتمد مبدئيًا,Pasted text (3)(4).txt
SHOP-077-CARD001,SHOP-077-OP001,ليساهم في متابعة طلب يترقبه بنفسه.,احفظ رابط التتبع في مكان سهل الوصول.,فتح الرابط، النظر لحالة الطلب.,ضع اختصارًا للرابط على الشاشة الرئيسية.,المساعدة في الفتح، الفتح بمفرده، المتابعة الدورية الكاملة.,يفتح الرابط ويتابع الحالة بثقة متزايدة.,الانتقال إلى متابعة مسار الشحنة على الخريطة أو عبر الحالات.,اختصار رابط التتبع.,معتمد مبدئيًا,Pasted text (3)(4).txt
SHOP-077-CARD002,SHOP-077-OP002,ليساهم في فهم مراحل وصول طلبه.,اعرض عليه رموز الحالات المختلفة (تم الشحن، في الطريق).,النظر للحالة الحالية، فهم معناها.,استخدم صورًا أو رموزًا بسيطة لكل حالة.,المراقبة معك، الفهم بمساعدة، الفهم بمفرده.,يفهم الحالة الحالية بثقة متزايدة.,الانتقال إلى توقع وتحديد موعد الاستلام.,رموز بسيطة لكل حالة شحن.,معتمد مبدئيًا,Pasted text (3)(4).txt
SHOP-077-CARD003,SHOP-077-OP003,ليختم متابعته بتوقع عملي لموعد وصول طلبه.,راجع معه المعلومات المتوفرة عن الموعد.,تحديد الموعد المتوقع، إخبار الأسرة به.,استخدم تقويمًا بسيطًا لوضع علامة على الموعد.,المساعدة في التحديد، التحديد بمفرده، الإخبار الكامل للأسرة.,يحدد الموعد ويشارك المعلومة بثقة متزايدة.,الانتظار لاستلام إشعار وصول الطلبية.,تقويم بسيط لوضع العلامات.,معتمد مبدئيًا,Pasted text (3)(4).txt
SHOP-078-CARD001,SHOP-078-OP001,ليساهم في متابعة معلومة تخص وصول طلبه.,اعرض عليه شكل الإشعار المتوقع.,فتح الرسالة أو الإشعار، قراءته.,استخدم تنبيهًا صوتيًا واضحًا للإشعارات.,المساعدة في القراءة، القراءة بمفرده، الفهم الكامل للمحتوى.,يقرأ الإشعار ويفهمه بثقة متزايدة.,الانتقال إلى تجهيز كود الاستلام المطلوب.,تنبيه صوتي للإشعارات.,معتمد مبدئيًا,Pasted text (3)(4).txt
SHOP-078-CARD002,SHOP-078-OP002,ليساهم في التحضير لاستلام طلبه بنفسه.,حدد له مكان الكود في الرسالة أو التطبيق.,نسخ أو تذكر الكود، تجهيزه للاستلام.,خذ لقطة شاشة للكود لسهولة الوصول إليه.,المساعدة في التجهيز، التجهيز بمفرده، عرضه عند الاستلام أيضًا.,يجهز الكود بثقة متزايدة.,الانتقال إلى إبلاغ أفراد الأسرة بوصول المندوب.,لقطة شاشة للكود.,معتمد مبدئيًا,Pasted text (3)(4).txt
SHOP-078-CARD003,SHOP-078-OP003,ليساهم في مهمة تواصل بسيطة داخل الأسرة.,جهّز جملة بسيطة للإبلاغ.,إخبار أحد أفراد الأسرة بوصول المندوب.,استخدم عبارة ثابتة يستخدمها في كل مرة.,الإشارة لشخص قريب، الإبلاغ بمساعدة، الإبلاغ بمفرده.,يبلغ الأسرة بثقة متزايدة.,الانتقال إلى استلام طلبية منزلية من مندوب التوصيل.,عبارة إبلاغ ثابتة.,معتمد مبدئيًا,Pasted text (3)(4).txt
SHOP-079-CARD001,SHOP-079-OP001,ليمارس دورًا اجتماعيًا بسيطًا في استقبال زائر مؤقت.,ابقَ قريبًا منه عند فتح الباب.,التوجه للباب، فتحه لاستقبال المندوب.,علّمه عبارة ترحيب بسيطة يستخدمها دائمًا.,المرافقة عند الاستقبال، الاستقبال بمساعدة قريبة، الاستقبال بمفرده.,يبادر بالترحيب بثقة متزايدة.,الانتقال إلى استلام الطرد أو الأكياس.,عبارة ترحيب جاهزة.,معتمد مبدئيًا,Pasted text (3)(4).txt
SHOP-079-CARD002,SHOP-079-OP002,ليساهم بخطوة عملية تكمل استقبال المندوب.,تأكد أن الطرد ليس ثقيلًا جدًا لحمله.,استلام الطرد من المندوب، حمله للداخل.,رافقه أول مرة لمعرفة طريقة الاستلام.,المساعدة في الاستلام، الاستلام بمفرده، الحمل الكامل للداخل.,يستلم الطرد بثبات دون تردد.,الانتقال إلى تزويد المندوب بكود التسليم إن لزم.,لا يتطلب أدوات دعم إضافية.,معتمد مبدئيًا,Pasted text (3)(4).txt
SHOP-079-CARD003,SHOP-079-OP003,ليختم عملية الاستلام بخطوة تحقق بسيطة.,جهّز الكود جاهزًا معه.,إظهار الكود للمندوب أو ذكره له.,استخدم لقطة شاشة للكود لتقليل الحاجة للكتابة.,المساعدة في التزويد، التزويد بمفرده، التزويد الكامل بثقة.,يزوّد المندوب بالكود بثقة متزايدة.,الانتقال إلى فحص المنتجات عند الاستلام.,لقطة شاشة للكود.,معتمد مبدئيًا,Pasted text (3)(4).txt
SHOP-080-CARD001,SHOP-080-OP001,ليشارك في لحظة فتح طلب انتظره بنفسه.,جهّز مكانًا لفتح الطرد بهدوء.,فتح الطرد بحذر، إخراج المحتويات.,جهّز أداة فتح بسيطة وآمنة إن لزم.,المساعدة في الفتح، الفتح بمفرده، الفتح والإخراج الكامل.,يفتح الطرد بثبات دون صعوبة.,الانتقال إلى مطابقة المحتويات مع الطلب الرقمي.,أداة فتح آمنة عند الحاجة.,معتمد مبدئيًا,Pasted text (3)(4).txt
SHOP-080-CARD002,SHOP-080-OP002,ليساهم في التأكد من صحة طلبه.,جهّز قائمة الطلب على الشاشة أو مطبوعة.,مقارنة كل منتج مع القائمة.,استخدم قائمة تحقق مصورة للمطابقة.,المساعدة في المطابقة، المطابقة الجزئية، المطابقة الكاملة.,يطابق المحتويات بثقة متزايدة.,الانتقال إلى فحص سلامة المنتجات من أي تلف.,قائمة تحقق مصورة.,معتمد مبدئيًا,Pasted text (3)(4).txt
SHOP-080-CARD003,SHOP-080-OP003,ليختم مهمة الاستلام بخطوة تحقق أخيرة.,اعرض عليه علامة بسيطة للتلف.,فحص كل منتج، التأكد من سلامته.,ابدأ بمنتج واحد كمثال.,المراقبة معك، الفحص بمساعدة، الفحص بمفرده.,يميّز المنتج السليم بثقة متزايدة.,المنتجات جاهزة للاستخدام أو التخزين.,لا يتطلب أدوات دعم إضافية.,معتمد مبدئيًا,Pasted text (3)(4).txt
SHOP-081-CARD001,SHOP-081-OP001,ليمارس تعاملًا ماليًا بسيطًا يخص إتمام الاستلام.,اعرض عليه المبلغ المطلوب على فاتورة الطلب.,إخراج المبلغ من المحفظة، عده بمساعدتك.,جهّز المبلغ بالضبط أو بورقة كبيرة واحدة.,المساعدة في التجهيز، التجهيز بمفرده مع تأكيدك، التجهيز الكامل.,يجهز المبلغ بثقة متزايدة.,الانتقال إلى تسليم المبلغ للمندوب.,لا يتطلب أدوات دعم إضافية.,معتمد مبدئيًا,Pasted text (3)(4).txt
SHOP-081-CARD002,SHOP-081-OP002,ليختم خطوة الدفع بمناولة مباشرة.,تأكد أن المبلغ جاهز في يده.,تسليم المبلغ للمندوب.,رافقه أول مرة لمعرفة الخطوة.,المساعدة في التسليم، التسليم بمفرده، التسليم بثقة كاملة.,يسلّم المبلغ بثقة متزايدة.,الانتقال إلى استلام وتأكيد التغيير (الباقي).,لا يتطلب أدوات دعم إضافية.,معتمد مبدئيًا,Pasted text (3)(4).txt
SHOP-081-CARD003,SHOP-081-OP003,ليختم عملية الدفع بخطوة تحقق بسيطة.,اشرح له طريقة عد الباقي ببساطة.,استلام الباقي، عده بمساعدتك.,استخدم آلة حاسبة صغيرة للتحقق إن لزم.,المساعدة في العد، العد بمفرده مع تأكيدك، العد الكامل بثقة.,يتحقق من الباقي بثقة متزايدة.,الطلبية مستلمة ومدفوعة بالكامل.,آلة حاسبة صغيرة عند الحاجة.,معتمد مبدئيًا,Pasted text (3)(4).txt
SHOP-082-CARD001,SHOP-082-OP001,ليساهم في التأكد من صحة معلومات الاستلام.,جهّز الإيصال في متناول يده.,قراءة البيانات المكتوبة على الإيصال.,استخدم عدسة مكبرة إن كانت الكتابة صغيرة.,المساعدة في القراءة، القراءة بمفرده، التأكد الكامل من البيانات.,يقرأ البيانات بثقة متزايدة.,الانتقال إلى التوقيع بالاسم أو التوقيع الإلكتروني.,عدسة مكبرة عند الحاجة.,معتمد مبدئيًا,Pasted text (3)(4).txt
SHOP-082-CARD002,SHOP-082-OP002,ليمارس خطوة عملية بسيطة تخص إتمام الاستلام.,جهّز قلمًا أو جهاز التوقيع الإلكتروني.,كتابة اسمه أو التوقيع على الشاشة.,استخدم قلمًا سميكًا سهل الإمساك.,المساعدة في التوقيع، التوقيع بمفرده، التوقيع الكامل بثقة.,يوقّع بثبات دون تردد.,الانتقال إلى استلام النسخة الخاصة بالعميل.,قلم سميك سهل الإمساك.,معتمد مبدئيًا,Pasted text (3)(4).txt
SHOP-082-CARD003,SHOP-082-OP003,ليختم المهمة بخطوة أخيرة تحافظ على أوراق الأسرة.,حدد مكانًا لحفظ النسخة.,استلام النسخة، وضعها في مكانها المخصص.,استخدم ملفًا ثابتًا للإيصالات.,المساعدة في الاستلام، الاستلام بمفرده، الحفظ الكامل في الملف.,يحفظ النسخة في مكانها الصحيح دون تذكير.,عملية الاستلام مكتملة وموثقة.,ملف ثابت للإيصالات.,معتمد مبدئيًا,Pasted text (3)(4).txt
SHOP-083-CARD001,SHOP-083-OP001,ليساهم في مهمة عملية تخص إتمام إرجاع بسيط.,جهّز الغلاف الأصلي إن كان محفوظًا.,وضع المنتج في غلافه الأصلي، إغلاقه.,رافقه أول مرة لمعرفة طريقة التغليف.,المساعدة في التغليف، التغليف بمفرده، التغليف الكامل بثقة.,يغلف المنتج بثبات دون صعوبة.,الانتقال إلى إحضار الفاتورة أو الإيصال.,لا يتطلب أدوات دعم إضافية.,معتمد مبدئيًا,Pasted text (3)(4).txt
SHOP-083-CARD002,SHOP-083-OP002,ليساهم في تجهيز الأوراق اللازمة لإتمام الإرجاع.,حدد له مكان حفظ الفاتورة.,إحضار الفاتورة، وضعها مع المنتج.,استخدم ملفًا ثابتًا للفواتير سهل الوصول إليه.,المساعدة في الإحضار، الإحضار بمفرده، التجهيز الكامل.,يحضر الفاتورة بثقة متزايدة.,الانتقال إلى تسليم المنتج لموظف خدمة العملاء.,ملف ثابت للفواتير.,معتمد مبدئيًا,Pasted text (3)(4).txt
SHOP-083-CARD003,SHOP-083-OP003,ليمارس تواصلًا مباشرًا خلال مهمة إرجاع بسيطة.,جهّز معه جملة بسيطة لشرح سبب الإرجاع.,التوجه للموظف، تسليم المنتج والفاتورة.,جهّز بطاقة مكتوبة بسبب الإرجاع إن كان التحدث صعبًا.,المرافقة أثناء التسليم، التسليم بمساعدتك، التسليم بمفرده.,يسلّم المنتج ويشرح السبب بثقة متزايدة.,عملية الإرجاع مكتملة.,بطاقة سبب الإرجاع مكتوبة مسبقًا.,معتمد مبدئيًا,Pasted text (3)(4).txt
SHOP-084-CARD001,SHOP-084-OP001,ليساهم في اختيار البديل الذي يناسبه بنفسه.,حدد معه المقاس أو اللون المطلوب.,البحث عن البديل، اختياره من الرف.,استخدم صورة أو رقم المقاس كمرجع.,المساعدة في الاختيار، الاختيار بمفرده، الاختيار الكامل بثقة.,يختار البديل الصحيح بثقة متزايدة.,الانتقال إلى التوجه لقسم الاستبدال بالمنتج الجديد والقديم.,صورة أو رقم مرجعي للمقاس.,معتمد مبدئيًا,Pasted text (3)(4).txt
SHOP-084-CARD002,SHOP-084-OP002,ليساهم بخطوة عملية تسبق إتمام الاستبدال.,حدد له مكان قسم الاستبدال.,حمل المنتجين، التوجه للقسم المخصص.,رافقه أول مرة لمعرفة المكان.,المرافقة أثناء التوجه، التوجه بمفرده، الحمل الكامل للمنتجين.,يتوجه للقسم الصحيح بثقة متزايدة.,الانتقال إلى إتمام عملية التبديل مع الموظف.,لا يتطلب أدوات دعم إضافية.,معتمد مبدئيًا,Pasted text (3)(4).txt
SHOP-084-CARD003,SHOP-084-OP003,ليمارس تواصلًا مباشرًا خلال إتمام مهمة الاستبدال.,جهّز معه جملة بسيطة لشرح طلب الاستبدال.,تسليم المنتجين للموظف، شرح الطلب.,جهّز بطاقة مكتوبة بالطلب إن كان التحدث صعبًا.,المرافقة أثناء التبديل، التبديل بمساعدتك، التبديل بمفرده.,يشرح طلبه بثقة متزايدة.,المنتج البديل جاهز للعودة به للمنزل.,بطاقة طلب مكتوبة مسبقًا.,معتمد مبدئيًا,Pasted text (3)(4).txt
SHOP-085-CARD001,SHOP-085-OP001,ليمارس استخدام تطبيق بسيط لإتمام مهمة إرجاع.,افتح التطبيق على صفحة الطلب المراد إرجاعه.,"الضغط على زر ""إرجاع""، اختيار السبب.",استخدم أزرار كبيرة وواضحة لأسباب الإرجاع.,المساعدة في الضغط، الضغط بمفرده، اختيار السبب أيضًا.,يقدّم طلب الإرجاع بثقة متزايدة.,الانتقال إلى تغليف المنتج وتجهيزه.,أزرار واضحة لأسباب الإرجاع.,معتمد مبدئيًا,Pasted text (3)(4).txt
SHOP-085-CARD002,SHOP-085-OP002,ليساهم في مهمة عملية تسبق تسليم المنتج للشحن.,جهّز الغلاف المناسب للمنتج.,وضع المنتج في الغلاف، إغلاقه بإحكام.,رافقه أول مرة لمعرفة طريقة التغليف.,المساعدة في التغليف، التغليف بمفرده، التغليف الكامل بثقة.,يغلف المنتج بثبات دون صعوبة.,الانتقال إلى تسليم الطرد لمندوب شركة الشحن.,لا يتطلب أدوات دعم إضافية.,معتمد مبدئيًا,Pasted text (3)(4).txt
SHOP-085-CARD003,SHOP-085-OP003,ليمارس تواصلًا مباشرًا خلال إتمام مهمة الإرجاع.,جهّز الطرد جاهزًا للتسليم.,التوجه للباب، تسليم الطرد للمندوب.,رافقه أول مرة لمعرفة الخطوة.,المرافقة أثناء التسليم، التسليم بمساعدتك، التسليم بمفرده.,يسلّم الطرد بثقة متزايدة.,عملية الإرجاع مكتملة، والانتظار لاسترداد المبلغ.,لا يتطلب أدوات دعم إضافية.,معتمد مبدئيًا,Pasted text (3)(4).txt
SHOP-086-CARD001,SHOP-086-OP001,ليساهم في متابعة معلومة تخص الأسرة.,افتح تطبيق البنك معًا.,النظر لكشف الحساب، التحقق من وصول المبلغ.,ركّز على آخر معاملة فقط في المتابعة.,المراقبة معك، المتابعة بمساعدة، المتابعة بمفرده.,يتابع الحساب بثقة متزايدة.,الانتقال إلى حفظ رسالة التأكيد أو الإشعار.,لا يتطلب أدوات دعم إضافية.,معتمد مبدئيًا,Pasted text (3)(4).txt
SHOP-086-CARD002,SHOP-086-OP002,ليختم المهمة بمسؤولية بسيطة تخص توثيق الأسرة.,حدد له مكان حفظ الرسائل المهمة.,حفظ الرسالة أو أخذ لقطة شاشة لها.,استخدم مجلدًا ثابتًا لهذه الرسائل.,المساعدة في الحفظ، الحفظ بمفرده، الحفظ الكامل.,يحفظ الرسالة في مكانها الصحيح دون تذكير.,المبلغ مسترد والتوثيق محفوظ.,مجلد ثابت للرسائل المهمة.,معتمد مبدئيًا,Pasted text (3)(4).txt
SHOP-087-CARD001,SHOP-087-OP001,ليساهم في مهمة تحقق بسيطة تخص رصيده.,تأكد من حضورك أثناء الاستلام.,استلام البطاقة أو التحقق من الرصيد على الشاشة.,رافقه أول مرة لمعرفة الخطوة.,المساعدة في الاستلام، الاستلام بمفرده، التحقق الكامل من الرصيد.,يستلم البطاقة أو يتحقق من الرصيد بثقة متزايدة.,الانتقال إلى حفظ الرصيد في التطبيق.,لا يتطلب أدوات دعم إضافية.,معتمد مبدئيًا,Pasted text (3)(4).txt
SHOP-087-CARD002,SHOP-087-OP002,ليساهم في مهمة توثيق بسيطة تخص رصيده الشخصي.,افتح التطبيق المخصص لحفظ الرصيد.,إدخال رمز البطاقة أو تأكيد الحفظ.,استخدم مسح الباركود بدل الإدخال اليدوي إن أمكن.,المساعدة في الحفظ، الحفظ بمفرده، الحفظ الكامل بثقة.,يحفظ الرصيد بثقة متزايدة.,الانتقال إلى استخدام الرصيد في عمليات الشراء القادمة.,خاصية مسح الباركود.,معتمد مبدئيًا,Pasted text (3)(4).txt
SHOP-087-CARD003,SHOP-087-OP003,ليختم المهمة باستفادة عملية من رصيده.,ذكّره برصيده المتاح عند الشراء القادم.,إخبار الكاشير برغبته باستخدام الرصيد عند الحساب.,جهّز جملة بسيطة يقولها للكاشير.,المساعدة في الإخبار، الإخبار بمفرده، الاستخدام الكامل بثقة.,يستخدم رصيده بثقة متزايدة.,الرصيد مستخدم في شراء جديد.,جملة إخبار جاهزة.,معتمد مبدئيًا,Pasted text (3)(4).txt
SHOP-088-CARD001,SHOP-088-OP001,ليمارس تواصلًا مباشرًا للحصول على مساعدة يحتاجها.,جهّز رقم الهاتف أو رابط الدعم الفني.,الاتصال أو فتح المحادثة، بدء التواصل.,جهّز معه جملة افتتاحية بسيطة.,المرافقة أثناء التواصل، التواصل بمساعدتك، التواصل بمفرده.,يبدأ التواصل بثقة متزايدة.,الانتقال إلى شرح العطل بوضوح.,جملة افتتاحية جاهزة.,معتمد مبدئيًا,Pasted text (3)(4).txt
SHOP-088-CARD002,SHOP-088-OP002,ليمارس وصف مشكلة بسيطة تتعلق بمنتج يخصه.,راجع معه وصف العطل قبل الاتصال.,وصف المشكلة للموظف بجمل بسيطة.,جهّز نقاطًا مكتوبة تصف العطل يمكنه القراءة منها.,المساعدة في الشرح، الشرح بمساعدتك، الشرح الكامل بمفرده.,يشرح العطل بوضوح متزايد.,الانتقال إلى تسليم الجهاز لمركز الصيانة.,نقاط وصف العطل مكتوبة مسبقًا.,معتمد مبدئيًا,Pasted text (3)(4).txt
SHOP-088-CARD003,SHOP-088-OP003,ليساهم بخطوة عملية تكمل طلب الصيانة.,جهّز الجهاز والفاتورة معًا.,حمل الجهاز، تسليمه لموظف المركز.,رافقه أول مرة لمعرفة الخطوة.,المساعدة في التسليم، التسليم بمفرده، التسليم الكامل بثقة.,يسلّم الجهاز بثقة متزايدة.,الجهاز في طريقه للصيانة.,لا يتطلب أدوات دعم إضافية.,معتمد مبدئيًا,Pasted text (3)(4).txt
SHOP-089-CARD001,SHOP-089-OP001,ليساهم في قرار مالي بسيط يخص طريقة الدفع.,اعرض عليه خيارات التقسيط المتاحة.,النظر للخيارات، اختيار الخطة المناسبة.,ركّز على خيارين فقط للمقارنة.,المساعدة في الاختيار، الاختيار بمفرده، التقديم الكامل بمفرده.,يختار الخطة المناسبة بثقة متزايدة.,الانتقال إلى متابعة جدول الأقساط.,لا يتطلب أدوات دعم إضافية.,معتمد مبدئيًا,Pasted text (3)(4).txt
SHOP-089-CARD002,SHOP-089-OP002,ليساهم في مهمة تنظيمية تخص مواعيد الدفع.,جهّز تقويمًا أو تطبيقًا لمتابعة المواعيد.,النظر لجدول الأقساط، تحديد المواعيد القادمة.,استخدم تقويمًا بألوان مميزة لمواعيد الدفع.,المراقبة معك، المتابعة بمساعدة، المتابعة بمفرده.,يتابع المواعيد بثقة متزايدة.,الانتقال إلى سداد القسط في الموعد المحدد.,تقويم بألوان مميزة.,معتمد مبدئيًا,Pasted text (3)(4).txt
SHOP-089-CARD003,SHOP-089-OP003,ليختم متابعته بخطوة عملية تخص الالتزام المالي.,ذكّره بموعد السداد القادم.,تجهيز المبلغ، سداده في الموعد المحدد.,ضع تنبيهًا بسيطًا قبل الموعد بيوم.,المساعدة في السداد، السداد بمفرده مع تأكيدك، السداد الكامل بثقة.,يسدد القسط في وقته بثقة متزايدة.,القسط مسدد ومتابعة الجدول مستمرة.,تنبيه بسيط قبل الموعد.,معتمد مبدئيًا,Pasted text (3)(4).txt
SHOP-090-CARD001,SHOP-090-OP001,ليساهم في قرار شراء يفيد ميزانية الأسرة.,حدد معه المنتجات المناسبة للشراء بالجملة.,النظر للعبوات الكبيرة، اختيار المناسب.,استخدم صورًا للعبوات المعتادة.,الإشارة للخيار، الاختيار بمساعدة، الاختيار بمفرده.,يختار العبوة المناسبة بثقة متزايدة.,الانتقال إلى المساعدة في تحميل الكراتين إلى السيارة.,صور مرجعية للعبوات.,معتمد مبدئيًا,Pasted text (3)(4).txt
SHOP-090-CARD002,SHOP-090-OP002,ليساهم بجهد بدني ملموس ضمن حدود قدرته.,حدد معه الكراتين الآمنة التي يمكنه حملها.,حمل جزء من الكرتون معك، المساعدة في التحميل.,اقتصر دوره على حمل الكراتين الخفيفة.,المساعدة الجزئية معك، حمل كرتون خفيف بمفرده، المشاركة الكاملة بإشرافك.,يحمل بثبات ضمن حدود قدرته البدنية.,الانتقال إلى ترتيب الكراتين في مساحة التخزين.,لا يتطلب أدوات دعم إضافية.,معتمد مبدئيًا,Pasted text (3)(4).txt
SHOP-090-CARD003,SHOP-090-OP003,ليختم رحلة الشراء بترتيب المشتريات في مكانها.,حدد له مكان مساحة التخزين.,حمل كل كرتون، وضعه في مكانه.,ابدأ بالكراتين الخفيفة قبل الثقيلة.,المساعدة في الترتيب، ترتيب كرتون واحد، ترتيب كل الكراتين الخفيفة.,يرتب الكراتين بثبات ونظام متزايد.,الانتقال إلى تقسيم المشتريات بالجملة إلى أجزاء.,لا يتطلب أدوات دعم إضافية.,معتمد مبدئيًا,Pasted text (3)(4).txt
SHOP-091-CARD001,SHOP-091-OP001,ليساهم في مهمة عملية تسبق تقسيم المؤن.,أفسح مساحة واسعة على الطاولة.,فتح الكرتون، إخراج المحتويات.,اطلب منه تفريغ كرتون واحد في كل مرة.,المساعدة في التفريغ، التفريغ الجزئي، التفريغ الكامل.,يفرغ الكرتون بثبات دون إسقاط المحتويات.,الانتقال إلى تعبئة المنتجات في أكياس أو عبوات صغيرة قابلة للاستخدام.,لا يتطلب أدوات دعم إضافية.,معتمد مبدئيًا,Pasted text (3)(4).txt
SHOP-091-CARD002,SHOP-091-OP002,ليساهم في مهمة تنظيمية بسيطة تسهّل الاستخدام اليومي.,جهّز أكياس أو عبوات صغيرة فارغة.,نقل كمية مناسبة إلى كل عبوة صغيرة، إغلاقها.,استخدم ملعقة تعبئة كبيرة لتسهيل النقل.,المساعدة في التعبئة، تعبئة عبوة واحدة، تعبئة عدة عبوات.,يعبئ العبوات بكميات متقاربة ودقة متزايدة.,الانتقال إلى وضع التواريخ على العبوات المفرزة.,ملعقة تعبئة كبيرة.,معتمد مبدئيًا,Pasted text (3)(4).txt
SHOP-091-CARD003,SHOP-091-OP003,ليختم مهمة التقسيم بخطوة توثيق بسيطة.,جهّز ملصقات وقلمًا في متناول يده.,كتابة التاريخ على كل ملصق، لصقه على العبوة.,استخدم ختم تاريخ جاهز إن توفر.,المساعدة في الكتابة واللصق، تنفيذ خطوة واحدة، تنفيذ المهمة كاملة.,يضع التاريخ على كل عبوة دون تذكير متكرر.,العبوات مفرزة ومؤرخة وجاهزة للاستخدام اليومي.,ختم تاريخ جاهز عند التوفر.,معتمد مبدئيًا,Pasted text (3)(4).txt
SHOP-092-CARD001,SHOP-092-OP001,ليمارس تواصلًا رقميًا بسيطًا للحصول على معلومة يحتاجها.,جهّز معه رسالة بسيطة للاستفسار.,فتح المحادثة، إرسال السؤال.,جهّز رسالة جاهزة يمكنه إرسالها أو تعديلها.,المساعدة في الكتابة، الكتابة بمساعدتك، الإرسال بمفرده.,يرسل استفساره بثقة متزايدة.,الانتقال إلى تزويد البائع بعنوان التوصيل وتأكيد الطلب.,رسالة استفسار جاهزة.,معتمد مبدئيًا,Pasted text (3)(4).txt
SHOP-092-CARD002,SHOP-092-OP002,ليساهم في مهمة توثيق بسيطة تخص إتمام الطلب.,جهّز العنوان مكتوبًا مسبقًا.,إرسال العنوان للبائع، تأكيد تفاصيل الطلب.,استخدم عنوانًا محفوظًا لنسخه بسهولة.,المساعدة في الإرسال، الإرسال بمفرده، التأكيد الكامل.,يرسل العنوان ويؤكد الطلب بثقة متزايدة.,الانتقال إلى تحويل المبلغ ومشاركة إيصال التحويل.,عنوان محفوظ مسبقًا.,معتمد مبدئيًا,Pasted text (3)(4).txt
SHOP-092-CARD003,SHOP-092-OP003,ليختم عملية الشراء بخطوة إتمام مالي بسيطة.,جهّز معه بيانات التحويل.,إتمام التحويل بمساعدتك، إرسال صورة الإيصال للبائع.,استخدم بيانات محفوظة مسبقًا للتحويل.,المساعدة في التحويل، التحويل بمساعدتك مع التأكيد، مشاركة الإيصال بمفرده.,يشارك الإيصال بثقة متزايدة.,الطلب مؤكد وفي طريقه للتوصيل.,بيانات تحويل محفوظة مسبقًا.,معتمد مبدئيًا,Pasted text (3)(4).txt
SHOP-093-CARD001,SHOP-093-OP001,ليمارس استخدام تطبيق بسيط لاختيار وجبة تعجبه.,افتح التطبيق على قائمة المطاعم.,التمرير بين المطاعم، النظر للقوائم.,ابدأ بمطعم مفضل معروف له.,المراقبة معك، التصفح بمساعدة، التصفح بمفرده.,يتصفح القوائم بثقة متزايدة.,الانتقال إلى تحديد واختيار الوجبات المطلوبة.,لا يتطلب أدوات دعم إضافية.,معتمد مبدئيًا,Pasted text (3)(4).txt
SHOP-093-CARD002,SHOP-093-OP002,ليعبّر عن تفضيله في اختيار وجبته بنفسه.,أفسح له وقتًا للتصفح دون استعجال.,الضغط على الوجبة المفضلة، إضافتها للطلب.,حدد له عددًا قليلًا من الخيارات المفضلة.,الإشارة للخيار، الاختيار من بين خيارين، الاختيار الكامل بمفرده.,يعبّر عن اختياره بوضوح متزايد.,الانتقال إلى متابعة خط سير المندوب على الخريطة.,لا يتطلب أدوات دعم إضافية.,معتمد مبدئيًا,Pasted text (3)(4).txt
SHOP-093-CARD003,SHOP-093-OP003,ليساهم في متابعة وجبة يترقبها بنفسه.,افتح خريطة التتبع في التطبيق.,النظر لموقع المندوب، متابعة اقترابه.,استخدم تنبيهًا صوتيًا عند اقتراب المندوب.,المراقبة معك، المتابعة بمفرده، الاستعداد للاستقبال أيضًا.,يتابع الخريطة بثقة متزايدة.,الوجبة في طريقها للوصول.,تنبيه صوتي عند الاقتراب.,معتمد مبدئيًا,Pasted text (3)(4).txt
SHOP-094-CARD001,SHOP-094-OP001,ليمارس استخدام جهاز بسيط ضمن نشاط يومي مستقل.,جهّز العملات أو البطاقة معه.,إدخال العملة أو تمرير البطاقة في الفتحة المخصصة.,رافقه أول مرة لمعرفة طريقة الإدخال.,المساعدة في الإدخال، الإدخال بمفرده، الإدخال الكامل بثقة.,يدخل العملة أو يمرر البطاقة بثبات متزايد.,الانتقال إلى إدخال أو اختيار كود المنتج المطلوب.,لا يتطلب أدوات دعم إضافية.,معتمد مبدئيًا,Pasted text (3)(4).txt
SHOP-094-CARD002,SHOP-094-OP002,ليعبّر عن اختياره من الآلة بنفسه.,اعرض عليه رموز المنتجات على الآلة.,النظر للرموز، إدخال الكود المطلوب.,استخدم آلة بصور واضحة للمنتجات بدل الأرقام فقط.,المساعدة في الاختيار، الاختيار بمفرده، الإدخال الكامل بثقة.,يختار المنتج المطلوب بثقة متزايدة.,الانتقال إلى سحب المنتج من الفتحة المخصصة واستلام الباقي.,آلة بصور واضحة للمنتجات.,معتمد مبدئيًا,Pasted text (3)(4).txt
SHOP-094-CARD003,SHOP-094-OP003,ليختم عملية الشراء بخطوة استلام بسيطة.,حدد له مكان فتحة السحب.,سحب المنتج، استلام الباقي إن وجد.,رافقه أول مرة لمعرفة مكان الفتحة.,المساعدة في السحب، السحب بمفرده، الاستلام الكامل بثقة.,يسحب المنتج ويستلم الباقي بثبات متزايد.,المنتج جاهز للاستمتاع به.,لا يتطلب أدوات دعم إضافية.,معتمد مبدئيًا,Pasted text (3)(4).txt
SHOP-095-CARD001,SHOP-095-OP001,ليساهم في مهمة توجيه بسيطة تخص السيارة.,حدد له اتجاه المضخة المطلوبة.,الإشارة للاتجاه المناسب أثناء اقتراب السيارة.,اقتصر دوره على الإشارة والتوجيه اللفظي البسيط.,المراقبة معك، الإشارة بمساعدة، التوجيه بمفرده.,يوجه بوضوح متزايد.,الانتقال إلى طلب نوع وكمية الوقود من عامل المحطة.,لا يتطلب أدوات دعم إضافية.,معتمد مبدئيًا,Pasted text (3)(4).txt
SHOP-095-CARD002,SHOP-095-OP002,ليمارس تواصلًا مباشرًا خلال نشاط يومي.,جهّز معه جملة بسيطة لطلب الوقود.,التوجه للعامل، ذكر النوع والكمية المطلوبة.,جهّز بطاقة مكتوبة بالطلب إن كان التحدث صعبًا.,المرافقة أثناء الطلب، الطلب بمساعدتك، الطلب بمفرده.,يعبّر عن الطلب بثقة متزايدة.,الانتقال إلى دفع القيمة للعامل.,بطاقة طلب مكتوبة مسبقًا.,معتمد مبدئيًا,Pasted text (3)(4).txt
SHOP-095-CARD003,SHOP-095-OP003,ليختم عملية التزود بالوقود بخطوة دفع بسيطة.,جهّز المبلغ أو البطاقة معه.,تسليم المبلغ أو البطاقة للعامل.,جهّز المبلغ بالضبط لتبسيط الحساب.,المساعدة في التسليم، التسليم بمفرده، الدفع الكامل بثقة.,يسلّم المبلغ أو البطاقة بثقة متزايدة.,السيارة جاهزة بالوقود للانطلاق.,مبلغ مجهّز مسبقًا.,معتمد مبدئيًا,Pasted text (3)(4).txt
SHOP-096-CARD001,SHOP-096-OP001,ليمارس استخدام جهاز بسيط ضمن نشاط يومي.,جهّز النقود أو البطاقة معه.,إدخال النقود أو تمرير البطاقة في الجهاز.,رافقه أول مرة لمعرفة طريقة الإدخال.,المساعدة في الإدخال، الإدخال بمفرده، الإدخال الكامل بثقة.,يدخل النقود أو البطاقة بثبات متزايد.,الانتقال إلى تحديد نوع التذكرة أو الوجهة.,لا يتطلب أدوات دعم إضافية.,معتمد مبدئيًا,Pasted text (3)(4).txt
SHOP-096-CARD002,SHOP-096-OP002,ليساهم في اختيار وجهته بنفسه.,اعرض عليه خيارات التذاكر أو الوجهات على الشاشة.,الضغط على الخيار المطلوب.,استخدم صورًا أو أسماء واضحة للوجهات.,المساعدة في التحديد، التحديد بمفرده، الاختيار الكامل بثقة.,يحدد الوجهة الصحيحة بثقة متزايدة.,الانتقال إلى استلام التذكرة من الجهاز.,أسماء أو صور واضحة للوجهات.,معتمد مبدئيًا,Pasted text (3)(4).txt
SHOP-096-CARD003,SHOP-096-OP003,ليختم عملية الشراء بخطوة استلام بسيطة.,حدد له مكان فتحة استلام التذكرة.,سحب التذكرة من الفتحة.,رافقه أول مرة لمعرفة مكان الفتحة.,المساعدة في الاستلام، الاستلام بمفرده، الاستلام الكامل بثقة.,يستلم التذكرة بثبات متزايد.,التذكرة جاهزة للاستخدام.,لا يتطلب أدوات دعم إضافية.,معتمد مبدئيًا,Pasted text (3)(4).txt
SHOP-097-CARD001,SHOP-097-OP001,ليساهم في اختيار بطاقة تناسب احتياجه أو هديته.,حدد معه النوع والقيمة المطلوبة.,البحث عن البطاقة المناسبة، اختيارها من الرف.,استخدم صورًا للبطاقات المعتادة كمرجع.,الإشارة للبطاقة، البحث بمساعدة، البحث بمفرده.,يجد البطاقة المطلوبة بثقة متزايدة.,الانتقال إلى دفع قيمة البطاقة لتفعيلها عند الكاشير.,صور مرجعية للبطاقات.,معتمد مبدئيًا,Pasted text (3)(4).txt
SHOP-097-CARD002,SHOP-097-OP002,ليختم اختياره بخطوة دفع تفعّل بطاقته.,جهّز المبلغ أو البطاقة معه.,تسليم المبلغ أو البطاقة للكاشير.,رافقه أول مرة لمعرفة الخطوة.,المساعدة في التسليم، التسليم بمفرده، الدفع الكامل بثقة.,يسلّم المبلغ بثقة متزايدة.,الانتقال إلى تسليمها كهدية أو شحنها في الهاتف.,لا يتطلب أدوات دعم إضافية.,معتمد مبدئيًا,Pasted text (3)(4).txt
SHOP-097-CARD003,SHOP-097-OP003,ليختم مهمته بخطوة عملية أخيرة تخص استخدام البطاقة.,حدد معه الغرض من البطاقة (هدية أو استخدام شخصي).,تسليم البطاقة لصاحبها، أو إدخال الرمز في الهاتف.,رافقه في أول مرة لمعرفة طريقة الشحن.,المساعدة في التسليم أو الشحن، التنفيذ بمفرده، التنفيذ الكامل بثقة.,يسلّم أو يشحن البطاقة بثقة متزايدة.,البطاقة جاهزة للاستخدام أو التقديم كهدية.,لا يتطلب أدوات دعم إضافية.,معتمد مبدئيًا,Pasted text (3)(4).txt
SHOP-098-CARD001,SHOP-098-OP001,ليساهم في مهمة توجيه بسيطة تسبق استلام طلبه.,حدد له مكان الخزانة أو نقطة الاستلام.,السير باتجاه المكان المحدد.,رافقه أول مرة لمعرفة المكان بالضبط.,المرافقة أثناء التوجه، التوجه بمساعدة، التوجه بمفرده.,يصل للمكان الصحيح بثقة متزايدة.,الانتقال إلى إدخال كود الاستلام في الشاشة.,لا يتطلب أدوات دعم إضافية.,معتمد مبدئيًا,Pasted text (3)(4).txt
SHOP-098-CARD002,SHOP-098-OP002,ليمارس استخدام جهاز بسيط لإتمام مهمة الاستلام.,جهّز الكود جاهزًا معه.,الضغط على الأرقام لإدخال الكود.,خذ لقطة شاشة للكود لسهولة الوصول إليه.,المساعدة في الإدخال، الإدخال بمفرده، الإدخال الكامل بثقة.,يدخل الكود بثبات متزايد.,الانتقال إلى سحب الطرد وإغلاق باب الخزانة.,لقطة شاشة للكود.,معتمد مبدئيًا,Pasted text (3)(4).txt
SHOP-098-CARD003,SHOP-098-OP003,ليختم مهمة الاستلام بخطوتين بسيطتين متتاليتين.,انتظر معه فتح باب الخزانة تلقائيًا.,سحب الطرد من الخزانة، إغلاق الباب.,رافقه أول مرة لمعرفة الخطوتين.,المساعدة في السحب والإغلاق، تنفيذ خطوة واحدة، تنفيذ المهمة كاملة.,يسحب الطرد ويغلق الباب بثقة متزايدة.,الطلبية مستلمة وجاهزة للعودة بها للمنزل.,لا يتطلب أدوات دعم إضافية.,معتمد مبدئيًا,Pasted text (3)(4).txt
SHOP-099-CARD001,SHOP-099-OP001,ليساهم في مهمة عطاء تفيد أشخاصًا آخرين.,حدد معه نوع المنتجات المخصصة للتبرع.,اختيار المنتج المناسب للتبرع، وضعه في العربة.,حدد له عددًا قليلًا من الخيارات المناسبة.,الإشارة للخيار، الاختيار من بين خيارين، الاختيار الكامل بمفرده.,يختار منتج التبرع بثقة متزايدة.,الانتقال إلى وضع المنتجات في صندوق التبرع الخاص بالجمعية في المتجر.,لا يتطلب أدوات دعم إضافية.,معتمد مبدئيًا,Pasted text (3)(4).txt
SHOP-099-CARD002,SHOP-099-OP002,ليختم مهمة العطاء بخطوة عملية يفخر بها.,حدد له مكان صندوق التبرع في المتجر.,حمل المنتج، وضعه في صندوق التبرع.,رافقه أول مرة لمعرفة مكان الصندوق.,المساعدة في الوضع، الوضع بمفرده، الوضع الكامل بثقة.,يضع المنتج في الصندوق بثقة متزايدة.,التبرع مكتمل ومساهمته وصلت لمن يحتاجها.,لا يتطلب أدوات دعم إضافية.,معتمد مبدئيًا,Pasted text (3)(4).txt
SHOP-100-CARD001,SHOP-100-OP001,ليساهم في التحضير لمناسبة مميزة تعيشها الأسرة.,حدد معه الأصناف الموسمية المعتادة.,النظر للخيارات، اختيار الأصناف المناسبة.,استخدم صورًا للأصناف الموسمية المعتادة.,الإشارة للخيار، الاختيار من بين خيارين، الاختيار الكامل بمفرده.,يعبّر عن اختياره بوضوح متزايد.,الانتقال إلى مقارنة العروض الخاصة بالموسم.,بطاقة صور للأصناف الموسمية.,معتمد مبدئيًا,Pasted text (3)(4).txt
SHOP-100-CARD002,SHOP-100-OP002,ليساهم في اختيار عروض تفيد ميزانية الأسرة الموسمية.,حدد معه خيارين للمقارنة.,النظر للعروض، مقارنة القيمة.,ركّز على معيار واحد للمقارنة في كل مرة.,المساعدة في المقارنة، المقارنة بمفرده، الاختيار النهائي أيضًا.,يقارن العروض بثقة متزايدة.,الانتقال إلى ترتيب المنتجات الموسمية في المنزل استعداداً للمناسبة.,لا يتطلب أدوات دعم إضافية.,معتمد مبدئيًا,Pasted text (3)(4).txt
SHOP-100-CARD003,SHOP-100-OP003,ليختم رحلة التسوق بمشاركة في تجهيز المنزل للمناسبة.,حدد له مكان ترتيب هذه المنتجات.,حمل كل منتج، وضعه في مكانه المناسب.,رافقه في ترتيب أول منتجين كمثال.,المساعدة في الترتيب، الترتيب الجزئي، الترتيب الكامل.,يرتب المنتجات بثبات ونظام متزايد.,المنزل جاهز لاستقبال المناسبة الموسمية.,لا يتطلب أدوات دعم إضافية.,معتمد مبدئيًا,Pasted text (3)(4).txt
SHOP-101-CARD001,SHOP-101-OP001,ليساهم في التحضير لمناسبة مميزة تخص الأسرة.,حدد معه نوع المناسبة والألوان المفضلة.,النظر للخيارات، اختيار أدوات الزينة المناسبة.,حدد له عددًا قليلًا من الخيارات لتقليل التشتت.,الإشارة للخيار، الاختيار من بين خيارين، الاختيار الكامل بمفرده.,يعبّر عن اختياره بوضوح متزايد.,الانتقال إلى تنسيق واختيار ألوان المستلزمات.,لا يتطلب أدوات دعم إضافية.,معتمد مبدئيًا,Pasted text (3)(4).txt
SHOP-101-CARD002,SHOP-101-OP002,ليعبّر عن ذوقه في تنسيق مناسبة الأسرة.,أفسح له مساحة للتصفح دون استعجال.,مقارنة الألوان المتاحة، اختيار التنسيق المفضل.,استخدم لوحة ألوان بسيطة كمرجع.,المساعدة في التنسيق، التنسيق بمفرده، الاختيار النهائي بثقة.,ينسّق الألوان بثقة متزايدة.,الانتقال إلى اختيار وشراء بطاقات الدعوة.,لوحة ألوان مرجعية.,معتمد مبدئيًا,Pasted text (3)(4).txt
SHOP-101-CARD003,SHOP-101-OP003,ليختم تجهيزه للمناسبة بلمسة شخصية أخيرة.,حدد معه عدد البطاقات المطلوبة.,النظر للتصاميم، اختيار البطاقات المناسبة.,حدد له تصميمين للاختيار بينهما.,الإشارة للتصميم، الاختيار من بين خيارين، الاختيار الكامل بمفرده.,يختار التصميم المناسب بثقة متزايدة.,مستلزمات المناسبة جاهزة للاستخدام.,لا يتطلب أدوات دعم إضافية.,معتمد مبدئيًا,Pasted text (3)(4).txt
SHOP-102-CARD001,SHOP-102-OP001,ليساهم بجهد بدني ملموس ضمن حدود قدرته.,حدد له كرتونًا خفيفًا يمكنه سحبه.,الإمساك بالكرتون، سحبه من الرف.,اختر كراتين بحجم صغير أو متوسط.,المساعدة في السحب، السحب بمفرده، سحب أكثر من كرتون.,يسحب الكرتون بثبات دون صعوبة.,الانتقال إلى ترتيب الكراتين في أسفل عربة التسوق.,كراتين بحجم مناسب لقدرته.,معتمد مبدئيًا,Pasted text (3)(4).txt
SHOP-102-CARD002,SHOP-102-OP002,ليساهم في مهمة تنظيمية بسيطة أثناء التسوق.,أفسح مساحة في أسفل العربة.,حمل الكرتون، وضعه في أسفل العربة.,اشرح له فكرة الثقيل أسفل والخفيف أعلى.,المساعدة في الوضع، الوضع بمفرده، الترتيب الكامل.,يضع الكراتين بثبات في المكان الصحيح.,الانتقال إلى رفع الكراتين ونقلها للسيارة.,لا يتطلب أدوات دعم إضافية.,معتمد مبدئيًا,Pasted text (3)(4).txt
SHOP-102-CARD003,SHOP-102-OP003,ليساهم بجهد بدني ملموس عند إنهاء التسوق.,تأكد أن الكراتين ليست ثقيلة جدًا لحملها.,رفع الكرتون، حمله للسيارة.,رافقه في حمل الكراتين الثقيلة معك.,المساعدة في الرفع والحمل، حمل كرتون خفيف بمفرده، الحمل الكامل بمشاركتك.,يحمل الكرتون بثبات ضمن حدود قدرته.,الماء جاهز للعودة به للمنزل.,لا يتطلب أدوات دعم إضافية.,معتمد مبدئيًا,Pasted text (3)(4).txt
SHOP-103-CARD001,SHOP-103-OP001,ليساهم بجهد بدني ملموس ضمن حدود قدرته.,تأكد أن الأنبوبة فارغة وآمنة للتحريك.,المساعدة في دحرجة الأنبوبة نحو المحل.,اقتصر دوره على المساعدة الجزئية معك.,المراقبة معك، المساعدة الجزئية بإشرافك، المشاركة الكاملة بإشراف مباشر.,يساهم بثبات ضمن حدود قدرته البدنية.,الانتقال إلى دفع قيمة الاستبدال.,لا يتطلب أدوات دعم إضافية.,معتمد مبدئيًا,Pasted text (3)(4).txt
SHOP-103-CARD002,SHOP-103-OP002,ليمارس تعاملًا ماليًا بسيطًا يخص إتمام الاستبدال.,جهّز المبلغ معه مسبقًا.,تسليم المبلغ للبائع.,جهّز المبلغ بالضبط لتبسيط الحساب.,المساعدة في التسليم، التسليم بمفرده، الدفع الكامل بثقة.,يسلّم المبلغ بثقة متزايدة.,الانتقال إلى تحميل الأنبوبة الممتلئة بأمان.,مبلغ مجهّز مسبقًا.,معتمد مبدئيًا,Pasted text (3)(4).txt
SHOP-103-CARD003,SHOP-103-OP003,ليساهم بخطوة عملية أخيرة تحت إشراف مباشر لأسباب السلامة.,تأكد من إشرافك الكامل بسبب وزن وخطورة الأنبوبة.,المساعدة في التوجيه أثناء التحميل معك.,اقتصر دوره على الإشارة والتوجيه دون حمل الأنبوبة مباشرة.,المراقبة معك، المساعدة بالتوجيه بإشرافك، المشاركة المحدودة بإشراف كامل.,يلتزم بتعليمات السلامة أثناء المهمة.,الأنبوبة جاهزة للعودة بها للمنزل بأمان.,بطاقة تعليمات سلامة إلزامية.,معتمد مبدئيًا,Pasted text (3)(4).txt
SHOP-104-CARD001,SHOP-104-OP001,ليساهم في العناية بصديقه الأليف من خلال اختياره.,حدد معه نوع الطعام المعتاد للحيوان.,النظر للخيارات، اختيار النوع المناسب.,استخدم صورة العبوة المعتادة كمرجع.,الإشارة للنوع، الاختيار من بين خيارين، الاختيار بمفرده.,يختار النوع الصحيح بثقة متزايدة.,الانتقال إلى قراءة المكونات الخاصة بالغذاء.,صورة مرجعية للعبوة المعتادة.,معتمد مبدئيًا,Pasted text (3)(4).txt
SHOP-104-CARD002,SHOP-104-OP002,ليساهم في التأكد من ملاءمة الطعام لحيوانه.,اعرض عليه مكان قائمة المكونات على العبوة.,قراءة المكونات، التحقق من ملاءمتها.,استخدم عدسة مكبرة إن كانت الكتابة صغيرة.,المساعدة في القراءة، القراءة بمفرده، التحقق الكامل.,يقرأ المكونات بثقة متزايدة.,الانتقال إلى حمل أكياس الرمل أو الطعام للسيارة.,عدسة مكبرة عند الحاجة.,معتمد مبدئيًا,Pasted text (3)(4).txt
SHOP-104-CARD003,SHOP-104-OP003,ليساهم بجهد بدني ملموس يخص العناية بحيوانه.,تأكد أن الأكياس ليست ثقيلة جدًا لحملها.,حمل الأكياس، نقلها للسيارة.,اختر أكياسًا بحجم صغير أو متوسط.,المساعدة في الحمل، حمل كيس واحد، حمل عدة أكياس.,يحمل الأكياس بثبات دون إسقاطها.,مستلزمات حيوانه الأليف جاهزة للعودة بها للمنزل.,أكياس بحجم مناسب لقدرته.,معتمد مبدئيًا,Pasted text (3)(4).txt
SHOP-105-CARD001,SHOP-105-OP001,ليساهم في اختيار مواد تخص هوايته أو مشروعه الحرفي.,حدد معه الألوان المطلوبة.,النظر للخيارات، مطابقة الألوان مع بعضها.,استخدم عينة قماش أو خيط كمرجع للمطابقة.,المساعدة في المطابقة، المطابقة بمفرده، الاختيار النهائي بثقة.,يطابق الألوان بدقة متزايدة.,الانتقال إلى فحص متانة وجودة الأدوات (إبر، مقصات).,عينة مرجعية للمطابقة.,معتمد مبدئيًا,Pasted text (3)(4).txt
SHOP-105-CARD002,SHOP-105-OP002,ليساهم في التأكد من جودة أدوات مشروعه.,اعرض عليه علامة بسيطة للجودة.,حمل الأداة بحذر، فحصها.,ابدأ بأداة واحدة كمثال.,المراقبة معك، الفحص بمساعدة، الفحص بمفرده.,يميّز الأداة الجيدة بثقة متزايدة.,الانتقال إلى تجميع الأدوات وتجهيزها للحساب.,لا يتطلب أدوات دعم إضافية.,معتمد مبدئيًا,Pasted text (3)(4).txt
SHOP-105-CARD003,SHOP-105-OP003,ليختم اختياره بخطوة تكمل عملية التسوق.,جهّز سلة أو عربة قريبة منه.,حمل كل أداة، وضعها في السلة.,رافقه في وضع أول أداة كمثال.,المساعدة في التجميع، التجميع بمفرده، التجهيز الكامل للحساب.,يجمع الأدوات بثبات دون إسقاطها.,أدوات الحرف جاهزة لمشروعه القادم.,لا يتطلب أدوات دعم إضافية.,معتمد مبدئيًا,Pasted text (3)(4).txt
HEALTH-001-CARD001,HEALTH-001-OP001,ليكون له دور في تجهيز موعد يخصه أو يخص أحد أفراد أسرته.,جهّز مصدر الأرقام (دفتر تواصل أو تطبيق).,فتح المصدر، البحث عن اسم العيادة، إيجاد الرقم.,احفظ أرقام العيادات المعتادة في قائمة اتصال ثابتة.,المساعدة في البحث، البحث بمفرده، تأكيد الرقم أيضًا.,يجد الرقم المطلوب بثقة متزايدة.,الانتقال إلى إجراء المكالمة للحجز.,قائمة اتصال ثابتة للعيادات المعتادة.,معتمد مبدئيًا,Pasted text (3)(5).txt
HEALTH-001-CARD002,HEALTH-001-OP002,ليمارس تواصلًا مباشرًا خلال مهمة تخص صحة الأسرة.,جهّز معه جملة بسيطة لطلب الموعد.,الاتصال بالعيادة، طلب حجز الموعد.,جهّز نقاطًا مكتوبة (الاسم، السبب، الوقت المفضل) يقرأها أثناء الاتصال.,المرافقة أثناء الاتصال، المشاركة بجملة واحدة، الاتصال الكامل بمفرده.,يتواصل مع العيادة بثقة متزايدة.,الانتقال إلى تسجيل موعد الزيارة في التقويم.,نقاط مكتوبة للمكالمة.,معتمد مبدئيًا,Pasted text (3)(5).txt
HEALTH-001-CARD003,HEALTH-001-OP003,ليساهم في توثيق موعد يخص أسرته.,جهّز التقويم الورقي أو الرقمي.,كتابة أو إدخال التاريخ والوقت في التقويم.,استخدم تقويمًا بألوان مميزة للمواعيد الطبية.,الإملاء لك، الكتابة بمساعدة، الكتابة بمفرده.,يسجل الموعد بدقة متزايدة.,الموعد محجوز ومسجّل، والانتظار للاستعداد له.,تقويم بلون مميز للمواعيد الطبية.,معتمد مبدئيًا,Pasted text (3)(5).txt
HEALTH-002-CARD001,HEALTH-002-OP001,ليساهم في الاستعداد لخروج يخصه مع أسرته.,حدد معه الملابس المناسبة للطقس والموعد.,اختيار القطع، تجهيزها قبل الموعد.,رتّب القطع بترتيب الارتداء على الكرسي.,المساعدة في الاختيار، الاختيار بمفرده، التجهيز الكامل.,يجهز ملابسه بثقة متزايدة.,الانتقال إلى تجهيز الحقيبة الشخصية.,لا يتطلب أدوات دعم إضافية.,معتمد مبدئيًا,Pasted text (3)(5).txt
HEALTH-002-CARD002,HEALTH-002-OP002,ليساهم في تجهيز ما يحتاجه أثناء الخروج.,حدد معه محتويات الحقيبة المعتادة.,جمع الأغراض، وضعها في الحقيبة.,استخدم قائمة تحقق مصورة بمحتويات الحقيبة.,المساعدة في التجهيز، التجهيز الجزئي، التجهيز الكامل.,يجهز الحقيبة بثقة متزايدة.,الانتقال إلى تجهيز زجاجة الماء.,قائمة تحقق مصورة.,معتمد مبدئيًا,Pasted text (3)(5).txt
HEALTH-002-CARD003,HEALTH-002-OP003,ليساهم بخطوة بسيطة تكمل استعداده للخروج.,ضع الزجاجة في مكان يسهل الوصول له.,فتح الزجاجة، تعبئتها بالماء، إغلاقها.,استخدم زجاجة بفتحة واسعة سهلة التعبئة.,المساعدة في التعبئة، التعبئة بمفرده، وضعها في الحقيبة أيضًا.,يجهز الزجاجة بثبات دون تذكير.,الاستعداد مكتمل والانطلاق للموعد.,زجاجة بفتحة واسعة.,معتمد مبدئيًا,Pasted text (3)(5).txt
HEALTH-003-CARD001,HEALTH-003-OP001,ليساهم في تجهيز أوراق تخص متابعته الصحية.,حدد مكان حفظ التقارير الطبية.,فتح الملف، جمع التقارير المطلوبة.,خصص ملفًا ثابتًا للتقارير الطبية.,المساعدة في الجمع، الجمع الجزئي، الجمع الكامل.,يجمع التقارير بثقة متزايدة.,الانتقال إلى جمع صور الأشعة.,ملف ثابت للتقارير الطبية.,معتمد مبدئيًا,Pasted text (3)(5).txt
HEALTH-003-CARD002,HEALTH-003-OP002,ليساهم في تجهيز مستندات يحتاجها الموعد.,حدد مكان حفظ صور الأشعة.,جمع الصور أو الأقراص المطلوبة.,خصص حافظة ثابتة لصور الأشعة.,المساعدة في الجمع، الجمع الجزئي، الجمع الكامل.,يجمع الصور بثقة متزايدة.,الانتقال إلى وضع المستندات في ملف أو حقيبة.,حافظة ثابتة لصور الأشعة.,معتمد مبدئيًا,Pasted text (3)(5).txt
HEALTH-003-CARD003,HEALTH-003-OP003,ليختم تجهيز المستندات بترتيبها للخروج بها.,جهّز الملف أو الحقيبة المخصصة.,وضع كل مستند في مكانه، إغلاق الملف.,رتّب المستندات بترتيب استخدامها المتوقع في الموعد.,المساعدة في الوضع، الوضع الجزئي، الوضع الكامل.,يرتب المستندات بثبات متزايد.,المستندات جاهزة للانطلاق للموعد.,لا يتطلب أدوات دعم إضافية.,معتمد مبدئيًا,Pasted text (3)(5).txt
HEALTH-004-CARD001,HEALTH-004-OP001,ليساهم في تجهيز أوراقه الشخصية بنفسه.,حدد مكان حفظ بطاقة الهوية.,إحضار البطاقة من مكانها.,خصص مكانًا ثابتًا للبطاقة.,المساعدة في الإحضار، الإحضار بمفرده، التحقق منها أيضًا.,يحضر البطاقة دون تذكير متكرر.,الانتقال إلى إحضار بطاقة التأمين الصحي.,مكان ثابت للبطاقة.,معتمد مبدئيًا,Pasted text (3)(5).txt
HEALTH-004-CARD002,HEALTH-004-OP002,ليساهم في تجهيز أوراق يحتاجها الموعد.,حدد مكان حفظ بطاقة التأمين.,إحضار البطاقة من مكانها.,خصص مكانًا ثابتًا للبطاقة.,المساعدة في الإحضار، الإحضار بمفرده، التحقق منها أيضًا.,يحضر البطاقة دون تذكير متكرر.,الانتقال إلى وضع البطاقات في المحفظة أو الحقيبة.,مكان ثابت للبطاقة.,معتمد مبدئيًا,Pasted text (3)(5).txt
HEALTH-004-CARD003,HEALTH-004-OP003,ليختم تجهيز الأوراق بترتيبها للخروج بها.,جهّز المحفظة أو جيب الحقيبة المخصص.,وضع كل بطاقة في مكانها.,خصص جيبًا ثابتًا للبطاقات في الحقيبة.,المساعدة في الوضع، الوضع بمفرده، التحقق النهائي أيضًا.,يضع البطاقات بثبات متزايد.,البطاقات جاهزة للانطلاق للموعد.,جيب ثابت للبطاقات.,معتمد مبدئيًا,Pasted text (3)(5).txt
HEALTH-005-CARD001,HEALTH-005-OP001,ليساهم في بدء رحلة تخص صحته أو صحة أسرته.,جهّز الحقيبة والمستندات جاهزة معه.,حمل الحقيبة، السير نحو السيارة.,رافقه في الطريق نحو السيارة.,المرافقة أثناء التوجه، التوجه بمساعدة، التوجه بمفرده.,يتوجه للسيارة بثبات متزايد.,الانتقال إلى ربط حزام الأمان.,لا يتطلب أدوات دعم إضافية.,معتمد مبدئيًا,Pasted text (3)(5).txt
HEALTH-005-CARD002,HEALTH-005-OP002,ليساهم في مهمة سلامة بسيطة أثناء التنقل.,تأكد أن الحزام في متناول يده.,سحب الحزام، تثبيته في مكانه.,رافقه أول مرة لمعرفة طريقة الربط.,المساعدة في الربط، الربط بمفرده، التحقق من الإحكام أيضًا.,يربط الحزام بثبات متزايد.,الانتقال إلى النزول من السيارة عند الوصول.,لا يتطلب أدوات دعم إضافية.,معتمد مبدئيًا,Pasted text (3)(5).txt
HEALTH-005-CARD003,HEALTH-005-OP003,ليختم رحلة الوصول بخطوة بسيطة يشارك فيها.,تأكد من توقف السيارة بأمان.,فك الحزام، فتح الباب، النزول بحذر.,رافقه أول مرة لمعرفة تسلسل الخطوات.,المساعدة في النزول، النزول بمفرده، فك الحزام أيضًا.,ينزل بثبات وحذر متزايد.,الانتقال إلى الانتظار في صالة العيادة.,لا يتطلب أدوات دعم إضافية.,معتمد مبدئيًا,Pasted text (3)(5).txt
HEALTH-006-CARD001,HEALTH-006-OP001,ليشارك في لحظة انتظار طبيعية مع أسرته.,حدد له مقعدًا مريحًا في الصالة.,التوجه للمقعد، الجلوس بهدوء.,اختر مقعدًا بعيدًا عن الازدحام إن كان أهدأ له.,المرافقة أثناء الجلوس، الجلوس بمفرده قريبًا منك، الجلوس المستقل.,يجلس بهدوء متزايد.,الانتقال إلى الانتظار بهدوء.,لا يتطلب أدوات دعم إضافية.,معتمد مبدئيًا,Pasted text (3)(5).txt
HEALTH-006-CARD002,HEALTH-006-OP002,ليمارس لحظة انتظار مشتركة مع أسرته.,جهّز نشاطًا هادئًا بسيطًا إن رغب.,الجلوس، الانتظار حتى يُنادى عليه أو على أحد أفراد الأسرة.,جهّز نشاطًا بسيطًا يشغل وقت الانتظار (كتاب صغير، لعبة هادئة).,المرافقة أثناء الانتظار، الانتظار بمفرده قريبًا منك، الانتظار المستقل.,ينتظر بهدوء متزايد.,الانتقال إلى الانتباه للنداء على الاسم.,نشاط انتظار هادئ بسيط.,معتمد مبدئيًا,Pasted text (3)(5).txt
HEALTH-006-CARD003,HEALTH-006-OP003,ليشارك في متابعة دوره أو دور أحد أفراد أسرته.,اشرح له كيف يبدو النداء (صوتيًا أو على شاشة).,الانتباه للنداء، إخبارك عند سماعه.,إن وُجدت شاشة أرقام، اعرض عليه طريقة متابعتها.,المراقبة معك، الانتباه بمفرده، الإخبار الفوري عند النداء.,ينتبه للنداء بثقة متزايدة.,الانتقال إلى التسجيل في استقبال العيادة أو مقابلة الطبيب.,لا يتطلب أدوات دعم إضافية.,معتمد مبدئيًا,Pasted text (3)(5).txt
HEALTH-007-CARD001,HEALTH-007-OP001,ليساهم في خطوة عملية تبدأ زيارة تخصه أو تخص أسرته.,حدد له مكان مكتب الاستقبال.,السير نحو المكتب.,رافقه أول مرة لمعرفة المكان.,المرافقة أثناء التوجه، التوجه بمساعدة، التوجه بمفرده.,يتوجه للمكتب بثبات متزايد.,الانتقال إلى تقديم بطاقة الهوية أو التأمين.,لا يتطلب أدوات دعم إضافية.,معتمد مبدئيًا,Pasted text (3)(5).txt
HEALTH-007-CARD002,HEALTH-007-OP002,ليمارس تواصلًا مباشرًا خلال خطوة تسجيل بسيطة.,جهّز البطاقة في متناول يده.,إخراج البطاقة، تقديمها للموظف.,رافقه أول مرة لمعرفة الخطوة.,المساعدة في التقديم، التقديم بمفرده، التقديم الكامل بثقة.,يقدّم البطاقة بثقة متزايدة.,الانتقال إلى استلام رقم الانتظار.,لا يتطلب أدوات دعم إضافية.,معتمد مبدئيًا,Pasted text (3)(5).txt
HEALTH-007-CARD003,HEALTH-007-OP003,ليختم خطوة التسجيل باستلام ما يخصه بنفسه.,تأكد أن الموظف جاهز لتسليم الرقم.,استلام الرقم أو البطاقة من الموظف.,رافقه أول مرة لمعرفة طريقة الاستلام.,المساعدة في الاستلام، الاستلام بمفرده، الاحتفاظ به أيضًا.,يستلم الرقم بثقة متزايدة.,الانتقال إلى الانتظار في صالة العيادة.,لا يتطلب أدوات دعم إضافية.,معتمد مبدئيًا,Pasted text (3)(5).txt
HEALTH-008-CARD001,HEALTH-008-OP001,ليشارك في لحظة مهمة تخص متابعته الصحية.,ذكّره بهدوء أن هذه زيارة معتادة وآمنة.,التوجه للغرفة، الدخول معك أو بمفرده حسب رغبته.,رافقه في أول دخول لمعرفة المكان.,المرافقة أثناء الدخول، الدخول بمساعدة قريبة، الدخول بثقة.,يدخل الغرفة بهدوء متزايد.,الانتقال إلى الجلوس في المكان المخصص للمريض.,لا يتطلب أدوات دعم إضافية.,معتمد مبدئيًا,Pasted text (3)(5).txt
HEALTH-008-CARD002,HEALTH-008-OP002,ليشارك بحضوره الفعلي في لحظة الفحص.,حدد له مكان الجلوس في الغرفة.,التوجه للمقعد أو السرير المخصص، الجلوس.,اشرح له بهدوء ما سيحدث بشكل عام.,المساعدة في الجلوس، الجلوس بمفرده، الجلوس بثقة تامة.,يجلس بهدوء متزايد.,الانتقال إلى الإجابة على أسئلة الطبيب.,لا يتطلب أدوات دعم إضافية.,معتمد مبدئيًا,Pasted text (3)(5).txt
HEALTH-008-CARD003,HEALTH-008-OP003,ليشارك برأيه ومشاعره في محادثة تخصه مباشرة.,ذكّره أن بإمكانه الإجابة بطريقته أو الاستعانة بك.,الاستماع للسؤال، الإجابة عليه بكلماته.,اتفق معه مسبقًا على إشارة يستخدمها إذا احتاج مساعدتك في الإجابة.,المساعدة في الإجابة، الإجابة الجزئية بمفرده، الإجابة الكاملة بثقة.,يجيب عن الأسئلة بثقة متزايدة.,الانتقال إلى استلام الوصفة الطبية.,إشارة اتفاق مسبقة لطلب المساعدة.,معتمد مبدئيًا,Pasted text (3)(5).txt
HEALTH-009-CARD001,HEALTH-009-OP001,ليختم زيارته باستلام ما يخصه بنفسه.,تأكد أن الطبيب جاهز لتسليم الوصفة.,مد يده، استلام الورقة.,رافقه أول مرة لمعرفة طريقة الاستلام.,المساعدة في الاستلام، الاستلام بمفرده، الاستلام بثقة تامة.,يستلم الوصفة بثقة متزايدة.,الانتقال إلى الاحتفاظ بالوصفة في الحقيبة.,لا يتطلب أدوات دعم إضافية.,معتمد مبدئيًا,Pasted text (3)(5).txt
HEALTH-009-CARD002,HEALTH-009-OP002,ليساهم في مسؤولية بسيطة تخص أوراقه الطبية.,جهّز الحقيبة أو الجيب المخصص.,طي الورقة برفق، وضعها في مكانها.,خصص جيبًا ثابتًا للأوراق الطبية.,المساعدة في الوضع، الوضع بمفرده، التحقق منها لاحقًا أيضًا.,يحفظ الوصفة في مكانها الصحيح دون تذكير.,الانتقال إلى صرف الدواء من الصيدلية.,جيب ثابت للأوراق الطبية.,معتمد مبدئيًا,Pasted text (3)(5).txt
HEALTH-010-CARD001,HEALTH-010-OP001,ليمارس تواصلًا مباشرًا خلال خطوة تخص صحته.,جهّز الوصفة في متناول يده.,التوجه للصيدلي، تقديم الوصفة.,رافقه أول مرة لمعرفة الخطوة.,المرافقة أثناء التقديم، التقديم بمساعدتك، التقديم بمفرده.,يقدّم الوصفة بثقة متزايدة.,الانتقال إلى استلام الأدوية.,لا يتطلب أدوات دعم إضافية.,معتمد مبدئيًا,Pasted text (3)(5).txt
HEALTH-010-CARD002,HEALTH-010-OP002,ليساهم بخطوة عملية تكمل التواصل مع الصيدلي.,تأكد من حضورك أثناء الاستلام.,استلام الكيس من الصيدلي.,رافقه أول مرة لمعرفة طريقة الاستلام.,المساعدة في الاستلام، الاستلام بمفرده، الحمل الكامل.,يستلم الكيس بثبات دون تردد.,الانتقال إلى دفع قيمة الأدوية.,لا يتطلب أدوات دعم إضافية.,معتمد مبدئيًا,Pasted text (3)(5).txt
HEALTH-010-CARD003,HEALTH-010-OP003,ليختم زيارة الصيدلية بخطوة إتمام بسيطة.,جهّز المبلغ أو البطاقة معك بجانبه.,تسليم المبلغ أو البطاقة، استلام الفاتورة.,ابدأ بمناولة المبلغ أو البطاقة فقط بينما تتابع أنت التفاصيل.,المساعدة في المناولة، المناولة بمفرده، متابعة الفاتورة أيضًا.,يناول المبلغ أو البطاقة بثبات.,الانتقال إلى العودة إلى المنزل بعد الموعد.,لا يتطلب أدوات دعم إضافية.,معتمد مبدئيًا,Pasted text (3)(5).txt
HEALTH-011-CARD001,HEALTH-011-OP001,ليشارك في ختام رحلة قام بها مع أسرته.,جهّز الأغراض والأدوية معه.,حمل الأغراض، السير نحو السيارة.,رافقه في الطريق نحو السيارة.,المرافقة أثناء التوجه، التوجه بمساعدة، التوجه بمفرده.,يتوجه للسيارة بثبات متزايد.,الانتقال إلى ركوب السيارة للعودة.,لا يتطلب أدوات دعم إضافية.,معتمد مبدئيًا,Pasted text (3)(5).txt
HEALTH-011-CARD002,HEALTH-011-OP002,ليساهم في مهمة سلامة بسيطة أثناء العودة.,تأكد أن الباب في متناول يده.,فتح الباب، الجلوس، ربط الحزام.,رافقه أول مرة لمعرفة تسلسل الخطوات.,المساعدة في الركوب، الركوب بمفرده، ربط الحزام أيضًا.,يركب بثبات متزايد.,الانتقال إلى النزول من السيارة عند المنزل.,لا يتطلب أدوات دعم إضافية.,معتمد مبدئيًا,Pasted text (3)(5).txt
HEALTH-011-CARD003,HEALTH-011-OP003,ليختم رحلته بالعودة لبيته بمشاركة فعلية.,تأكد من توقف السيارة بأمان.,فك الحزام، فتح الباب، النزول بحذر.,رافقه أول مرة لمعرفة تسلسل الخطوات.,المساعدة في النزول، النزول بمفرده، فك الحزام أيضًا.,ينزل بثبات وحذر متزايد.,الانتقال إلى تنظيم الأدوية في المنزل.,لا يتطلب أدوات دعم إضافية.,معتمد مبدئيًا,Pasted text (3)(5).txt
HEALTH-012-CARD001,HEALTH-012-OP001,ليساهم في مهمة تنظيمية بسيطة تخص متابعته الصحية.,أفسح مساحة واضحة على الطاولة.,فتح الكيس، إخراج كل عبوة دواء.,اطلب منه إخراج عبوة واحدة في كل مرة.,المساعدة في الإخراج، الإخراج الجزئي، الإخراج الكامل.,يخرج العبوات بثبات دون إسقاطها.,الانتقال إلى ترتيب الأدوية في الصندوق المخصص.,لا يتطلب أدوات دعم إضافية.,معتمد مبدئيًا,Pasted text (3)(5).txt
HEALTH-012-CARD002,HEALTH-012-OP002,ليساهم في مهمة تنظيمية بسيطة تخص متابعته الصحية.,جهّز صندوق الأدوية بأقسامه.,وضع كل دواء في قسمه بمساعدتك.,استخدم صندوقًا بأقسام مقسّمة وواضحة (أيام الأسبوع مثلًا).,المساعدة في الترتيب تحت إشرافك، الوضع الجزئي بإشرافك، المشاركة الكاملة بإشراف مباشر.,يضع الدواء في القسم الصحيح بثبات متزايد تحت إشرافك.,الانتقال إلى وضع الصندوق في المكان المناسب.,صندوق أدوية بأقسام مقسّمة.,معتمد مبدئيًا,Pasted text (3)(5).txt
HEALTH-012-CARD003,HEALTH-012-OP003,ليختم المهمة بترتيب صندوق الأدوية في مكانه.,حدد مكانًا ثابتًا وآمنًا للصندوق.,حمل الصندوق، وضعه في مكانه.,خصص مكانًا ثابتًا بعيدًا عن متناول الأطفال الصغار.,المساعدة في الوضع، الوضع بمفرده، التحقق من المكان أيضًا.,يضع الصندوق في مكانه الصحيح دون تذكير.,الانتقال إلى تناول الدواء المقرر أو متابعة مواعيد جرعات الدواء.,مكان ثابت وآمن للصندوق.,معتمد مبدئيًا,Pasted text (3)(5).txt
HEALTH-013-CARD001,HEALTH-013-OP001,ليساهم في تجهيز روتين يخص صحته اليومية.,ضع الكوب في مكان يسهل الوصول له.,إحضار الكوب، تعبئته بالماء.,خصص كوبًا ثابتًا لهذه المهمة.,المساعدة في الإحضار، الإحضار بمفرده، التعبئة الكاملة.,يحضر الكوب بثبات دون تذكير.,الانتقال إلى إخراج حبة الدواء أو جرعة الدواء.,كوب ثابت مخصص.,معتمد مبدئيًا,Pasted text (3)(5).txt
HEALTH-013-CARD002,HEALTH-013-OP002,ليساهم في خطوة روتينية بسيطة تحت إشراف الأسرة دائمًا.,حدد أنت الجرعة والدواء الصحيح بنفسك دائمًا.,مناولتك العبوة، إخراج الجرعة التي تحددها أنت.,استخدم صندوق أدوية مقسّم بالأيام تحدده أنت مسبقًا ليأخذ منه هو فقط الجزء المخصص لليوم.,المراقبة معك، الإخراج من القسم المحدد سلفًا بإشرافك، المشاركة المحدودة دائمًا بإشرافك.,يخرج من القسم الصحيح المحدد مسبقًا بثبات.,الانتقال إلى تناول الدواء.,صندوق أدوية مقسّم بالأيام تجهّزه أنت مسبقًا.,معتمد مبدئيًا,Pasted text (3)(5).txt
HEALTH-013-CARD003,HEALTH-013-OP003,ليمارس جزءًا من روتينه اليومي الصحي مع أسرته.,ابقَ حاضرًا معه أثناء هذه الخطوة دائمًا.,تناول الجرعة مع الماء.,اجعلها جزءًا من روتين ثابت (بعد الفطور مثلًا) ليسهل تذكره.,المراقبة معك، التناول بحضورك دائمًا، التناول المستقل ضمن الروتين المعتاد وبحضورك.,يتناول الدواء في وقته المعتاد دون تذكير متكرر.,الانتقال إلى متابعة مواعيد جرعات الدواء.,روتين وقت ثابت للدواء.,معتمد مبدئيًا,Pasted text (3)(5).txt
HEALTH-014-CARD001,HEALTH-014-OP001,ليساهم في تذكير نفسه بروتين يخص صحته.,حدد معه وقت الجرعة المطلوب.,فتح تطبيق المنبه، ضبط الوقت.,استخدم منبهًا بصوت أو اسم مألوف له.,المساعدة في الضبط، الضبط بمفرده، الضبط الكامل بثقة.,يضبط المنبه بثقة متزايدة.,الانتقال إلى تسجيل تناول الجرعة في الجدول.,تطبيق منبه بسيط.,معتمد مبدئيًا,Pasted text (3)(5).txt
HEALTH-014-CARD002,HEALTH-014-OP002,ليساهم في توثيق روتينه الصحي اليومي.,جهّز جدول متابعة بسيطًا.,وضع علامة في الجدول بعد تناول الجرعة.,استخدم جدولًا بصريًا بمربعات يضع فيها علامة صح.,المساعدة في التسجيل، التسجيل بمفرده، التسجيل الكامل بثقة.,يسجل بانتظام متزايد دون تذكير.,الجدول يساعد الأسرة على متابعة الروتين معًا.,جدول متابعة بصري بسيط.,معتمد مبدئيًا,Pasted text (3)(5).txt
HEALTH-015-CARD001,HEALTH-015-OP001,ليساهم في متابعة روتينية بسيطة تخص صحة الأسرة.,ضع الجهاز في مكان يسهل الوصول له.,إحضار الجهاز، وضعه على الطاولة.,خصص مكانًا ثابتًا للجهاز.,المساعدة في الإحضار، الإحضار بمفرده، التجهيز الكامل.,يحضر الجهاز بثبات دون تذكير.,الانتقال إلى وضع الشريط حول الذراع.,مكان ثابت للجهاز.,معتمد مبدئيًا,Pasted text (3)(5).txt
HEALTH-015-CARD002,HEALTH-015-OP002,ليشارك بجسده في متابعة صحية تخصه أو تخص أحد أفراد أسرته.,اشرح له بهدوء طريقة اللف حول الذراع.,لف الشريط حول الذراع برفق.,أرِه طريقة اللف مرة واحدة كمثال.,المساعدة في الوضع، الوضع بمفرده، الوضع الكامل بثقة.,يضع الشريط بثبات متزايد.,الانتقال إلى تشغيل الجهاز وقراءة النتيجة.,لا يتطلب أدوات دعم إضافية.,معتمد مبدئيًا,Pasted text (3)(5).txt
HEALTH-015-CARD003,HEALTH-015-OP003,ليختم متابعته بخطوة قراءة بسيطة يشارك فيها.,اعرض عليه شاشة الجهاز.,الضغط على زر التشغيل، قراءة الرقم معك.,استخدم جهازًا بشاشة كبيرة وأرقام واضحة.,المساعدة في التشغيل، التشغيل بمفرده، القراءة والتسجيل الكامل.,يقرأ الرقم ويخبرك به بثقة متزايدة.,الانتقال إلى تسجيل قراءات الضغط أو السكر.,جهاز بشاشة كبيرة وواضحة.,معتمد مبدئيًا,Pasted text (3)(5).txt
HEALTH-016-CARD001,HEALTH-016-OP001,ليساهم في تجهيز أدوات متابعة تخص صحة الأسرة.,ضع الجهاز والشرائح في مكان يسهل الوصول له.,إحضار الجهاز والشرائح، وضعها على الطاولة.,خصص مكانًا ثابتًا للجهاز والشرائح.,المساعدة في الإحضار، الإحضار بمفرده، التجهيز الكامل.,يحضر الأدوات بثبات دون تذكير.,الانتقال إلى تجهيز إبرة الوخز.,مكان ثابت للجهاز والشرائح.,معتمد مبدئيًا,Pasted text (3)(5).txt
HEALTH-016-CARD002,HEALTH-016-OP002,ليساهم بخطوة تحضيرية بسيطة تحت إشراف مباشر لأسباب السلامة.,تحمل أنت مسؤولية تجهيز الإبرة وإجراء الوخز الفعلي دائمًا.,مناولتك الجهاز، المشاركة بالإشارة أو الإمساك بجهاز الوخز معك.,اقتصر دوره على تجهيز الشريحة أو الجهاز دون لمس الإبرة نفسها.,المراقبة معك، تجهيز الشريحة بإشرافك، المشاركة المحدودة بإشراف كامل.,يلتزم بتعليمات السلامة دون لمس الإبرة.,الانتقال إلى وضع قطرة الدم على الشريحة.,بطاقة تعليمات سلامة إلزامية.,معتمد مبدئيًا,Pasted text (3)(5).txt
HEALTH-016-CARD003,HEALTH-016-OP003,ليساهم في خطوة أخيرة بسيطة تحت إشرافك المباشر.,تتولى أنت الوخز؛ يشارك هو فقط في الخطوة التالية.,إمساك الشريحة، تقريبها من قطرة الدم بإشرافك.,أرِه طريقة التقريب مرة واحدة كمثال بإشرافك.,المراقبة معك، الإمساك بالشريحة بإشرافك، المشاركة المحدودة بإشراف كامل.,يمسك الشريحة بثبات تحت إشرافك.,الانتقال إلى قراءة النتيجة وتسجيلها.,بطاقة تعليمات سلامة إلزامية.,معتمد مبدئيًا,Pasted text (3)(5).txt
HEALTH-017-CARD001,HEALTH-017-OP001,ليساهم في متابعة روتينية بسيطة تخص صحته.,ضع الميزان في مكان مستوٍ وثابت.,إحضار الميزان، وضعه على أرضية مستوية.,خصص مكانًا ثابتًا للميزان.,المساعدة في الإحضار، الإحضار بمفرده، الوضع الكامل.,يحضر الميزان بثبات دون تذكير.,الانتقال إلى الوقوف على الميزان بثبات.,مكان ثابت للميزان.,معتمد مبدئيًا,Pasted text (3)(5).txt
HEALTH-017-CARD002,HEALTH-017-OP002,ليشارك بجسده في متابعة صحية روتينية.,تأكد أن الميزان مستقر تمامًا.,الصعود على الميزان، الوقوف بثبات دون حركة.,اطلب منه الثبات لبضع ثوانٍ فقط.,المساعدة في الوقوف، الوقوف بمفرده، الثبات الكامل بثقة.,يقف بثبات متزايد دون حركة.,الانتقال إلى قراءة وتسجيل الوزن.,لا يتطلب أدوات دعم إضافية.,معتمد مبدئيًا,Pasted text (3)(5).txt
HEALTH-017-CARD003,HEALTH-017-OP003,ليختم متابعته بخطوة توثيق بسيطة.,جهّز دفتر أو تطبيق المتابعة.,قراءة الرقم على الشاشة، تسجيله.,استخدم ميزانًا بشاشة كبيرة وأرقام واضحة.,المساعدة في القراءة، القراءة بمفرده، التسجيل الكامل بثقة.,يقرأ ويسجل الرقم بثقة متزايدة.,المتابعة مسجّلة حتى القياس القادم.,ميزان بشاشة كبيرة وواضحة.,معتمد مبدئيًا,Pasted text (3)(5).txt
HEALTH-018-CARD001,HEALTH-018-OP001,ليساهم في الاستعداد لنشاط يومي يخص صحته.,جهّز الملابس الرياضية المعتادة.,اختيار الملابس، ارتداؤها.,خصص درجًا ثابتًا للملابس الرياضية.,المساعدة في الارتداء، الارتداء بمفرده، الاختيار الكامل أيضًا.,يرتدي الملابس بثبات متزايد.,الانتقال إلى تجهيز مساحة التمرين.,درج ثابت للملابس الرياضية.,معتمد مبدئيًا,Pasted text (3)(5).txt
HEALTH-018-CARD002,HEALTH-018-OP002,ليساهم في تحضير مكان النشاط بنفسه.,حدد المساحة المخصصة للتمرين في المنزل.,إفساح المساحة، إحضار أي أدوات بسيطة (بساط رياضي مثلًا).,خصص بساطًا ثابتًا للتمرين.,المساعدة في التجهيز، التجهيز بمفرده، التجهيز الكامل.,يجهز المساحة بثبات متزايد.,الانتقال إلى أداء الحركات الرياضية.,بساط تمرين ثابت.,معتمد مبدئيًا,Pasted text (3)(5).txt
HEALTH-018-CARD003,HEALTH-018-OP003,ليمارس نشاطًا بدنيًا حقيقيًا مع أسرته.,جهّز حركات بسيطة يستمتع بها.,أداء الحركة معك أو بمفرده حسب الحركة.,ابدأ بحركة واحدة قصيرة يستمتع بها.,المشاركة معك، الأداء الجزئي بمفرده، الأداء الكامل بثقة.,يؤدي الحركات بثبات ورغبة متزايدة.,النشاط اليومي مكتمل، ويمكن تكراره في اليوم التالي.,لا يتطلب أدوات دعم إضافية.,معتمد مبدئيًا,Pasted text (3)(5).txt
HEALTH-019-CARD001,HEALTH-019-OP001,ليساهم في الاستعداد لنشاط يومي يخص صحته.,جهّز الحذاء في متناول يده.,ارتداء الحذاء، ربط الرباط أو إغلاق السحّاب.,استخدم حذاء بسحّاب أو رباط سهل الإغلاق.,المساعدة في الارتداء، الارتداء بمفرده، الإغلاق الكامل.,يرتدي الحذاء بثبات متزايد.,الانتقال إلى الخروج للمشي في المسار المحدد.,حذاء بإغلاق سهل.,معتمد مبدئيًا,Pasted text (3)(5).txt
HEALTH-019-CARD002,HEALTH-019-OP002,ليمارس نشاطًا بدنيًا حقيقيًا مع أسرته في الهواء الطلق.,حدد معه المسار المعتاد للمشي.,الخروج من المنزل، المشي في المسار.,ابدأ بمسافة قصيرة يستمتع بها.,المرافقة أثناء المشي، المشي بمفرده قريبًا منك، المشي المستقل ضمن مسافة متفق عليها.,يمشي مسافة أطول بثبات متزايد.,الانتقال إلى العودة للمنزل بعد الانتهاء.,مسار مشي معتاد وآمن.,معتمد مبدئيًا,Pasted text (3)(5).txt
HEALTH-019-CARD003,HEALTH-019-OP003,ليختم نشاطه اليومي بالعودة لبيته بمشاركة فعلية.,ذكّره أن المشي انتهى وحان وقت العودة.,السير باتجاه المنزل، الدخول.,استخدم علامة بصرية (باب المنزل) كمرجع للاتجاه.,المرافقة أثناء العودة، العودة بمفرده قريبًا منك، العودة المستقلة الكاملة.,يعود بثبات دون تردد.,نشاط المشي اليومي مكتمل.,لا يتطلب أدوات دعم إضافية.,معتمد مبدئيًا,Pasted text (3)(5).txt
HEALTH-020-CARD001,HEALTH-020-OP001,ليشارك في بدء جلسة تخص متابعته الصحية.,جهّز الملابس المناسبة للجلسة.,التوجه للمركز، الدخول.,رافقه أول مرة لمعرفة المكان.,المرافقة أثناء التوجه، التوجه بمساعدة، التوجه بمفرده.,يتوجه للمركز بثبات متزايد.,الانتقال إلى أداء التمارين مع الأخصائي.,لا يتطلب أدوات دعم إضافية.,معتمد مبدئيًا,Pasted text (3)(5).txt
HEALTH-020-CARD002,HEALTH-020-OP002,ليشارك بجسده في جلسة تخصه مباشرة تحت إشراف مختص.,الأخصائي هو من يوجه التمارين ويشرف عليها بالكامل.,أداء الحركة وفق توجيه الأخصائي.,ذكّره أن الأخصائي بجانبه طوال الجلسة.,المشاركة تحت إشراف الأخصائي الكامل دائمًا، بحسب توجيهه.,يتفاعل مع توجيهات الأخصائي بثقة متزايدة.,الانتقال إلى استخدام الأجهزة الرياضية.,إشراف الأخصائي المختص طوال الجلسة.,معتمد مبدئيًا,Pasted text (3)(5).txt
HEALTH-020-CARD003,HEALTH-020-OP003,ليشارك في استخدام أجهزة الجلسة تحت إشراف مباشر.,الأخصائي هو من يحدد الجهاز وطريقة استخدامه بالكامل.,استخدام الجهاز وفق توجيه الأخصائي المباشر.,ذكّره أن الأخصائي يراقب طوال الاستخدام.,المشاركة تحت إشراف الأخصائي الكامل دائمًا.,يتفاعل مع الجهاز بثقة متزايدة تحت الإشراف.,الجلسة مكتملة، والعودة للمنزل.,إشراف الأخصائي المختص طوال الاستخدام.,معتمد مبدئيًا,Pasted text (3)(5).txt
HEALTH-021-CARD001,HEALTH-021-OP001,ليساهم في التخطيط لاحتياجات صحية تخص الأسرة.,راجع معه المستلزمات المطلوبة.,كتابة أو إملاء أسماء المستلزمات.,استخدم صورًا للمستلزمات المعتادة.,الإملاء لك، المشاركة في الكتابة، الكتابة بمفرده.,يتذكر مستلزمات إضافية من تلقاء نفسه.,الانتقال إلى اختيار المستلزمات من الصيدلية.,قائمة صور للمستلزمات المعتادة.,معتمد مبدئيًا,Pasted text (3)(5).txt
HEALTH-021-CARD002,HEALTH-021-OP002,ليساهم في اختيار ما تحتاجه الأسرة بنفسه.,أعطه القائمة أو صورة المستلزم المطلوب.,البحث في الرفوف، إيجاد المستلزم المطلوب.,اطلب منه البحث عن مستلزم واحد في كل مرة.,المرافقة أثناء البحث، البحث بمساعدة، البحث بمفرده.,يجد المستلزم المطلوب بثقة متزايدة.,الانتقال إلى دفع قيمة المستلزمات.,قائمة أو صور المستلزمات المطلوبة.,معتمد مبدئيًا,Pasted text (3)(5).txt
HEALTH-021-CARD003,HEALTH-021-OP003,ليختم عملية الشراء بخطوة إتمام بسيطة.,جهّز المبلغ أو البطاقة معه.,تسليم المبلغ أو البطاقة، استلام الفاتورة.,جهّز المبلغ بالضبط لتبسيط الحساب.,المساعدة في التسليم، التسليم بمفرده، الدفع الكامل بثقة.,يسلّم المبلغ بثقة متزايدة.,المستلزمات جاهزة للعودة بها للمنزل.,مبلغ مجهّز مسبقًا.,معتمد مبدئيًا,Pasted text (3)(5).txt
HEALTH-022-CARD001,HEALTH-022-OP001,ليمارس تواصلًا مباشرًا خلال مهمة تخص صحته.,جهّز معه جملة بسيطة لطلب التجديد.,الاتصال بالعيادة، طلب التجديد.,جهّز نقاطًا مكتوبة (الاسم، الدواء المطلوب تجديده) يقرأها أثناء الاتصال.,المرافقة أثناء الاتصال، المشاركة بجملة واحدة، الاتصال الكامل بمفرده.,يتواصل مع العيادة بثقة متزايدة.,الانتقال إلى الذهاب لاستلام الوصفة.,نقاط مكتوبة للمكالمة.,معتمد مبدئيًا,Pasted text (3)(5).txt
HEALTH-022-CARD002,HEALTH-022-OP002,ليختم مهمة التجديد باستلام ما يخصه بنفسه.,حدد له مكان استلام الوصفة.,التوجه للعيادة، استلام الوصفة.,رافقه أول مرة لمعرفة الخطوة.,المرافقة أثناء الاستلام، الاستلام بمساعدتك، الاستلام بمفرده.,يستلم الوصفة بثقة متزايدة.,الانتقال إلى صرف الدواء من الصيدلية.,لا يتطلب أدوات دعم إضافية.,معتمد مبدئيًا,Pasted text (3)(5).txt
HEALTH-023-CARD001,HEALTH-023-OP001,ليساهم في استلام معلومة تخص متابعته الصحية.,تأكد من حضورك أثناء الاستلام.,التوجه للمختبر أو العيادة، استلام الورقة.,رافقه أول مرة لمعرفة الخطوة.,المساعدة في الاستلام، الاستلام بمفرده، الاستلام الكامل بثقة.,يستلم النتائج بثقة متزايدة.,الانتقال إلى حفظ النتائج في الملف الطبي.,لا يتطلب أدوات دعم إضافية.,معتمد مبدئيًا,Pasted text (3)(5).txt
HEALTH-023-CARD002,HEALTH-023-OP002,ليساهم في مسؤولية بسيطة تخص أوراقه الطبية.,حدد له مكان الملف الطبي.,حمل الورقة، وضعها في الملف.,استخدم ملفًا ثابتًا للنتائج الطبية.,المساعدة في الحفظ، الحفظ بمفرده، الترتيب الكامل.,يحفظ النتائج في مكانها الصحيح دون تذكير.,النتائج محفوظة وجاهزة للموعد القادم.,ملف ثابت للنتائج الطبية.,معتمد مبدئيًا,Pasted text (3)(5).txt
HEALTH-024-CARD001,HEALTH-024-OP001,ليساهم في التخطيط لمتابعة صحية دورية تخصه.,جهّز رقم العيادة أو المركز.,الاتصال، طلب حجز الموعد.,جهّز نقاطًا مكتوبة للمكالمة.,المرافقة أثناء الاتصال، المشاركة بجملة واحدة، الاتصال الكامل بمفرده.,يحجز الموعد بثقة متزايدة.,الانتقال إلى الذهاب للعيادة لإجراء الفحوصات.,نقاط مكتوبة للمكالمة.,معتمد مبدئيًا,Pasted text (3)(5).txt
HEALTH-024-CARD002,HEALTH-024-OP002,ليشارك في متابعة صحية دورية مع أسرته.,جهّز الأوراق والبطاقات المطلوبة.,التوجه للعيادة، المشاركة في الفحوصات حسب توجيه الفريق الطبي.,اشرح له بهدوء تسلسل الفحوصات المتوقع بشكل عام.,المرافقة أثناء الفحوصات، المشاركة الجزئية بثقة، المشاركة الكاملة ضمن إشراف الفريق الطبي.,يتفاعل مع الفحوصات بهدوء متزايد.,الفحص الشامل مكتمل، والانتظار للنتائج.,لا يتطلب أدوات دعم إضافية.,معتمد مبدئيًا,Pasted text (3)(5).txt
HEALTH-025-CARD001,HEALTH-025-OP001,ليشارك في خطوة رعاية صحية روتينية.,ذكّره بهدوء أن هذه زيارة معتادة وآمنة.,التوجه للغرفة، الدخول.,رافقه أول مرة لمعرفة المكان.,المرافقة أثناء التوجه، التوجه بمساعدة، التوجه بمفرده.,يتوجه للغرفة بهدوء متزايد.,الانتقال إلى كشف الذراع أو المكان المخصص للتطعيم.,لا يتطلب أدوات دعم إضافية.,معتمد مبدئيًا,Pasted text (3)(5).txt
HEALTH-025-CARD002,HEALTH-025-OP002,ليشارك بجسده في إجراء طبي روتيني تحت إشراف الفريق الطبي.,الممرض أو الطبيب هو من يجري الإجراء بالكامل.,كشف المكان المطلوب، الثبات لثوانٍ.,جهّز ملابس بأكمام سهلة الرفع.,المشاركة بحضورك وطمأنته، الكشف بمفرده بثقة، الثبات الكامل بهدوء.,يكشف المكان بهدوء متزايد.,الانتقال إلى الانتظار بعد التطعيم للملاحظة.,ملابس بأكمام سهلة الرفع.,معتمد مبدئيًا,Pasted text (3)(5).txt
HEALTH-025-CARD003,HEALTH-025-OP003,ليشارك في خطوة متابعة روتينية بعد الإجراء.,حدد له مكان الانتظار المخصص.,الجلوس، الانتظار للمدة المحددة من الفريق الطبي.,جهّز نشاطًا هادئًا بسيطًا لملء وقت الانتظار.,المرافقة أثناء الانتظار، الانتظار بمفرده قريبًا منك، الانتظار المستقل.,ينتظر بهدوء متزايد.,التطعيم مكتمل، والعودة للمنزل.,نشاط انتظار هادئ بسيط.,معتمد مبدئيًا,Pasted text (3)(5).txt
HEALTH-026-CARD001,HEALTH-026-OP001,ليشارك في زيارة روتينية تخص صحته.,ذكّره بهدوء أن هذه زيارة معتادة.,الجلوس على الكرسي، الاستقرار في وضعية مريحة.,رافقه أول مرة لمعرفة الكرسي.,المساعدة في الجلوس، الجلوس بمفرده، الاستقرار الكامل بهدوء.,يجلس بهدوء متزايد.,الانتقال إلى فتح الفم للفحص.,لا يتطلب أدوات دعم إضافية.,معتمد مبدئيًا,Pasted text (3)(5).txt
HEALTH-026-CARD002,HEALTH-026-OP002,ليشارك بجسده في فحص روتيني تحت إشراف الطبيب.,الطبيب هو من يجري الفحص بالكامل.,فتح الفم عند الطلب، البقاء ثابتًا لثوانٍ.,اتفق معه على إشارة بسيطة إذا احتاج استراحة.,المشاركة بحضورك وطمأنته، الفتح بمفرده بثقة، الثبات الكامل بهدوء.,يفتح فمه ويثبت بهدوء متزايد.,الانتقال إلى المضمضة بالماء عند الطلب.,إشارة استراحة متفق عليها.,معتمد مبدئيًا,Pasted text (3)(5).txt
HEALTH-026-CARD003,HEALTH-026-OP003,ليشارك بخطوة عملية تنهي فحص الأسنان.,جهّز كوب الماء في متناول يده.,أخذ رشفة ماء، المضمضة، البصق في الحوض المخصص.,أرِه طريقة المضمضة مرة واحدة كمثال.,المساعدة في المضمضة، المضمضة بمفرده، الخطوة الكاملة بثقة.,يتمضمض بثبات متزايد.,موعد الأسنان مكتمل، والعودة للمنزل.,لا يتطلب أدوات دعم إضافية.,معتمد مبدئيًا,Pasted text (3)(5).txt
HEALTH-027-CARD001,HEALTH-027-OP001,ليشارك في زيارة روتينية تخص صحته.,ذكّره بهدوء أن هذه زيارة معتادة.,الجلوس أمام الجهاز، الاستقرار في وضعية مريحة.,رافقه أول مرة لمعرفة الجهاز.,المساعدة في الجلوس، الجلوس بمفرده، الاستقرار الكامل بهدوء.,يجلس بهدوء متزايد.,الانتقال إلى قراءة الحروف أو الأرقام من اللوحة.,لا يتطلب أدوات دعم إضافية.,معتمد مبدئيًا,Pasted text (3)(5).txt
HEALTH-027-CARD002,HEALTH-027-OP002,ليشارك بنفسه في فحص يخص قدرته البصرية.,اطمئنه أن عدم رؤية بعض الحروف أمر طبيعي وجزء من الفحص.,النظر للوحة، قراءة ما يستطيع رؤيته.,"ذكّره أن بإمكانه قول ""لا أرى"" دون قلق.",المشاركة بحضورك وطمأنته، القراءة بمفرده بثقة، المشاركة الكاملة في الفحص.,يشارك في القراءة بثقة متزايدة.,موعد فحص النظر مكتمل.,لا يتطلب أدوات دعم إضافية.,معتمد مبدئيًا,Pasted text (3)(5).txt
HEALTH-028-CARD001,HEALTH-028-OP001,ليشارك بجسده في فحص روتيني يخص قدرته السمعية.,اعرض عليه السماعات قبل وضعها.,وضع السماعات على أذنيه بمساعدة الفريق الطبي.,أرِه شكل السماعات وطريقة وضعها مسبقًا.,المساعدة في الوضع، الوضع بمفرده، الاستقرار الكامل بثقة.,يضع السماعات ويستقر بهدوء متزايد.,الانتقال إلى الإشارة عند سماع الصوت.,لا يتطلب أدوات دعم إضافية.,معتمد مبدئيًا,Pasted text (3)(5).txt
HEALTH-028-CARD002,HEALTH-028-OP002,ليشارك بنفسه في فحص يخص قدرته السمعية.,اشرح له طريقة الإشارة (ضغط زر أو رفع يد).,الانتباه للصوت، الإشارة عند سماعه.,جرّب الإشارة معه مرة قبل بدء الفحص.,المساعدة في الإشارة، الإشارة بمفرده، المشاركة الكاملة بثقة.,يشير عند سماع الصوت بثقة متزايدة.,موعد فحص السمع مكتمل.,تجربة الإشارة قبل الفحص.,معتمد مبدئيًا,Pasted text (3)(5).txt
HEALTH-029-CARD001,HEALTH-029-OP001,ليساهم في التخطيط لمتابعة تخص حالته الصحية.,جهّز رقم العيادة المختصة.,الاتصال، طلب حجز الموعد.,جهّز نقاطًا مكتوبة للمكالمة.,المرافقة أثناء الاتصال، المشاركة بجملة واحدة، الاتصال الكامل بمفرده.,يحجز الموعد بثقة متزايدة.,الانتقال إلى تجهيز الأسئلة المتعلقة بالحالة.,نقاط مكتوبة للمكالمة.,معتمد مبدئيًا,Pasted text (3)(5).txt
HEALTH-029-CARD002,HEALTH-029-OP002,ليساهم في التحضير لمحادثة تخصه مباشرة.,اجلس معه لمراجعة ما يريد سؤاله.,كتابة أو إملاء الأسئلة التي يريد طرحها.,اكتب الأسئلة على بطاقة صغيرة يحملها معه.,الإملاء لك، المشاركة في الكتابة، الكتابة بمفرده.,يعبّر عن أسئلته بوضوح متزايد.,الأسئلة جاهزة للموعد.,بطاقة أسئلة مكتوبة مسبقًا.,معتمد مبدئيًا,Pasted text (3)(5).txt
HEALTH-030-CARD001,HEALTH-030-OP001,ليشارك في خطوة تخص متابعته الصحية.,ذكّره بهدوء أن هذا إجراء معتاد وآمن.,التوجه للغرفة، الدخول.,رافقه أول مرة لمعرفة المكان.,المرافقة أثناء التوجه، التوجه بمساعدة، التوجه بمفرده.,يتوجه للغرفة بهدوء متزايد.,الانتقال إلى ارتداء الرداء الطبي إن لزم.,لا يتطلب أدوات دعم إضافية.,معتمد مبدئيًا,Pasted text (3)(5).txt
HEALTH-030-CARD002,HEALTH-030-OP002,ليساهم بخطوة تحضيرية بسيطة تسبق الإجراء.,اعرض عليه الرداء وطريقة ارتدائه.,ارتداء الرداء بمساعدة الفريق الطبي.,أرِه طريقة الارتداء مرة واحدة كمثال.,المساعدة في الارتداء، الارتداء بمفرده، الارتداء الكامل بثقة.,يرتدي الرداء بثبات متزايد.,الانتقال إلى الثبات أثناء التقاط الأشعة.,لا يتطلب أدوات دعم إضافية.,معتمد مبدئيًا,Pasted text (3)(5).txt
HEALTH-030-CARD003,HEALTH-030-OP003,ليشارك بجسده في إجراء يخص متابعته الصحية.,اطمئنه أن الإجراء سريع وغير مؤلم.,الوقوف أو الاستلقاء في الوضعية المطلوبة، الثبات لثوانٍ.,اتفق معه على عدّ بسيط للثبات (مثل العد لخمسة).,المشاركة بحضورك وطمأنته، الثبات بمفرده بثقة، الثبات الكامل بهدوء.,يثبت في الوضعية بهدوء متزايد.,موعد الأشعة مكتمل، والانتظار للنتائج.,عدّ بسيط للثبات.,معتمد مبدئيًا,Pasted text (3)(5).txt
HEALTH-031-CARD001,HEALTH-031-OP001,ليساهم بخطوة عملية بسيطة تسبق أخذ العينة.,جهّز الاستمارة في متناول يده.,التوجه للموظف، تقديم الاستمارة.,رافقه أول مرة لمعرفة الخطوة.,المساعدة في التقديم، التقديم بمفرده، التقديم الكامل بثقة.,يقدّم الاستمارة بثقة متزايدة.,الانتقال إلى كشف الذراع لسحب الدم.,لا يتطلب أدوات دعم إضافية.,معتمد مبدئيًا,Pasted text (3)(5).txt
HEALTH-031-CARD002,HEALTH-031-OP002,ليشارك بجسده في إجراء روتيني تحت إشراف الفريق الطبي بالكامل.,الممرض هو من يجري السحب بالكامل.,كشف الذراع، الثبات أثناء الإجراء.,اتفق معه على النظر بعيدًا أو التنفس بعمق إن ساعده ذلك.,المشاركة بحضورك وطمأنته، الكشف بمفرده بثقة، الثبات الكامل بهدوء.,يكشف ذراعه ويثبت بهدوء متزايد.,الانتقال إلى الضغط على مكان السحب بقطنة.,تقنية تنفس أو تشتيت بسيطة متفق عليها.,معتمد مبدئيًا,Pasted text (3)(5).txt
HEALTH-031-CARD003,HEALTH-031-OP003,ليشارك بخطوة رعاية ذاتية بسيطة بعد الإجراء.,جهّز القطنة معه من الممرض.,إمساك القطنة، الضغط عليها برفق للمدة المطلوبة.,أرِه طريقة الضغط مرة واحدة كمثال.,المساعدة في الضغط، الضغط بمفرده، المتابعة الكاملة بثقة.,يضغط بثبات للمدة المطلوبة.,موعد المختبر مكتمل، والانتظار للنتائج.,لا يتطلب أدوات دعم إضافية.,معتمد مبدئيًا,Pasted text (3)(5).txt
HEALTH-032-CARD001,HEALTH-032-OP001,ليشارك في استلام معلومة تخص متابعته الصحية.,حدد له مكان استلام النتائج.,التوجه للمختبر، الانتظار حتى استلام النتائج.,رافقه أول مرة لمعرفة الخطوة.,المرافقة أثناء الاستلام، الاستلام بمساعدتك، الاستلام بمفرده.,يستلم النتائج بثقة متزايدة.,الانتقال إلى التأكد من الاسم على التقرير.,لا يتطلب أدوات دعم إضافية.,معتمد مبدئيًا,Pasted text (3)(5).txt
HEALTH-032-CARD002,HEALTH-032-OP002,ليساهم في خطوة تحقق بسيطة تخصه شخصيًا.,اعرض عليه مكان الاسم على التقرير.,قراءة الاسم، التأكد من صحته.,استخدم عدسة مكبرة إن كانت الكتابة صغيرة.,المساعدة في القراءة، القراءة بمفرده، التأكيد الكامل بثقة.,يتحقق من الاسم بثقة متزايدة.,الانتقال إلى حفظ النتائج في الملف الطبي.,عدسة مكبرة عند الحاجة.,معتمد مبدئيًا,Pasted text (3)(5).txt
HEALTH-033-CARD001,HEALTH-033-OP001,ليشارك في لحظة مهمة تخص صحة أسرته.,حافظ على هدوئك ليشعر بالطمأنينة.,التوجه للسيارة أو الطوارئ بسرعة وهدوء.,اطلب منه البقاء قريبًا منك دون الحاجة لمهمة معقدة.,المرافقة القريبة معك، المساهمة بخطوة بسيطة، المشاركة حسب الموقف.,يبقى هادئًا ومتعاونًا قدر الإمكان.,الانتقال إلى حمل البطاقة الصحية والهوية.,لا يتطلب أدوات دعم إضافية.,معتمد مبدئيًا,Pasted text (3)(5).txt
HEALTH-033-CARD002,HEALTH-033-OP002,ليساهم بخطوة عملية بسيطة تسهم في سرعة التعامل مع الموقف.,حدد له مكان البطاقات إن كان جاهزًا للمساعدة.,حمل البطاقات إن أمكن.,خصص مكانًا ثابتًا لهذه البطاقات دائمًا لتسهيل الوصول عند الحاجة.,المساعدة إن كان قادرًا، الحمل بمفرده إن أمكن، حسب ظروف الموقف.,يساهم بالقدر الذي يسمح به الموقف.,الانتقال إلى الانتظار في قسم الطوارئ.,مكان ثابت للبطاقات المهمة.,معتمد مبدئيًا,Pasted text (3)(5).txt
HEALTH-034-CARD001,HEALTH-034-OP001,ليساهم في دعم فرد من أسرته يحتاج مساعدة.,حدد معه دوره البسيط في المساعدة.,فتح الباب، المساعدة بإسناد بسيط حسب قدرته.,اقتصر دوره على فتح الباب إن كانت المساعدة البدنية غير مناسبة له.,فتح الباب فقط، المساعدة الجزئية بإشرافك، المشاركة حسب الموقف والقدرة.,يساهم بهدوء وتعاون متزايد.,الانتقال إلى مرافقة المريض في الطريق.,لا يتطلب أدوات دعم إضافية.,معتمد مبدئيًا,Pasted text (3)(5).txt
HEALTH-034-CARD002,HEALTH-034-OP002,ليقدّم حضورًا داعمًا لفرد من أسرته خلال لحظة صعبة.,ذكّره أن حضوره الهادئ بجانب المريض مهم.,الجلوس بجانب المريض، تقديم الطمأنينة.,اطلب منه الإمساك بيد المريض إن كان ذلك مريحًا للطرفين.,الجلوس بجانبه بهدوء، المشاركة بالطمأنينة، المرافقة الكاملة.,يقدّم حضورًا هادئًا وداعمًا.,الانتقال إلى الانتظار في قسم الطوارئ.,لا يتطلب أدوات دعم إضافية.,معتمد مبدئيًا,Pasted text (3)(5).txt
HEALTH-035-CARD001,HEALTH-035-OP001,ليشارك في لحظة انتظار مع أسرته خلال موقف يخصهم.,حدد له مقعدًا مريحًا.,الجلوس بهدوء، الانتظار.,جهّز نشاطًا هادئًا بسيطًا إن أمكن.,المرافقة أثناء الجلوس، الجلوس بمفرده قريبًا منك، الجلوس المستقل.,يجلس بهدوء متزايد رغم الموقف.,الانتقال إلى الانتباه لنداء الممرض.,نشاط انتظار هادئ بسيط عند الإمكان.,معتمد مبدئيًا,Pasted text (3)(5).txt
HEALTH-035-CARD002,HEALTH-035-OP002,ليشارك في متابعة دور أسرته في الطوارئ.,اشرح له كيف يبدو النداء.,الانتباه للنداء، إخبارك عند سماعه.,اطلب منه البقاء قريبًا منك أثناء الانتظار.,المراقبة معك، الانتباه بمفرده، الإخبار الفوري عند النداء.,ينتبه للنداء بثقة متزايدة.,الانتقال إلى التسجيل في استقبال الطوارئ.,لا يتطلب أدوات دعم إضافية.,معتمد مبدئيًا,Pasted text (3)(5).txt
HEALTH-036-CARD001,HEALTH-036-OP001,ليساهم بخطوة عملية بسيطة تسهم في التسجيل السريع.,جهّز البطاقة في متناول يده إن كان مستعدًا للمساعدة.,إخراج البطاقة، تقديمها للموظف.,رافقه أو تولَّ الخطوة إن كان الموقف متوترًا له.,المساعدة في التقديم، التقديم بمفرده إن كان مستعدًا، حسب ظروف الموقف.,يساهم بالقدر الذي يسمح به الموقف والحالة النفسية.,الانتقال إلى ذكر سبب الزيارة باختصار.,لا يتطلب أدوات دعم إضافية.,معتمد مبدئيًا,Pasted text (3)(5).txt
HEALTH-036-CARD002,HEALTH-036-OP002,ليمارس تواصلًا بسيطًا إن كان قادرًا ومستعدًا لذلك.,تولَّ أنت هذه الخطوة إذا كان الموقف مرهقًا له.,ذكر جملة بسيطة عن السبب إن كان مستعدًا.,اسمح له بالإشارة إليك لتتولى الشرح إن احتاج ذلك.,أنت تتولى الشرح، مشاركة جزئية بجملة واحدة إن كان مستعدًا، حسب الموقف.,يشارك بالقدر الذي يشعر فيه بالراحة.,الانتقال إلى الفحص الأولي في الطوارئ.,لا يتطلب أدوات دعم إضافية.,معتمد مبدئيًا,Pasted text (3)(5).txt
HEALTH-037-CARD001,HEALTH-037-OP001,ليشارك بجسده في فحص أولي روتيني تحت إشراف الفريق الطبي.,الممرض هو من يجري القياس بالكامل.,الجلوس، السماح بالقياس.,اطمئنه أن القياس سريع وغير مؤلم.,المشاركة بحضورك وطمأنته، الجلوس بمفرده بثقة، التعاون الكامل بهدوء.,يتعاون مع القياس بهدوء متزايد.,الانتقال إلى الإجابة على أسئلة الطبيب الأولي.,لا يتطلب أدوات دعم إضافية.,معتمد مبدئيًا,Pasted text (3)(5).txt
HEALTH-037-CARD002,HEALTH-037-OP002,ليشارك برأيه في محادثة تخصه أو تخص فرد أسرته.,ذكّره أن بإمكانه الإجابة بطريقته أو الاستعانة بك.,الاستماع للسؤال، الإجابة بكلماته إن كان مستعدًا.,اتفق معه على إشارة يستخدمها إذا احتاج مساعدتك.,المساعدة في الإجابة، الإجابة الجزئية بمفرده، الإجابة الكاملة بثقة.,يجيب عن الأسئلة بثقة متزايدة.,الانتقال إلى استلام تقرير الطوارئ والخروج.,إشارة اتفاق مسبقة لطلب المساعدة.,معتمد مبدئيًا,Pasted text (3)(5).txt
HEALTH-038-CARD001,HEALTH-038-OP001,ليساهم في استلام أوراق تخص متابعته الصحية.,تأكد من حضورك أثناء الاستلام.,استلام التقرير من الفريق الطبي.,رافقه أول مرة لمعرفة الخطوة.,المساعدة في الاستلام، الاستلام بمفرده، الاستلام الكامل بثقة.,يستلم التقرير بثقة متزايدة.,الانتقال إلى استلام الوصفة الطبية.,لا يتطلب أدوات دعم إضافية.,معتمد مبدئيًا,Pasted text (3)(5).txt
HEALTH-038-CARD002,HEALTH-038-OP002,ليختم زيارة الطوارئ باستلام ما يخصه بنفسه.,تأكد أن الطبيب جاهز لتسليم الوصفة.,استلام الورقة.,رافقه أول مرة لمعرفة طريقة الاستلام.,المساعدة في الاستلام، الاستلام بمفرده، الاستلام الكامل بثقة.,يستلم الوصفة بثقة متزايدة.,الانتقال إلى مغادرة قسم الطوارئ.,لا يتطلب أدوات دعم إضافية.,معتمد مبدئيًا,Pasted text (3)(5).txt
HEALTH-038-CARD003,HEALTH-038-OP003,ليختم زيارة الطوارئ بمشاركة عملية في الخروج.,جهّز الأغراض معه للخروج.,حمل الأغراض، السير نحو الخروج.,رافقه في طريق الخروج.,المرافقة أثناء المغادرة، المغادرة بمفرده قريبًا منك، المغادرة المستقلة.,يغادر بثبات متزايد.,العودة إلى المنزل بعد الموعد.,لا يتطلب أدوات دعم إضافية.,معتمد مبدئيًا,Pasted text (3)(5).txt
HEALTH-039-CARD001,HEALTH-039-OP001,ليشارك في خطوة تخص متابعة صحية لأسرته.,جهّز الأغراض الشخصية اللازمة.,التوجه للغرفة، الدخول.,رافقه أول مرة لمعرفة المكان.,المرافقة أثناء التوجه، التوجه بمساعدة، التوجه بمفرده.,يتوجه للغرفة بهدوء متزايد.,الانتقال إلى ارتداء ملابس المستشفى.,لا يتطلب أدوات دعم إضافية.,معتمد مبدئيًا,Pasted text (3)(5).txt
HEALTH-039-CARD002,HEALTH-039-OP002,ليساهم بخطوة تحضيرية بسيطة تسبق فترة الملاحظة.,اعرض عليه الملابس وطريقة ارتدائها.,ارتداء الملابس بمساعدة الفريق الطبي أو الأسرة.,أرِه طريقة الارتداء مرة واحدة كمثال.,المساعدة في الارتداء، الارتداء بمفرده، الارتداء الكامل بثقة.,يرتدي الملابس بثبات متزايد.,فترة الملاحظة أو المتابعة تبدأ تحت إشراف الفريق الطبي.,لا يتطلب أدوات دعم إضافية.,معتمد مبدئيًا,Pasted text (3)(5).txt
HEALTH-040-CARD001,HEALTH-040-OP001,ليشارك بجسده في تحضير روتيني تحت إشراف الفريق الطبي الكامل.,الفريق الطبي هو من يحدد ويجري التحاليل بالكامل.,المشاركة في الحضور والثبات وفق توجيه الفريق الطبي.,اطمئنه أن هذه خطوات معتادة قبل أي إجراء.,المشاركة بحضورك وطمأنته، التعاون بمفرده بثقة، المشاركة الكاملة بهدوء.,يتعاون مع التحاليل بهدوء متزايد.,الانتقال إلى مقابلة طبيب التخدير.,لا يتطلب أدوات دعم إضافية.,معتمد مبدئيًا,Pasted text (3)(5).txt
HEALTH-040-CARD002,HEALTH-040-OP002,ليشارك في محادثة تخص تحضيره للجراحة.,ذكّره أن بإمكانه طرح أي سؤال يشغله.,الاستماع لطبيب التخدير، الإجابة عن الأسئلة إن وُجدت.,جهّز معه أسئلة يريد طرحها مسبقًا.,المشاركة بحضورك، الإجابة الجزئية بمفرده، المشاركة الكاملة بثقة.,يشارك في المحادثة بثقة متزايدة.,التحضير للجراحة مكتمل.,أسئلة مكتوبة مسبقًا عند الرغبة.,معتمد مبدئيًا,Pasted text (3)(5).txt
HEALTH-041-CARD001,HEALTH-041-OP001,ليشارك في خطوة مهمة تخص أسرته.,جهّز الأغراض والمستندات مسبقًا.,التوجه للمستشفى في الموعد المحدد.,راجع معه الجدول الزمني لليوم مسبقًا.,المرافقة أثناء التوجه، التوجه بمساعدة، التوجه بمفرده.,يتوجه في الموعد بهدوء متزايد.,الانتقال إلى تسليم الأغراض الشخصية للمرافق.,جدول زمني بسيط لليوم.,معتمد مبدئيًا,Pasted text (3)(5).txt
HEALTH-041-CARD002,HEALTH-041-OP002,ليساهم بخطوة عملية بسيطة تسبق الإجراء.,جهّز الأغراض المطلوب تسليمها.,حمل الأغراض، تسليمها للشخص المرافق.,رتّب الأغراض في كيس واحد سهل التسليم.,المساعدة في التسليم، التسليم بمفرده، التسليم الكامل بثقة.,يسلّم الأغراض بثبات متزايد.,الجراحة تبدأ تحت إشراف الفريق الطبي الكامل.,كيس تسليم مرتب مسبقًا.,معتمد مبدئيًا,Pasted text (3)(5).txt
HEALTH-042-CARD001,HEALTH-042-OP001,ليشارك في متابعة قريبة من فرد من أسرته يتعافى.,حدد له مكان الانتظار المسموح.,الجلوس بهدوء، الانتظار بالقرب.,جهّز نشاطًا هادئًا بسيطًا لملء وقت الانتظار.,المرافقة أثناء الانتظار، الانتظار بمفرده قريبًا، الانتظار المستقل.,ينتظر بهدوء متزايد.,الانتقال إلى التنفس بعمق حسب التوجيهات.,نشاط انتظار هادئ بسيط.,معتمد مبدئيًا,Pasted text (3)(5).txt
HEALTH-042-CARD002,HEALTH-042-OP002,ليشارك بجسده في خطوة تعافٍ روتينية تحت إشراف الفريق الطبي.,الفريق الطبي هو من يوجّه هذه الخطوة إن كانت تخصه هو نفسه.,التنفس ببطء وعمق وفق توجيه الفريق الطبي.,جرّب التنفس العميق معه قبل الإجراء كمثال مألوف.,المشاركة تحت إشراف الفريق الطبي الكامل دائمًا.,يتنفس بهدوء متزايد وفق التوجيه.,الانتقال إلى خروج المريض من المستشفى.,تمرين تنفس مألوف مسبقًا.,معتمد مبدئيًا,Pasted text (3)(5).txt
HEALTH-043-CARD001,HEALTH-043-OP001,ليساهم في تجهيز الخروج من المستشفى.,حدد معه الأغراض المطلوب جمعها.,جمع كل غرض، وضعه في الحقيبة.,اطلب منه جمع غرض واحد في كل مرة.,المساعدة في الجمع، الجمع الجزئي، الجمع الكامل.,يجمع الأغراض بثبات دون تذكير متكرر.,الانتقال إلى استلام أوراق الخروج.,لا يتطلب أدوات دعم إضافية.,معتمد مبدئيًا,Pasted text (3)(5).txt
HEALTH-043-CARD002,HEALTH-043-OP002,ليساهم في استلام أوراق تخص متابعته الصحية.,تأكد من حضورك أثناء الاستلام.,استلام الأوراق من الفريق الطبي.,رافقه أول مرة لمعرفة الخطوة.,المساعدة في الاستلام، الاستلام بمفرده، الاستلام الكامل بثقة.,يستلم الأوراق بثقة متزايدة.,الانتقال إلى التوجه للسيارة للعودة.,لا يتطلب أدوات دعم إضافية.,معتمد مبدئيًا,Pasted text (3)(5).txt
HEALTH-043-CARD003,HEALTH-043-OP003,ليشارك في ختام رحلة العلاج بالعودة لبيته.,جهّز الأغراض والأوراق معه.,حمل الأغراض، السير نحو السيارة.,رافقه في الطريق نحو السيارة.,المرافقة أثناء التوجه، التوجه بمساعدة، التوجه بمفرده.,يتوجه للسيارة بثبات متزايد.,العودة إلى المنزل بعد الموعد.,لا يتطلب أدوات دعم إضافية.,معتمد مبدئيًا,Pasted text (3)(5).txt
HEALTH-044-CARD001,HEALTH-044-OP001,ليشارك في متابعة صحية تخص تعافيه.,جهّز الأوراق والمستندات المطلوبة.,التوجه للعيادة في الموعد المحدد.,راجع معه الموعد مسبقًا على التقويم.,المرافقة أثناء التوجه، التوجه بمساعدة، التوجه بمفرده.,يتوجه للموعد بثبات متزايد.,الانتقال إلى كشف مكان الجرح للطبيب.,تقويم بموعد المراجعة.,معتمد مبدئيًا,Pasted text (3)(5).txt
HEALTH-044-CARD002,HEALTH-044-OP002,ليشارك بجسده في متابعة تعافيه تحت إشراف الطبيب.,الطبيب هو من يفحص بالكامل.,كشف المكان المطلوب برفق.,جهّز ملابس سهلة الكشف عن مكان الجرح.,المشاركة بحضورك وطمأنته، الكشف بمفرده بثقة، المشاركة الكاملة بهدوء.,يكشف المكان بهدوء متزايد.,موعد المراجعة مكتمل.,ملابس سهلة الكشف.,معتمد مبدئيًا,Pasted text (3)(5).txt
HEALTH-045-CARD001,HEALTH-045-OP001,ليساهم في تجهيز روتين رعاية يخص صحته.,ضع الأدوات في مكان يسهل الوصول له.,إحضار الشاش والمعقم، وضعهما على الطاولة.,خصص صندوقًا ثابتًا لأدوات الغيار.,المساعدة في التجهيز، التجهيز بمفرده، التجهيز الكامل.,يجهز الأدوات بثبات متزايد.,الانتقال إلى التخلص من الضماد القديم في سلة المهملات.,صندوق ثابت لأدوات الغيار.,معتمد مبدئيًا,Pasted text (3)(5).txt
HEALTH-045-CARD002,HEALTH-045-OP002,ليساهم بخطوة عملية بسيطة تختم مهمة الغيار.,جهّز سلة مهملات قريبة.,حمل الضماد القديم، التخلص منه في السلة.,ضع كيسًا صغيرًا مخصصًا للتخلص من الضمادات.,المساعدة في التخلص، التخلص بمفرده، التخلص الكامل بثقة.,يتخلص من الضماد بثبات دون تردد.,الغيار مكتمل، والانتظار للمرة القادمة.,كيس مخصص للضمادات المستعملة.,معتمد مبدئيًا,Pasted text (3)(5).txt
HEALTH-046-CARD001,HEALTH-046-OP001,ليشارك في خطوة تخص تعافيه.,ذكّره بهدوء أن هذا إجراء سريع ومعتاد.,التوجه للعيادة، الدخول.,رافقه أول مرة لمعرفة الخطوة.,المرافقة أثناء التوجه، التوجه بمساعدة، التوجه بمفرده.,يتوجه للعيادة بهدوء متزايد.,الانتقال إلى الثبات أثناء عملية الإزالة.,لا يتطلب أدوات دعم إضافية.,معتمد مبدئيًا,Pasted text (3)(5).txt
HEALTH-046-CARD002,HEALTH-046-OP002,ليشارك بجسده في إجراء بسيط تحت إشراف الطبيب الكامل.,الطبيب هو من يجري الإزالة بالكامل.,الجلوس، الثبات لثوانٍ قليلة.,اتفق معه على النظر بعيدًا إن ساعده ذلك.,المشاركة بحضورك وطمأنته، الثبات بمفرده بثقة، الثبات الكامل بهدوء.,يثبت بهدوء متزايد.,الإجراء مكتمل، والعودة للمنزل.,تقنية تشتيت بسيطة متفق عليها.,معتمد مبدئيًا,Pasted text (3)(5).txt
HEALTH-047-CARD001,HEALTH-047-OP001,ليشارك في خطوة تخص متابعته الصحية.,ذكّره بهدوء أن الفريق الطبي معه طوال الوقت.,التوجه للغرفة، الدخول.,رافقه أول مرة لمعرفة المكان.,المرافقة أثناء التوجه، التوجه بمساعدة، التوجه بمفرده.,يتوجه للغرفة بهدوء متزايد.,الانتقال إلى الثبات التام أثناء أخذ العينة.,لا يتطلب أدوات دعم إضافية.,معتمد مبدئيًا,Pasted text (3)(5).txt
HEALTH-047-CARD002,HEALTH-047-OP002,ليشارك بجسده في إجراء طبي تحت إشراف الفريق الطبي الكامل.,الفريق الطبي هو من يجري الإجراء بالكامل.,الاستلقاء أو الجلوس في الوضعية المطلوبة، الثبات وفق التوجيه.,اتفق معه على تقنية تنفس بسيطة تساعده على الثبات.,المشاركة بحضورك وطمأنته، الثبات بمفرده بثقة، الثبات الكامل بهدوء.,يثبت بهدوء متزايد وفق التوجيه.,الإجراء مكتمل، والانتظار للنتائج.,تقنية تنفس بسيطة متفق عليها.,معتمد مبدئيًا,Pasted text (3)(5).txt
HEALTH-048-CARD001,HEALTH-048-OP001,ليشارك في خطوة رعاية صحية تخصه.,ذكّره بهدوء أن هذا إجراء معتاد.,الجلوس، الاستقرار في وضعية مريحة.,رافقه أول مرة لمعرفة الكرسي.,المساعدة في الجلوس، الجلوس بمفرده، الاستقرار الكامل بهدوء.,يجلس بهدوء متزايد.,الانتقال إلى الانتظار حتى انتهاء كيس الدم.,لا يتطلب أدوات دعم إضافية.,معتمد مبدئيًا,Pasted text (3)(5).txt
HEALTH-048-CARD002,HEALTH-048-OP002,ليشارك في متابعة إجراء يخص صحته.,جهّز نشاطًا هادئًا بسيطًا لملء وقت الانتظار.,الجلوس بهدوء، الانتظار حتى الانتهاء.,استخدم نشاطًا يستمتع به يمكن ممارسته وهو جالس.,المرافقة أثناء الانتظار، الانتظار بمفرده قريبًا منك، الانتظار المستقل.,ينتظر بهدوء متزايد.,الإجراء مكتمل، والعودة للمنزل.,نشاط انتظار هادئ بسيط.,معتمد مبدئيًا,Pasted text (3)(5).txt
HEALTH-049-CARD001,HEALTH-049-OP001,ليشارك في خطوة روتينية تخص متابعته الصحية.,جهّز الأغراض المعتادة للجلسة.,التوجه للمركز، الدخول.,رافقه أول مرة لمعرفة المكان.,المرافقة أثناء التوجه، التوجه بمساعدة، التوجه بمفرده.,يتوجه للمركز بثبات متزايد.,الانتقال إلى الجلوس في المكان المخصص لانتهاء الجلسة.,لا يتطلب أدوات دعم إضافية.,معتمد مبدئيًا,Pasted text (3)(5).txt
HEALTH-049-CARD002,HEALTH-049-OP002,ليشارك في متابعة جلسة روتينية تخص صحته.,جهّز نشاطًا هادئًا بسيطًا لملء وقت الجلسة.,الجلوس بهدوء، الانتظار حتى انتهاء الجلسة.,استخدم نشاطًا معتادًا يستمتع به خلال كل جلسة.,المرافقة أثناء الجلسة، الجلوس بمفرده قريبًا منك، الجلوس المستقل.,يجلس بهدوء متزايد خلال الجلسات.,الجلسة مكتملة، والعودة للمنزل.,نشاط جلسة هادئ ومعتاد.,معتمد مبدئيًا,Pasted text (3)(5).txt
HEALTH-050-CARD001,HEALTH-050-OP001,ليشارك في خطوة روتينية تخص متابعته الصحية.,جهّز الأغراض المعتادة للجلسة.,التوجه للمركز، الدخول.,رافقه أول مرة لمعرفة المكان.,المرافقة أثناء التوجه، التوجه بمساعدة، التوجه بمفرده.,يتوجه للمركز بثبات متزايد.,الانتقال إلى الانتظار خلال فترة الجلسة.,لا يتطلب أدوات دعم إضافية.,معتمد مبدئيًا,Pasted text (3)(5).txt
HEALTH-050-CARD002,HEALTH-050-OP002,ليشارك في متابعة جلسة روتينية تخص صحته.,جهّز نشاطًا هادئًا بسيطًا لملء وقت الجلسة.,الجلوس بهدوء، الانتظار حتى انتهاء الجلسة.,استخدم نشاطًا معتادًا يستمتع به خلال كل جلسة.,المرافقة أثناء الجلسة، الجلوس بمفرده قريبًا منك، الجلوس المستقل.,يجلس بهدوء متزايد خلال الجلسات.,الجلسة مكتملة، والعودة للمنزل.,نشاط جلسة هادئ ومعتاد.,معتمد مبدئيًا,Pasted text (3)(5).txt
HEALTH-051-CARD001,HEALTH-051-OP001,ليساهم في توثيق معلومة تخص روتينه الغذائي.,جهّز دفترًا أو تطبيقًا بسيطًا.,كتابة أو إملاء الوجبات التي تناولها.,استخدم صورًا للوجبات بدل الكتابة إن كان أسهل.,الإملاء لك، المشاركة في الكتابة، الكتابة بمفرده.,يتذكر تفاصيل أكثر من تلقاء نفسه.,الانتقال إلى مناقشة الأخصائي حول النظام الغذائي.,دفتر أو تطبيق تسجيل بسيط.,معتمد مبدئيًا,Pasted text (3)(5).txt
HEALTH-051-CARD002,HEALTH-051-OP002,ليشارك برأيه في محادثة تخصه مباشرة.,ذكّره أن رأيه في الطعام الذي يحبه مهم للأخصائي.,الاستماع للأخصائي، مشاركة رأيه وتفضيلاته.,جهّز معه نقاطًا بسيطة عن أطعمته المفضلة قبل الموعد.,المساعدة في المناقشة، المشاركة الجزئية بمفرده، المشاركة الكاملة بثقة.,يشارك برأيه بثقة متزايدة.,موعد الاستشارة مكتمل.,نقاط مكتوبة عن التفضيلات الغذائية.,معتمد مبدئيًا,Pasted text (3)(5).txt
HEALTH-052-CARD001,HEALTH-052-OP001,ليساهم بخطوة عملية بسيطة تسبق الفحص.,ذكّره أن هذه خطوة معتادة في كل زيارة.,خلع الحذاء، خلع الجوارب.,استخدم حذاء وجوارب سهلة الخلع لموعد الفحص.,المساعدة في الخلع، الخلع بمفرده، الخلع الكامل بثقة.,يخلع الحذاء والجوارب بثبات متزايد.,الانتقال إلى عرض القدمين على الطبيب.,حذاء وجوارب سهلة الخلع.,معتمد مبدئيًا,Pasted text (3)(5).txt
HEALTH-052-CARD002,HEALTH-052-OP002,ليشارك بجسده في فحص روتيني يخص متابعته الصحية.,الطبيب هو من يجري الفحص بالكامل.,رفع القدمين، الثبات أثناء الفحص.,اطمئنه أن الفحص غير مؤلم وسريع.,المشاركة بحضورك وطمأنته، العرض بمفرده بثقة، الثبات الكامل بهدوء.,يعرض قدميه بهدوء متزايد.,الفحص مكتمل، وارتداء الحذاء من جديد.,لا يتطلب أدوات دعم إضافية.,معتمد مبدئيًا,Pasted text (3)(5).txt
HEALTH-053-CARD001,HEALTH-053-OP001,ليشارك في خطوة تخص متابعته الصحية.,جهّز الاستمارة والبطاقات المطلوبة.,التوجه للمختبر، الدخول.,رافقه أول مرة لمعرفة المكان.,المرافقة أثناء التوجه، التوجه بمساعدة، التوجه بمفرده.,يتوجه للمختبر بثبات متزايد.,الانتقال إلى سحب عينة الدم.,لا يتطلب أدوات دعم إضافية.,معتمد مبدئيًا,Pasted text (3)(5).txt
HEALTH-053-CARD002,HEALTH-053-OP002,ليشارك بجسده في إجراء روتيني تحت إشراف الفريق الطبي بالكامل.,الممرض هو من يجري السحب بالكامل.,كشف الذراع، الثبات أثناء الإجراء.,اتفق معه على تقنية تشتيت بسيطة إن ساعده ذلك.,المشاركة بحضورك وطمأنته، الكشف بمفرده بثقة، الثبات الكامل بهدوء.,يثبت بهدوء متزايد.,الفحص مكتمل، والانتظار للنتائج.,تقنية تشتيت بسيطة متفق عليها.,معتمد مبدئيًا,Pasted text (3)(5).txt
HEALTH-054-CARD001,HEALTH-054-OP001,ليشارك بجسده في إجراء روتيني تحت إشراف الفريق الطبي بالكامل.,الممرض هو من يجري السحب بالكامل.,كشف الذراع، الثبات أثناء الإجراء.,اتفق معه على تقنية تشتيت بسيطة إن ساعده ذلك.,المشاركة بحضورك وطمأنته، الكشف بمفرده بثقة، الثبات الكامل بهدوء.,يثبت بهدوء متزايد.,الانتقال إلى استلام النتائج لاحقاً.,تقنية تشتيت بسيطة متفق عليها.,معتمد مبدئيًا,Pasted text (3)(5).txt
HEALTH-054-CARD002,HEALTH-054-OP002,ليساهم في استلام معلومة تخص متابعته الصحية.,حدد له موعد استلام النتائج.,التوجه للمختبر، استلام النتائج.,رافقه أول مرة لمعرفة الخطوة.,المساعدة في الاستلام، الاستلام بمفرده، الاستلام الكامل بثقة.,يستلم النتائج بثقة متزايدة.,الفحص مكتمل بالكامل.,لا يتطلب أدوات دعم إضافية.,معتمد مبدئيًا,Pasted text (3)(5).txt
HEALTH-055-CARD001,HEALTH-055-OP001,ليشارك بجسده في إجراء روتيني تحت إشراف الفريق الطبي بالكامل.,الممرض هو من يجري السحب بالكامل، وقد يكون التوقيت محددًا (صباحًا مثلًا).,الوصول في الوقت المحدد، كشف الذراع، الثبات أثناء الإجراء.,راجع معه موعد الوصول المحدد مسبقًا.,المشاركة بحضورك وطمأنته، الكشف بمفرده بثقة، الثبات الكامل بهدوء.,يثبت بهدوء متزايد في الموعد المحدد.,الفحص مكتمل، والانتظار للنتائج.,تذكير بموعد الوصول المحدد.,معتمد مبدئيًا,Pasted text (3)(5).txt
HEALTH-056-CARD001,HEALTH-056-OP001,ليشارك بجسده في فحص روتيني تحت إشراف الطبيب الكامل.,الطبيب هو من يجري الفحص بالكامل.,كشف المكان المطلوب برفق.,جهّز ملابس سهلة الكشف عن الذراع أو الظهر.,المشاركة بحضورك وطمأنته، الكشف بمفرده بثقة، الثبات الكامل بهدوء.,يكشف المكان بهدوء متزايد.,الانتقال إلى الانتظار لملاحظة تفاعل الجلد.,ملابس سهلة الكشف.,معتمد مبدئيًا,Pasted text (3)(5).txt
HEALTH-056-CARD002,HEALTH-056-OP002,ليشارك في متابعة فحص يخص صحته.,جهّز نشاطًا هادئًا بسيطًا لملء وقت الانتظار.,الجلوس بهدوء، الانتظار للمدة المحددة.,استخدم نشاطًا يستمتع به يمكن ممارسته وهو جالس.,المرافقة أثناء الانتظار، الانتظار بمفرده قريبًا منك، الانتظار المستقل.,ينتظر بهدوء متزايد.,الفحص مكتمل، وقراءة النتيجة مع الطبيب.,نشاط انتظار هادئ بسيط.,معتمد مبدئيًا,Pasted text (3)(5).txt
HEALTH-057-CARD001,HEALTH-057-OP001,ليشارك بجسده في إجراء روتيني تحت إشراف الفريق الطبي بالكامل.,الممرض هو من يجري السحب بالكامل.,كشف الذراع، الثبات أثناء الإجراء.,اتفق معه على تقنية تشتيت بسيطة إن ساعده ذلك.,المشاركة بحضورك وطمأنته، الكشف بمفرده بثقة، الثبات الكامل بهدوء.,يثبت بهدوء متزايد.,الفحص مكتمل، والانتظار للنتائج.,تقنية تشتيت بسيطة متفق عليها.,معتمد مبدئيًا,Pasted text (3)(5).txt
HEALTH-058-CARD001,HEALTH-058-OP001,ليشارك في خطوة تخص متابعة نومه.,جهّز أغراضه المعتادة لليلة المبيت إن لزم.,التوجه للمركز، الدخول.,رافقه أول مرة لمعرفة المكان.,المرافقة أثناء التوجه، التوجه بمساعدة، التوجه بمفرده.,يتوجه للمركز بثبات متزايد.,الانتقال إلى السماح بتوصيل أجهزة القياس قبل النوم.,لا يتطلب أدوات دعم إضافية.,معتمد مبدئيًا,Pasted text (3)(5).txt
HEALTH-058-CARD002,HEALTH-058-OP002,ليشارك بجسده في متابعة روتينية تخص نومه تحت إشراف الفريق المختص.,الفريق المختص هو من يوصّل الأجهزة بالكامل.,الاستلقاء، السماح بتوصيل الأجهزة برفق.,اعرض عليه شكل الأجهزة مسبقًا لتقليل المفاجأة.,المشاركة بحضورك وطمأنته، التعاون بمفرده بثقة، التعاون الكامل بهدوء.,يتعاون مع التوصيل بهدوء متزايد.,الجلسة تبدأ تحت إشراف الفريق المختص طوال الليل.,عرض مسبق لشكل الأجهزة.,معتمد مبدئيًا,Pasted text (3)(5).txt
HEALTH-059-CARD001,HEALTH-059-OP001,ليشارك بجسده في فحص روتيني يخص صحة جلده.,الطبيب هو من يجري الفحص بالكامل.,الإشارة لمكان الشامة، السماح بالفحص.,اطمئنه أن الفحص غير مؤلم وسريع.,المشاركة بحضورك وطمأنته، الإشارة بمفرده بثقة، المشاركة الكاملة بهدوء.,يشير للمكان بثقة متزايدة.,الفحص مكتمل، والعودة للمنزل.,لا يتطلب أدوات دعم إضافية.,معتمد مبدئيًا,Pasted text (3)(5).txt
HEALTH-060-CARD001,HEALTH-060-OP001,ليساهم في دعم أخيه الصغير خلال زيارة تخصه.,ذكّره بدوره كأخ كبير مساند.,المشي بجانب الطفل، الجلوس معه في الانتظار.,اطلب منه الإمساك بيد أخيه إن كان ذلك مريحًا.,المرافقة بحضوره، المساعدة الجزئية، المرافقة الكاملة.,يقدّم حضورًا داعمًا لأخيه.,الانتقال إلى تشجيع الطفل على فتح فمه للفحص.,لا يتطلب أدوات دعم إضافية.,معتمد مبدئيًا,Pasted text (3)(5).txt
HEALTH-060-CARD002,HEALTH-060-OP002,ليساهم بدور داعم لأخيه خلال لحظة قد تكون مخيفة له.,جهّز معه كلمات تشجيع بسيطة.,الجلوس بجانب الطفل، تشجيعه بابتسامة أو كلمة.,اقترح عليه جملة تشجيع بسيطة يكررها.,المساعدة في التشجيع، التشجيع بمفرده، الدعم الكامل بثقة.,يشجّع أخاه بثقة متزايدة.,فحص الطفل مكتمل، والعودة معًا للمنزل.,جملة تشجيع جاهزة.,معتمد مبدئيًا,Pasted text (3)(5).txt
HEALTH-061-CARD001,HEALTH-061-OP001,ليشارك في متابعة روتينية تخص أسنانه.,ذكّره بهدوء أن هذه زيارة معتادة.,الجلوس، فتح الفم عند الطلب، الثبات أثناء التعديل.,اتفق معه على إشارة بسيطة إذا احتاج استراحة.,المشاركة بحضورك وطمأنته، الجلوس بمفرده بثقة، الثبات الكامل بهدوء.,يثبت بهدوء متزايد أثناء التعديل.,موعد التقويم مكتمل، والعودة للمنزل.,إشارة استراحة متفق عليها.,معتمد مبدئيًا,Pasted text (3)(5).txt
HEALTH-062-CARD001,HEALTH-062-OP001,ليساهم في دعم أخيه الصغير خلال زيارة تخصه.,ذكّره بدوره كأخ كبير مساند.,المشي بجانب الطفل، الجلوس معه في الانتظار.,اطلب منه الإمساك بيد أخيه إن كان ذلك مريحًا.,المرافقة بحضوره، المساعدة الجزئية، المرافقة الكاملة.,يقدّم حضورًا داعمًا لأخيه.,الانتقال إلى مساعدة الطفل في تغطية إحدى العينين للفحص.,لا يتطلب أدوات دعم إضافية.,معتمد مبدئيًا,Pasted text (3)(5).txt
HEALTH-062-CARD002,HEALTH-062-OP002,ليساهم بدور عملي بسيط يدعم أخيه خلال الفحص.,اعرض عليه غطاء العين المستخدم في الفحص.,المساعدة في وضع الغطاء على عين الطفل برفق.,جرّب الخطوة معه على نفسه أولًا كمثال مطمئن للطفل.,المساعدة في الوضع، المساعدة الجزئية، المساعدة الكاملة بثقة.,يساعد أخاه بثبات ولطف متزايد.,فحص الطفل مكتمل، والعودة معًا للمنزل.,تجربة مسبقة على نفسه كمثال.,معتمد مبدئيًا,Pasted text (3)(5).txt
HEALTH-063-CARD001,HEALTH-063-OP001,ليساهم في دعم أسرته خلال زيارة تخص أخيه الرضيع.,ذكّره بدوره الهادئ في هذه الزيارة.,الجلوس بجانب الأسرة، تقديم حضور هادئ.,اطلب منه المساعدة بحمل حقيبة الرضيع البسيطة إن رغب.,المرافقة بحضوره، المساعدة الجزئية، المرافقة الكاملة.,يقدّم حضورًا هادئًا وداعمًا.,فحص الرضيع مكتمل، والعودة معًا للمنزل.,لا يتطلب أدوات دعم إضافية.,معتمد مبدئيًا,Pasted text (3)(5).txt
HEALTH-064-CARD001,HEALTH-064-OP001,ليشارك في خطوة تخص مرحلة مهمة من حياته.,جهّز الأوراق المطلوبة للفحص.,التوجه للمركز، إجراء التحاليل المطلوبة.,رافقه أول مرة لمعرفة الخطوات.,المرافقة أثناء التوجه، التوجه بمساعدة، التوجه بمفرده.,يتوجه للمركز بثبات متزايد.,الفحص مكتمل، والانتظار للنتائج.,لا يتطلب أدوات دعم إضافية.,معتمد مبدئيًا,Pasted text (3)(5).txt
HEALTH-065-CARD001,HEALTH-065-OP001,ليساهم في دعم فرد من أسرته خلال زيارة مهمة.,ذكّره بدوره الهادئ والداعم.,الجلوس في الانتظار، تقديم حضور هادئ.,جهّز نشاطًا هادئًا بسيطًا لملء وقت الانتظار.,المرافقة بحضوره، الانتظار بمفرده قريبًا، المرافقة الكاملة.,يقدّم حضورًا هادئًا وداعمًا.,الموعد مكتمل، والعودة معًا للمنزل.,نشاط انتظار هادئ بسيط.,معتمد مبدئيًا,Pasted text (3)(5).txt
HEALTH-066-CARD001,HEALTH-066-OP001,ليشارك في لحظة مميزة تخص أسرته.,ذكّره أن هذه لحظة سعيدة للأسرة.,الجلوس بجانب الأسرة، مشاهدة الشاشة.,اشرح له بهدوء ما سيراه على الشاشة بشكل عام.,المرافقة بحضوره، المشاهدة بمفرده قريبًا، المشاركة الكاملة في اللحظة.,يشارك في اللحظة بفرح وهدوء متزايد.,الموعد مكتمل، وموعد المتابعة القادم.,لا يتطلب أدوات دعم إضافية.,معتمد مبدئيًا,Pasted text (3)(5).txt
HEALTH-067-CARD001,HEALTH-067-OP001,ليساهم في تنظيم متابعة صحية دورية تخص الأسرة.,جهّز رقم العيادة.,الاتصال، طلب حجز الموعد الدوري.,جهّز نقاطًا مكتوبة للمكالمة.,المرافقة أثناء الاتصال، المشاركة بجملة واحدة، الاتصال الكامل بمفرده.,يحجز الموعد بثقة متزايدة.,الموعد محجوز ومسجّل في التقويم.,نقاط مكتوبة للمكالمة.,معتمد مبدئيًا,Pasted text (3)(5).txt
HEALTH-068-CARD001,HEALTH-068-OP001,ليساهم في تنظيم متابعة صحية وقائية تخص الأسرة.,جهّز رقم العيادة.,الاتصال لحجز الموعد، التوجه للعيادة في موعده.,جهّز نقاطًا مكتوبة للمكالمة.,المرافقة أثناء الحجز، المشاركة بجملة واحدة، الحجز الكامل بمفرده.,يحجز الموعد بثقة متزايدة.,الفحص مكتمل، والانتظار للنتائج.,نقاط مكتوبة للمكالمة.,معتمد مبدئيًا,Pasted text (3)(5).txt
HEALTH-069-CARD001,HEALTH-069-OP001,ليساهم في تنظيم متابعة صحية وقائية تخص الأسرة.,جهّز موعد الفحص مسبقًا.,التوجه للمركز في الموعد المحدد.,راجع معه الموعد على التقويم مسبقًا.,المرافقة أثناء التوجه، التوجه بمساعدة، التوجه بمفرده.,يتوجه للمركز في وقته بثبات متزايد.,الفحص مكتمل، والانتظار للنتائج.,تقويم بموعد الفحص.,معتمد مبدئيًا,Pasted text (3)(5).txt
HEALTH-070-CARD001,HEALTH-070-OP001,ليشارك بجسده في فحص وقائي روتيني تحت إشراف الفريق الطبي الكامل.,الممرض هو من يجري السحب بالكامل.,كشف الذراع، الثبات أثناء الإجراء.,اتفق معه على تقنية تشتيت بسيطة إن ساعده ذلك.,المشاركة بحضورك وطمأنته، الكشف بمفرده بثقة، الثبات الكامل بهدوء.,يثبت بهدوء متزايد.,الفحص مكتمل، والانتظار للنتائج.,تقنية تشتيت بسيطة متفق عليها.,معتمد مبدئيًا,Pasted text (3)(5).txt
HEALTH-071-CARD001,HEALTH-071-OP001,ليشارك في خطوة تحضيرية روتينية تخص الفحص.,الطبيب هو من يحدد المحلول والتوقيت بالكامل.,تناول المحلول وفق التعليمات المحددة من الطبيب.,راجع معه جدول التناول المحدد من الطبيب مسبقًا.,المساعدة في المتابعة، المتابعة بمفرده وفق الجدول، المتابعة الكاملة بثقة.,يتبع الجدول المحدد بثبات متزايد.,الانتقال إلى الذهاب للمستشفى لإجراء المنظار.,جدول تناول محدد من الطبيب.,معتمد مبدئيًا,Pasted text (3)(5).txt
HEALTH-071-CARD002,HEALTH-071-OP002,ليشارك في خطوة تخص متابعته الصحية.,ذكّره بهدوء أن الفريق الطبي معه طوال الإجراء.,التوجه للمستشفى في الموعد المحدد.,راجع معه الجدول الزمني لليوم مسبقًا.,المرافقة أثناء التوجه، التوجه بمساعدة، التوجه بمفرده.,يتوجه في الموعد بهدوء متزايد.,الفحص مكتمل تحت إشراف الفريق الطبي الكامل.,جدول زمني بسيط لليوم.,معتمد مبدئيًا,Pasted text (3)(5).txt
HEALTH-072-CARD001,HEALTH-072-OP001,ليشارك بجسده في فحص روتيني يخص قدرته التنفسية.,الفريق الطبي هو من يوجّه طريقة النفخ.,إمساك الجهاز، النفخ وفق التوجيه.,جرّب النفخ في جهاز مشابه أو بالون كمثال مسبق.,المشاركة بحضورك وطمأنته، النفخ بمفرده بثقة، المشاركة الكاملة وفق التوجيه.,ينفخ بثبات متزايد وفق التوجيه.,الفحص مكتمل، وقراءة النتيجة مع الطبيب.,تجربة نفخ مسبقة (بالون مثلًا).,معتمد مبدئيًا,Pasted text (3)(5).txt
HEALTH-073-CARD001,HEALTH-073-OP001,ليشارك بجسده في فحص روتيني تحت إشراف الفريق الطبي الكامل.,الفريق الطبي هو من يجري الفحص بالكامل.,الاستلقاء في الوضعية المطلوبة، الثبات لثوانٍ.,اطمئنه أن الفحص سريع وغير مؤلم.,المشاركة بحضورك وطمأنته، الاستلقاء بمفرده بثقة، الثبات الكامل بهدوء.,يثبت بهدوء متزايد.,الفحص مكتمل، والانتظار للنتائج.,لا يتطلب أدوات دعم إضافية.,معتمد مبدئيًا,Pasted text (3)(5).txt
HEALTH-074-CARD001,HEALTH-074-OP001,ليشارك بجسده في فحص روتيني تحت إشراف الفريق الطبي الكامل.,الفريق الطبي هو من يجري الفحص بالكامل.,الاستلقاء، الثبات أثناء تمرير الجهاز.,اطمئنه أن الجهاز بارد قليلًا وغير مؤلم.,المشاركة بحضورك وطمأنته، الاستلقاء بمفرده بثقة، الثبات الكامل بهدوء.,يثبت بهدوء متزايد.,الفحص مكتمل، وقراءة النتيجة مع الطبيب.,لا يتطلب أدوات دعم إضافية.,معتمد مبدئيًا,Pasted text (3)(5).txt
HEALTH-075-CARD001,HEALTH-075-OP001,ليشارك بجسده في فحص روتيني تحت إشراف الفريق الطبي الكامل.,الفريق الطبي هو من يوصّل الأسلاك بالكامل.,الجلوس، السماح بتوصيل الأسلاك برفق.,اعرض عليه شكل الأسلاك مسبقًا لتقليل المفاجأة.,المشاركة بحضورك وطمأنته، التعاون بمفرده بثقة، التعاون الكامل بهدوء.,يتعاون مع التوصيل بهدوء متزايد.,الفحص مكتمل تحت إشراف الفريق الطبي.,عرض مسبق لشكل الأسلاك.,معتمد مبدئيًا,Pasted text (3)(5).txt
HEALTH-076-CARD001,HEALTH-076-OP001,ليشارك بجسده في فحص روتيني تحت إشراف الفريق الطبي الكامل.,الفريق الطبي هو من يجري الفحص بالكامل.,الجلوس أو الاستلقاء، الثبات أثناء الفحص.,اتفق معه على تقنية تنفس بسيطة تساعده على الثبات.,المشاركة بحضورك وطمأنته، الثبات بمفرده بثقة، المشاركة الكاملة بهدوء.,يثبت بهدوء متزايد.,الفحص مكتمل، والانتظار للنتائج.,تقنية تنفس بسيطة متفق عليها.,معتمد مبدئيًا,Pasted text (3)(5).txt
HEALTH-077-CARD001,HEALTH-077-OP001,ليشارك بجسده في فحص روتيني يخص صحة عينيه.,الطبيب هو من يجري الفحص بالكامل.,وضع الذقن على مسند الجهاز، النظر بثبات.,اطمئنه أن نفخة الهواء الخفيفة جزء طبيعي من الفحص.,المشاركة بحضورك وطمأنته، الوضع بمفرده بثقة، الثبات الكامل بهدوء.,يثبت بهدوء متزايد.,الفحص مكتمل، والعودة للمنزل.,لا يتطلب أدوات دعم إضافية.,معتمد مبدئيًا,Pasted text (3)(5).txt
HEALTH-078-CARD001,HEALTH-078-OP001,ليشارك بنفسه في فحص يخص قدرته البصرية.,جرّب الإشارة معه مرة قبل بدء الفحص.,الانتباه للضوء، الضغط على الزر عند رؤيته.,استخدم زرًا كبيرًا وسهل الضغط.,المساعدة في الضغط، الضغط بمفرده، المشاركة الكاملة بثقة.,يضغط الزر عند رؤية الضوء بثقة متزايدة.,الفحص مكتمل، والعودة للمنزل.,تجربة الإشارة قبل الفحص.,معتمد مبدئيًا,Pasted text (3)(5).txt
HEALTH-079-CARD001,HEALTH-079-OP001,ليشارك برأيه في اختيار يخصه شخصيًا.,اشرح له أن رأيه هو الأهم في هذا الفحص.,النظر عبر كل عدسة، الإخبار بأيها أوضح.,اطلب منه المقارنة بين خيارين فقط في كل مرة.,المساعدة في المقارنة، المقارنة بمفرده، الاختيار الكامل بثقة.,يعبّر عن رأيه بوضوح متزايد.,النظارة المناسبة محددة وجاهزة للطلب.,لا يتطلب أدوات دعم إضافية.,معتمد مبدئيًا,Pasted text (3)(5).txt
HEALTH-080-CARD001,HEALTH-080-OP001,ليساهم في استلام ما يخصه بنفسه.,تأكد من حضورك أثناء الاستلام.,استلام العلبة من الطبيب.,رافقه أول مرة لمعرفة طريقة الاستلام.,المساعدة في الاستلام، الاستلام بمفرده، الاستلام الكامل بثقة.,يستلم العلبة بثقة متزايدة.,الانتقال إلى التدرب على وضعها وإزالتها.,لا يتطلب أدوات دعم إضافية.,معتمد مبدئيًا,Pasted text (3)(5).txt
HEALTH-080-CARD002,HEALTH-080-OP002,ليشارك بجسده في خطوة روتينية تخص عنايته اليومية بعينيه تحت إشراف الطبيب.,الطبيب أو الأخصائي هو من يوجّه هذه الخطوة مباشرة.,المحاولة وفق توجيه الطبيب المباشر خطوة بخطوة.,اطلب من الطبيب تكرار الشرح ببطء إن احتاج ذلك.,المشاركة تحت إشراف الطبيب الكامل دائمًا.,يتفاعل مع توجيه الطبيب بثقة متزايدة.,الانتقال إلى فحص ومتابعة العدسات اللاصقة دوريًا.,إشراف الطبيب المباشر طوال الخطوة.,معتمد مبدئيًا,Pasted text (3)(5).txt
HEALTH-081-CARD001,HEALTH-081-OP001,ليشارك في متابعة روتينية تخص عنايته اليومية.,جهّز موعد الزيارة الدورية.,التوجه للعيادة في الموعد المحدد.,راجع معه الموعد على التقويم مسبقًا.,المرافقة أثناء التوجه، التوجه بمساعدة، التوجه بمفرده.,يتوجه للعيادة في وقته بثبات متزايد.,الفحص مكتمل، والعودة للمنزل.,تقويم بموعد الزيارة الدورية.,معتمد مبدئيًا,Pasted text (3)(5).txt
HEALTH-082-CARD001,HEALTH-082-OP001,ليمارس تواصلًا مباشرًا خلال نشاط بسيط تحت متابعة الأسرة.,أنت من يحدد الدواء المطلوب مسبقًا معه.,التوجه للصيدلي، ذكر اسم الدواء الذي حددته أنت.,جهّز بطاقة مكتوبة باسم الدواء الذي حددته.,المرافقة أثناء الطلب، الطلب بمساعدتك، الطلب بمفرده لما حددته أنت.,يطلب الدواء المحدد بثقة متزايدة.,الانتقال إلى دفع قيمة الدواء.,بطاقة طلب مكتوبة مسبقًا من قبلك.,معتمد مبدئيًا,Pasted text (3)(5).txt
HEALTH-082-CARD002,HEALTH-082-OP002,ليختم عملية الشراء بخطوة إتمام بسيطة.,جهّز المبلغ معه مسبقًا.,تسليم المبلغ للصيدلي.,جهّز المبلغ بالضبط لتبسيط الحساب.,المساعدة في التسليم، التسليم بمفرده، الدفع الكامل بثقة.,يسلّم المبلغ بثقة متزايدة.,الدواء جاهز للعودة به للمنزل تحت متابعتك.,مبلغ مجهّز مسبقًا.,معتمد مبدئيًا,Pasted text (3)(5).txt
HEALTH-083-CARD001,HEALTH-083-OP001,ليمارس تواصلًا مباشرًا للحصول على معلومة يحتاجها.,جهّز معه السؤال، وابقَ حاضرًا لمتابعة الإجابة.,طرح السؤال على الصيدلي.,جهّز بطاقة مكتوبة بالسؤال إن كان التحدث صعبًا.,المرافقة أثناء السؤال، السؤال بمساعدتك، السؤال بمفرده.,يطرح سؤاله بثقة متزايدة.,الإجابة تصل للأسرة لتطبيقها معًا وفق توجيه الصيدلي.,بطاقة سؤال مكتوبة مسبقًا.,معتمد مبدئيًا,Pasted text (3)(5).txt
HEALTH-084-CARD001,HEALTH-084-OP001,ليمارس تواصلًا مباشرًا خلال مهمة روتينية تخص صحته.,جهّز معه جملة بسيطة للطلب.,التوجه للصيدلية، طلب صرف الدواء المعتاد.,جهّز بطاقة مكتوبة بالطلب.,المرافقة أثناء الطلب، الطلب بمساعدتك، الطلب بمفرده.,يطلب الدواء بثقة متزايدة.,الدواء جاهز للعودة به للمنزل.,بطاقة طلب مكتوبة مسبقًا.,معتمد مبدئيًا,Pasted text (3)(5).txt
HEALTH-085-CARD001,HEALTH-085-OP001,ليساهم في توثيق معلومة تفيد متابعته الصحية.,جهّز دفترًا أو تطبيقًا بسيطًا للتدوين.,كتابة أو إملاء ما يلاحظه من تغيّرات.,استخدم رموزًا بسيطة (وجه سعيد/حزين) بدل الكتابة الطويلة.,الإملاء لك، المشاركة في الكتابة، الكتابة بمفرده.,يعبّر عما يشعر به بوضوح متزايد.,الملاحظات جاهزة لمشاركتها مع الطبيب في الموعد القادم.,دفتر تدوين برموز بسيطة.,معتمد مبدئيًا,Pasted text (3)(5).txt
HEALTH-086-CARD001,HEALTH-086-OP001,ليشارك برأيه في محادثة تخصه مباشرة، مع بقاء القرار الطبي للطبيب دائمًا.,جهّز معه ملاحظاته حول الدواء ليشاركها.,الاستماع للطبيب، مشاركة ما لاحظه من تأثير الدواء.,استخدم الملاحظات المدونة مسبقًا كمرجع أثناء الحديث.,المساعدة في المشاركة، المشاركة الجزئية بمفرده، المشاركة الكاملة بثقة.,يشارك ملاحظاته بثقة متزايدة.,القرار الطبي النهائي يحدده الطبيب، والالتزام به معًا كأسرة.,ملاحظات مدونة مسبقًا.,معتمد مبدئيًا,Pasted text (3)(5).txt
HEALTH-087-CARD001,HEALTH-087-OP001,ليشارك في خطوة رعاية صحية موسمية تخص الأسرة.,ذكّره بهدوء أن هذا إجراء معتاد وآمن.,التوجه للمركز، السماح بالتطعيم.,رافقه أول مرة لمعرفة الخطوات.,المشاركة بحضورك وطمأنته، التعاون بمفرده بثقة، المشاركة الكاملة بهدوء.,يتعاون مع الإجراء بهدوء متزايد.,التطعيم مكتمل، والعودة للمنزل.,لا يتطلب أدوات دعم إضافية.,معتمد مبدئيًا,Pasted text (3)(5).txt
HEALTH-088-CARD001,HEALTH-088-OP001,ليساهم في دعم أخيه الصغير خلال زيارة تخصه.,ذكّره بدوره كأخ كبير مساند وهادئ.,المشي بجانب الطفل، الجلوس معه في الانتظار.,اطلب منه الإمساك بيد أخيه إن كان ذلك مريحًا.,المرافقة بحضوره، المساعدة الجزئية، المرافقة الكاملة.,يقدّم حضورًا داعمًا وهادئًا لأخيه.,تطعيم الطفل مكتمل، والعودة معًا للمنزل.,لا يتطلب أدوات دعم إضافية.,معتمد مبدئيًا,Pasted text (3)(5).txt
HEALTH-089-CARD001,HEALTH-089-OP001,ليساهم في تجهيز أوراق تخص أخيه قبل موعد مهم.,حدد مكان حفظ دفتر التطعيمات.,إحضار الدفتر، وضعه في حقيبة الطفل.,خصص مكانًا ثابتًا لدفتر التطعيمات.,المساعدة في التجهيز، التجهيز بمفرده، التجهيز الكامل.,يجهز الدفتر بثقة متزايدة.,الدفتر جاهز للموعد.,مكان ثابت لدفتر التطعيمات.,معتمد مبدئيًا,Pasted text (3)(5).txt
HEALTH-090-CARD001,HEALTH-090-OP001,ليشارك في خطوة استعداد تخص رحلة تنتظرها الأسرة.,ذكّره بهدوء أن هذا استعداد معتاد قبل السفر.,التوجه للمركز، السماح بالتطعيمات المحددة من الطبيب.,اربط الموعد بترقب الرحلة القادمة.,المشاركة بحضورك وطمأنته، التعاون بمفرده بثقة، المشاركة الكاملة بهدوء.,يتعاون مع الإجراء بهدوء متزايد.,الاستعداد مكتمل، والانتظار لموعد السفر.,لا يتطلب أدوات دعم إضافية.,معتمد مبدئيًا,Pasted text (3)(5).txt
HEALTH-091-CARD001,HEALTH-091-OP001,ليشارك في متابعة صحية تخص أوراق الأسرة الرسمية.,جهّز الأوراق المطلوبة من شركة التأمين.,التوجه للعيادة، المشاركة في الفحوصات حسب توجيه الفريق الطبي.,اشرح له بهدوء أن هذه فحوصات روتينية معتادة.,المرافقة أثناء الفحوصات، المشاركة الجزئية بثقة، المشاركة الكاملة ضمن إشراف الفريق الطبي.,يتفاعل مع الفحوصات بهدوء متزايد.,الفحص مكتمل، والأوراق جاهزة للتأمين.,لا يتطلب أدوات دعم إضافية.,معتمد مبدئيًا,Pasted text (3)(5).txt
HEALTH-092-CARD001,HEALTH-092-OP001,ليساهم في تجهيز أوراق تخص نشاطه الرياضي.,جهّز الاستمارة في متناول يده.,التوجه للطبيب، تقديم الاستمارة.,رافقه أول مرة لمعرفة الخطوة.,المساعدة في التقديم، التقديم بمفرده، التقديم الكامل بثقة.,يقدّم الاستمارة بثقة متزايدة.,الاستمارة جاهزة للنشاط الرياضي القادم.,لا يتطلب أدوات دعم إضافية.,معتمد مبدئيًا,Pasted text (3)(5).txt
HEALTH-093-CARD001,HEALTH-093-OP001,ليشارك في خطوة تخص متابعته الصحية بعد حادث بسيط.,حافظ على هدوئك ليشعر بالطمأنينة.,التوجه للعيادة، السماح بالكشف على مكان الإصابة.,اطمئنه أن الطبيب سيتحقق من كل شيء بعناية.,المشاركة بحضورك وطمأنته، الكشف بمفرده بثقة، المشاركة الكاملة بهدوء.,يتعاون مع الكشف بهدوء متزايد.,الفحص مكتمل، ومتابعة توجيهات الطبيب.,لا يتطلب أدوات دعم إضافية.,معتمد مبدئيًا,Pasted text (3)(5).txt
HEALTH-094-CARD001,HEALTH-094-OP001,ليمارس تواصلًا مباشرًا خلال مهمة تخص صحة الأسرة.,جهّز معه جملة بسيطة لطلب الزيارة.,الاتصال بالخدمة، طلب موعد الزيارة.,جهّز نقاطًا مكتوبة (العنوان، سبب الطلب) للمكالمة.,المرافقة أثناء الاتصال، المشاركة بجملة واحدة، الاتصال الكامل بمفرده.,يتواصل مع الخدمة بثقة متزايدة.,الزيارة محجوزة، والانتظار للطبيب أو الممرض.,نقاط مكتوبة للمكالمة.,معتمد مبدئيًا,Pasted text (3)(5).txt
HEALTH-095-CARD001,HEALTH-095-OP001,ليساهم في موقف طارئ يخص أسرته إن كان مستعدًا وقادرًا.,إن كان الموقف حرجًا، تولَّ أنت الاتصال؛ يمكنه المشاركة إن كان الموقف يسمح.,الاتصال برقم الطوارئ، ذكر العنوان بوضوح إن كان مستعدًا.,احفظ العنوان مكتوبًا في مكان ثابت وسهل الوصول لحالات الطوارئ.,أنت تتولى الاتصال، مشاركة بذكر العنوان إن كان مستعدًا، حسب طبيعة الموقف.,يساهم بالقدر الذي يسمح به الموقف.,الانتظار لوصول فريق الإسعاف.,عنوان المنزل مكتوب وثابت.,معتمد مبدئيًا,Pasted text (3)(5).txt
HEALTH-096-CARD001,HEALTH-096-OP001,ليساهم بخطوة عملية بسيطة تخص سلامة الأسرة.,حدد مكان حقيبة الإسعافات الثابت.,إحضار الحقيبة، تسليمها للشخص المسؤول عن الإسعاف.,خصص مكانًا ثابتًا ومعروفًا للحقيبة.,المساعدة في الإحضار، الإحضار بمفرده، التسليم الكامل بثقة.,يحضر الحقيبة بسرعة وثقة متزايدة.,الإسعاف الأولي يُجرى من قِبل شخص مسؤول ومؤهل بالأسرة.,مكان ثابت ومعروف للحقيبة.,معتمد مبدئيًا,Pasted text (3)(5).txt
HEALTH-097-CARD001,HEALTH-097-OP001,ليقدّم دعمًا لفرد من أسرته خلال موقف يحتاج تعاونًا سريعًا.,حدد معه دوره البسيط والآمن في المساعدة.,فتح الباب، المساعدة البسيطة حسب توجيه البالغين.,اقتصر دوره على فتح الأبواب أو حمل غرض خفيف.,فتح الباب فقط، المساعدة الجزئية بإشراف، المشاركة حسب الموقف والقدرة.,يساهم بهدوء وتعاون متزايد.,التوجه للمستشفى، والانتقال إلى الانتظار في قسم الطوارئ.,لا يتطلب أدوات دعم إضافية.,معتمد مبدئيًا,Pasted text (3)(5).txt
HEALTH-098-CARD001,HEALTH-098-OP001,ليساهم في متابعة روتينية بسيطة تخص صحته أو صحة أسرته.,ضع الميزان في مكان يسهل الوصول له.,إحضار الميزان، تجهيزه.,خصص مكانًا ثابتًا للميزان.,المساعدة في الإحضار، الإحضار بمفرده، التجهيز الكامل.,يحضر الميزان بثبات دون تذكير.,الانتقال إلى قياس الحرارة وقراءة النتيجة.,مكان ثابت للميزان.,معتمد مبدئيًا,Pasted text (3)(5).txt
HEALTH-098-CARD002,HEALTH-098-OP002,ليشارك في متابعة صحية بسيطة تخص أسرته.,اعرض عليه طريقة استخدام الميزان (تحت الإبط مثلًا).,وضع الميزان، الانتظار، قراءة النتيجة.,استخدم ميزانًا بشاشة كبيرة وواضحة.,المساعدة في القياس، القياس بمفرده، القراءة والتسجيل الكامل.,يقيس ويقرأ النتيجة بثقة متزايدة.,النتيجة مسجّلة ومتابَعة مع الأسرة.,ميزان بشاشة كبيرة وواضحة.,معتمد مبدئيًا,Pasted text (3)(5).txt
HEALTH-099-CARD001,HEALTH-099-OP001,ليشارك في متابعة صحية بسيطة تخص أسرته.,اعرض عليه مكان النبض على المعصم.,وضع أصابعه برفق، محاولة الشعور بالنبض بمساعدتك.,جرّب الخطوة على نبضه هو أولًا كمثال مألوف.,المساعدة في الوضع، المحاولة بمفرده بإشرافك، المشاركة الكاملة بثقة.,يشارك في المحاولة بثقة متزايدة.,المتابعة مسجّلة مع الأسرة.,تجربة مسبقة على نبضه الخاص.,معتمد مبدئيًا,Pasted text (3)(5).txt
HEALTH-100-CARD001,HEALTH-100-OP001,ليشارك بجسده في متابعة صحية بسيطة تخص أسرته.,اعرض عليه شكل الجهاز قبل الاستخدام.,وضع إصبعه في الجهاز.,اطمئنه أن الجهاز غير مؤلم على الإطلاق.,المساعدة في الوضع، الوضع بمفرده، الاستخدام الكامل بثقة.,يضع إصبعه بثبات متزايد.,الانتقال إلى قراءة النسبة المعروضة.,لا يتطلب أدوات دعم إضافية.,معتمد مبدئيًا,Pasted text (3)(5).txt
HEALTH-100-CARD002,HEALTH-100-OP002,ليختم المتابعة بخطوة قراءة بسيطة يشارك فيها.,اعرض عليه شاشة الجهاز.,النظر للرقم، إخبارك به.,استخدم جهازًا بشاشة كبيرة وواضحة.,المساعدة في القراءة، القراءة بمفرده، التسجيل الكامل بثقة.,يقرأ الرقم ويخبرك به بثقة متزايدة.,المتابعة مسجّلة مع الأسرة.,جهاز بشاشة كبيرة وواضحة.,معتمد مبدئيًا,Pasted text (3)(5).txt
HEALTH-101-CARD001,HEALTH-101-OP001,ليشارك في روتين علاجي يخص صحته اليومية تحت إشراف الأسرة.,أنت من يحدد الجرعة والتوقيت وفق تعليمات الطبيب دائمًا.,إمساك البخاخ، رجه برفق قبل الاستخدام.,أرِه طريقة الرج مرة واحدة كمثال.,المساعدة في الرج، الرج بمفرده تحت إشرافك، المشاركة الكاملة بإشراف مباشر.,يرج البخاخ بثبات متزايد تحت إشرافك.,الانتقال إلى استنشاق الجرعة المحددة.,تعليمات الطبيب المكتوبة للجرعة والتوقيت.,معتمد مبدئيًا,Pasted text (3)(5).txt
HEALTH-101-CARD002,HEALTH-101-OP002,ليشارك في روتين علاجي يخص تنفسه تحت إشراف مباشر دائم.,ابقَ حاضرًا معه أثناء هذه الخطوة دائمًا.,وضع البخاخ في فمه، الاستنشاق وفق تعليمات الطبيب.,اجعلها جزءًا من روتين ثابت في وقت معتاد.,المراقبة معك، الاستنشاق بحضورك دائمًا، الاستخدام ضمن الروتين المعتاد وبحضورك.,يستخدم الجهاز في وقته المعتاد دون تذكير متكرر.,الروتين اليومي مكتمل حتى الجرعة القادمة.,روتين وقت ثابت للبخاخ.,معتمد مبدئيًا,Pasted text (3)(5).txt
HEALTH-102-CARD001,HEALTH-102-OP001,ليشارك في تجهيز جلسة علاجية تخص صحته تحت إشراف الأسرة الكامل.,أنت من تحدد نوع وكمية الدواء وفق تعليمات الطبيب دائمًا.,مناولتك الدواء المحدد، المساعدة في وضعه في الكأس بإشرافك.,اقتصر دوره على المساعدة في الوضع بينما تتولى أنت تحديد الكمية.,المراقبة معك، المساعدة في الوضع بإشرافك، المشاركة المحدودة بإشراف كامل.,يساعد بثبات ضمن إشرافك المباشر.,الانتقال إلى ارتداء القناع وتشغيل الجهاز.,تعليمات الطبيب المكتوبة للجرعة.,معتمد مبدئيًا,Pasted text (3)(5).txt
HEALTH-102-CARD002,HEALTH-102-OP002,ليشارك في جلسة علاجية روتينية تخص تنفسه.,ابقَ حاضرًا معه طوال الجلسة.,ارتداء القناع، الجلوس بهدوء أثناء عمل الجهاز.,جهّز نشاطًا هادئًا بسيطًا لملء وقت الجلسة (مثل الاستماع لقصة).,المساعدة في الارتداء، الارتداء بمفرده بحضورك، الجلسة الكاملة بحضورك.,يجلس بهدوء متزايد أثناء الجلسة.,الجلسة العلاجية مكتملة حتى الموعد القادم.,نشاط هادئ لملء وقت الجلسة.,معتمد مبدئيًا,Pasted text (3)(5).txt
HEALTH-103-CARD001,HEALTH-103-OP001,ليساهم في راحته أو راحة فرد من أسرته بخطوة بسيطة.,اعرض عليه أزرار التحكم ووظيفة كل زر.,الضغط على الزر المطلوب، ملاحظة الحركة.,استخدم أزرارًا كبيرة برموز واضحة (سهم لأعلى/أسفل).,المساعدة في الضغط، الضغط بمفرده، التحكم الكامل بثقة.,يتحكم بالأزرار بثقة متزايدة.,السرير مضبوط بالوضعية المريحة المطلوبة.,أزرار برموز واضحة.,معتمد مبدئيًا,Pasted text (3)(5).txt
HEALTH-104-CARD001,HEALTH-104-OP001,ليساهم في تجهيز أداة تخص حركته أو حركة فرد من أسرته.,حدد مكان تخزين الأداة.,إحضار الأداة، وضعها في مكان الاستخدام.,خصص مكانًا ثابتًا وقريبًا للأداة.,المساعدة في الإحضار، الإحضار بمفرده، التجهيز الكامل.,يحضر الأداة بثبات دون تذكير.,الأداة جاهزة للاستخدام في الحركة اليومية.,مكان ثابت وقريب للأداة.,معتمد مبدئيًا,Pasted text (3)(5).txt
HEALTH-105-CARD001,HEALTH-105-OP001,ليشارك في روتين رعاية يخص تعافيه تحت إشراف مباشر.,الطبيب أو الممرض هو من يحدد طريقة اللبس بالتفصيل.,ارتداء الضمادة أو الحمالة وفق التوجيه المباشر.,اطلب من الفريق الطبي إعادة الشرح ببطء إن احتاج ذلك.,المشاركة تحت إشراف الفريق الطبي أو إشرافك المباشر دائمًا.,يتفاعل مع الارتداء بثقة متزايدة تحت الإشراف.,الضمادة أو الحمالة جاهزة، والمتابعة وفق التوجيه.,إشراف الفريق الطبي أو إشرافك المباشر.,معتمد مبدئيًا,Pasted text (3)(5).txt
HEALTH-106-CARD001,HEALTH-106-OP001,ليساهم في روتين رعاية بسيط يخص صحته.,أرِه طريقة الإزالة برفق.,إمساك طرف اللاصق، سحبه برفق.,اسحب اللاصق ببطء لتقليل الإزعاج.,المساعدة في الإزالة، الإزالة بمفرده، الإزالة الكاملة بثقة.,يزيل اللاصق بثبات متزايد.,الانتقال إلى وضع اللاصق الجديد على الجرح.,لا يتطلب أدوات دعم إضافية.,معتمد مبدئيًا,Pasted text (3)(5).txt
HEALTH-106-CARD002,HEALTH-106-OP002,ليختم مهمة الاستبدال بخطوة عملية أخيرة.,جهّز اللاصق الجديد في متناول يده.,فتح اللاصق، وضعه على مكان الجرح.,استخدم لاصقًا سهل الفتح والتطبيق.,المساعدة في الوضع، الوضع بمفرده، الوضع الكامل بثقة.,يضع اللاصق بثبات متزايد.,الغيار مكتمل، والانتظار للمرة القادمة.,لاصق طبي سهل الاستخدام.,معتمد مبدئيًا,Pasted text (3)(5).txt
HEALTH-107-CARD001,HEALTH-107-OP001,ليشارك في روتين رعاية يخص تعافيه تحت إشراف مباشر.,أنت من تحدد المادة المستخدمة وتشرف على الخطوة بالكامل.,إمساك المسحة، المسح برفق وفق توجيهك المباشر.,أرِه طريقة المسح مرة واحدة كمثال قبل مشاركته.,المراقبة معك، المسح بمفرده تحت إشرافك المباشر، المشاركة المحدودة بإشراف كامل.,يمسح برفق وثبات متزايد تحت إشرافك.,الجرح نظيف وجاهز للغيار الجديد.,توجيه مباشر منك طوال الخطوة.,معتمد مبدئيًا,Pasted text (3)(5).txt
HEALTH-108-CARD001,HEALTH-108-OP001,ليشارك في روتين رعاية يخص تعافيه تحت إشراف مباشر.,أنت من تحدد نوع المرهم والكمية وفق تعليمات الطبيب دائمًا.,مناولتك المرهم المحدد، الدهن برفق وفق توجيهك المباشر.,أرِه طريقة الدهن مرة واحدة كمثال بإشرافك.,المراقبة معك، الدهن بمفرده تحت إشرافك المباشر، المشاركة المحدودة بإشراف كامل.,يدهن برفق وثبات متزايد تحت إشرافك.,المنطقة معالجة، والمتابعة وفق توجيه الطبيب.,تعليمات الطبيب المكتوبة لنوع المرهم والكمية.,معتمد مبدئيًا,Pasted text (3)(5).txt
HEALTH-109-CARD001,HEALTH-109-OP001,ليساهم في رعاية بسيطة تخص راحته أو راحة فرد من أسرته.,أنت من تحدد نوع الكمادة (باردة أو ساخنة) ومدة الاستخدام.,إحضار الكمادة، وضعها على المكان المحدد.,لفّ الكمادة بقطعة قماش لتجنب ملامسة الجلد مباشرة.,المساعدة في الإحضار والوضع، الوضع بمفرده تحت إشرافك، المشاركة الكاملة بإشراف.,يضع الكمادة بثبات متزايد تحت إشرافك.,الراحة تبدأ، ومتابعة الوقت المحدد للاستخدام.,قطعة قماش عازلة للكمادة.,معتمد مبدئيًا,Pasted text (3)(5).txt
HEALTH-110-CARD001,HEALTH-110-OP001,ليساهم في تجهيز مساحة تخص روتينه العلاجي.,حدد مكان تخزين البساط.,إحضار البساط، فرده في مكان التمرين.,خصص مكانًا ثابتًا للبساط.,المساعدة في التجهيز، التجهيز بمفرده، الفرد الكامل.,يجهز البساط بثبات متزايد.,التمارين تبدأ وفق توجيه الأخصائي أو الأسرة.,مكان ثابت للبساط.,معتمد مبدئيًا,Pasted text (3)(5).txt
HEALTH-111-CARD001,HEALTH-111-OP001,ليشارك بجسده في تمرين روتيني يخص تنفسه.,الأخصائي أو الطبيب هو من يحدد طريقة الاستخدام.,إمساك الجهاز، النفخ وفق التوجيه.,اجعلها لعبة بسيطة (محاولة رفع الكرة داخل الجهاز أعلى قليلًا كل مرة).,المشاركة بحضورك وتشجيعه، النفخ بمفرده بثقة، المشاركة الكاملة وفق التوجيه.,ينفخ بثبات متزايد وفق التوجيه.,التمرين مكتمل، ويمكن تكراره وفق الجدول المحدد.,لا يتطلب أدوات دعم إضافية.,معتمد مبدئيًا,Pasted text (3)(5).txt
HEALTH-112-CARD001,HEALTH-112-OP001,ليشارك بجسده في تمرين روتيني يخص متابعته.,الأخصائي هو من يحدد نوع التمرين والكمية المناسبة.,إمساك الشريط أو الوزن، أداء الحركة وفق التوجيه.,ابدأ بحركة واحدة بسيطة يستمتع بها.,المشاركة معك، الأداء الجزئي بمفرده، الأداء الكامل بثقة وفق التوجيه.,يؤدي الحركة بثبات متزايد.,التمرين مكتمل، ويمكن تكراره وفق الجدول المحدد.,لا يتطلب أدوات دعم إضافية.,معتمد مبدئيًا,Pasted text (3)(5).txt
HEALTH-113-CARD001,HEALTH-113-OP001,ليشارك بجسده في تمرين روتيني يخص توازنه.,تأكد من وجود مساحة آمنة وحائط قريب للاستناد عند الحاجة.,الوقوف، محاولة الثبات لثوانٍ.,اسمح له بالاستناد على حائط أو كرسي في البداية.,المساعدة في الوقوف، الوقوف بمفرده مع سند قريب، الثبات الكامل بثقة.,يثبت لمدة أطول تدريجيًا.,التمرين مكتمل، ويمكن تكراره وفق الجدول المحدد.,حائط أو كرسي قريب للاستناد.,معتمد مبدئيًا,Pasted text (3)(5).txt
HEALTH-114-CARD001,HEALTH-114-OP001,ليساهم في توثيق معلومة تفيد متابعته الصحية.,جهّز دفتر أو تطبيق تسجيل بسيط.,التعبير عن مستوى شعوره، تسجيل الرقم.,استخدم مقياسًا بصريًا بوجوه (سعيد إلى حزين) بدل الأرقام فقط.,المساعدة في التعبير والتسجيل، التعبير بمفرده مع تسجيلك، التسجيل الكامل بمفرده.,يعبّر عن شعوره بوضوح متزايد.,السجل جاهز لمشاركته مع الطبيب في الموعد القادم.,مقياس بصري بالوجوه.,معتمد مبدئيًا,Pasted text (3)(5).txt
HEALTH-115-CARD001,HEALTH-115-OP001,ليساهم في توثيق روتين يخص نومه اليومي.,جهّز دفترًا أو تطبيقًا بسيطًا.,كتابة الوقتين كل صباح.,استخدم تطبيقًا بساعة رقمية سهلة الإدخال.,الإملاء لك، المشاركة في الكتابة، الكتابة بمفرده.,يسجل الوقتين بانتظام متزايد.,السجل جاهز لمتابعة روتين النوم مع الأسرة.,تطبيق تسجيل بساعة رقمية.,معتمد مبدئيًا,Pasted text (3)(5).txt
HEALTH-116-CARD001,HEALTH-116-OP001,ليساهم في توثيق روتينه الغذائي اليومي.,جهّز دفترًا أو تطبيقًا بسيطًا.,كتابة أو تصوير الوجبة، تسجيلها.,استخدم التصوير بدل الكتابة إن كان أسهل له.,الإملاء لك، المشاركة في الكتابة، الكتابة أو التصوير بمفرده.,يسجل وجباته بانتظام متزايد.,السجل جاهز لمشاركته مع أخصائي التغذية.,كاميرا الهاتف للتصوير السريع.,معتمد مبدئيًا,Pasted text (3)(5).txt
HEALTH-117-CARD001,HEALTH-117-OP001,ليساهم في توثيق معلومة تخص متابعتها الصحية الشخصية.,جهّز تقويمًا خاصًا أو تطبيقًا بسيطًا.,وضع علامة في اليوم المناسب.,استخدم تطبيقًا بسيطًا مخصصًا لهذا الغرض.,المساعدة في الوضع، الوضع بمفردها، التسجيل الكامل بثقة.,تسجل العلامة بانتظام متزايد.,السجل جاهز لمتابعتها الشخصية أو مشاركته مع الطبيب عند الحاجة.,تطبيق تسجيل بسيط ومخصص.,معتمد مبدئيًا,Pasted text (3)(5).txt
HEALTH-118-CARD001,HEALTH-118-OP001,ليساهم في توثيق معلومة تخص متابعة مهمة للأسرة.,جهّز التقويم أو دفتر المتابعة.,كتابة أو إدخال التاريخ والوقت.,استخدم تقويمًا بلون مميز لمواعيد الحمل.,الإملاء لك، المشاركة في الكتابة، الكتابة بمفرده.,يسجل الموعد بدقة متزايدة.,الموعد مسجّل، والانتظار له مع الأسرة.,تقويم بلون مميز.,معتمد مبدئيًا,Pasted text (3)(5).txt
HEALTH-119-CARD001,HEALTH-119-OP001,ليساهم في توثيق نمو أخيه الصغير.,جهّز دفتر متابعة النمو.,كتابة الأرقام الجديدة في الدفتر.,استخدم جدولًا بسيطًا بأعمدة واضحة (التاريخ، الوزن، الطول).,الإملاء لك، المشاركة في الكتابة، الكتابة بمفرده.,يسجل الأرقام بدقة متزايدة.,السجل جاهز لمتابعة نمو أخيه مع الأسرة.,جدول متابعة نمو بسيط.,معتمد مبدئيًا,Pasted text (3)(5).txt
HEALTH-120-CARD001,HEALTH-120-OP001,ليساهم في نظافة أدوات تخص متابعة صحية للأسرة.,جهّز منديلًا معقمًا آمنًا للاستخدام.,تمرير المنديل على الجهاز بحركات لطيفة.,استخدم مناديل معقمة جاهزة الاستخدام.,المساعدة في المسح، المسح بمفرده، المسح الكامل بثقة.,يمسح الجهاز بثبات متزايد.,الجهاز نظيف وجاهز للاستخدام القادم.,مناديل معقمة جاهزة.,معتمد مبدئيًا,Pasted text (3)(5).txt
HEALTH-121-CARD001,HEALTH-121-OP001,ليساهم في توثيق متابعة صحية تخص الأسرة.,جهّز دفتر المتابعة في متناول يده.,قراءة الرقم من الجهاز، كتابته في الدفتر.,استخدم دفترًا بجدول بسيط وواضح.,الإملاء لك، المشاركة في الكتابة، الكتابة بمفرده.,يسجل الرقم بدقة متزايدة.,السجل جاهز لمشاركته مع الطبيب في الموعد القادم.,دفتر متابعة بجدول بسيط.,معتمد مبدئيًا,Pasted text (3)(5).txt
HEALTH-122-CARD001,HEALTH-122-OP001,ليساهم في مهمة تنظيمية بسيطة تخص أدوية الأسرة.,حدد له الأدوية التي تحتاج تبريدًا.,حمل كل دواء، وضعه في باب الثلاجة.,خصص مكانًا ثابتًا في باب الثلاجة لهذه الأدوية.,المساعدة في الوضع، الوضع بمفرده، الترتيب الكامل.,يضع الأدوية في مكانها الصحيح دون تذكير متكرر.,الأدوية محفوظة بأمان في مكانها.,مكان ثابت في باب الثلاجة.,معتمد مبدئيًا,Pasted text (3)(5).txt
HEALTH-123-CARD001,HEALTH-123-OP001,ليساهم في مسؤولية بسيطة تخص سلامة أدوية الأسرة.,أنت من تحدد الأدوية المنتهية بنفسك بعد الفحص.,مناولتك كل دواء منتهٍ، وضعه في الكيس المخصص.,اقتصر دوره على وضع ما تحدده أنت في الكيس فقط.,المراقبة معك، الوضع بإشرافك المباشر، المشاركة المحدودة دائمًا تحت إشرافك.,يضع الأدوية المحددة بثبات تحت إشرافك.,التخلص من الكيس وفق الطريقة الآمنة المعتمدة.,كيس تجميع مخصص للأدوية المنتهية.,معتمد مبدئيًا,Pasted text (3)(5).txt
HEALTH-124-CARD001,HEALTH-124-OP001,ليساهم في دعم فرد من أسرته يقيم بالمستشفى.,راجع معه قائمة الاحتياجات.,جمع كل غرض، وضعه في الحقيبة.,استخدم قائمة تحقق مصورة بالاحتياجات.,المساعدة في الجمع، الجمع الجزئي، الجمع الكامل.,يجهز الحقيبة بثقة متزايدة.,الانتقال إلى حمل الحقيبة وتسليمها للمريض في المستشفى.,قائمة تحقق مصورة.,معتمد مبدئيًا,Pasted text (3)(5).txt
HEALTH-124-CARD002,HEALTH-124-OP002,ليقدّم دعمًا مباشرًا لفرد من أسرته.,تأكد أن الحقيبة ليست ثقيلة جدًا لحملها.,حمل الحقيبة، تسليمها للمريض بابتسامة.,رافقه في زيارته للمريض.,المساعدة في الحمل، الحمل بمفرده، التسليم الكامل بثقة.,يحمل الحقيبة ويسلّمها بثبات وحنان متزايد.,الزيارة تجلب الراحة للمريض والأسرة معًا.,لا يتطلب أدوات دعم إضافية.,معتمد مبدئيًا,Pasted text (3)(5).txt
HEALTH-125-CARD001,HEALTH-125-OP001,ليساهم في دعم فرد من أسرته خلال لحظة عودة مهمة.,حدد معه دوره البسيط في المساعدة.,حمل حقيبة المريض، المرافقة نحو السيارة.,اقتصر دوره على حمل الحقيبة إن كانت المساعدة البدنية غير مناسبة.,حمل الحقيبة فقط، المساعدة الجزئية، المرافقة الكاملة.,يساهم بهدوء وتعاون متزايد.,المريض في طريقه للمنزل مع أسرته.,لا يتطلب أدوات دعم إضافية.,معتمد مبدئيًا,Pasted text (3)(5).txt
HEALTH-126-CARD001,HEALTH-126-OP001,ليساهم في تجهيز مكان راحة يخص فردًا من أسرته.,حدد معه الوسائد المطلوبة.,حمل كل وسادة، ترتيبها على السرير.,اطلب منه ترتيب وسادة واحدة في كل مرة.,المساعدة في الترتيب، الترتيب الجزئي، الترتيب الكامل.,يرتب الوسائد بثبات متزايد.,الغرفة جاهزة لاستقبال المريض بشعور من الراحة.,لا يتطلب أدوات دعم إضافية.,معتمد مبدئيًا,Pasted text (3)(5).txt
HEALTH-127-CARD001,HEALTH-127-OP001,ليساهم في دعم فرد من أسرته يحتاج رعاية.,جهّز الصينية بمساعدتك.,حمل الصينية، نقلها للمريض.,استخدم صينية خفيفة سهلة الحمل.,المساعدة في الحمل، الحمل بمفرده، التقديم الكامل بثقة.,يحمل الصينية بثبات دون انسكاب.,الانتقال إلى مناولة كوب الماء مع الدواء.,صينية خفيفة الوزن.,معتمد مبدئيًا,Pasted text (3)(5).txt
HEALTH-127-CARD002,HEALTH-127-OP002,ليساهم بخطوة رعاية بسيطة تخص فرد من أسرته.,أنت من تحدد الدواء والجرعة مسبقًا.,حمل الكوب والدواء المحدد، مناولتهما للمريض.,رتّب الكوب والدواء على الصينية بشكل واضح.,المساعدة في المناولة، المناولة بمفرده لما حددته أنت، المشاركة الكاملة بإشرافك.,يناول الدواء والماء بثبات ولطف متزايد.,المريض تناول احتياجه، والمتابعة مستمرة.,تحديدك المسبق للدواء والجرعة.,معتمد مبدئيًا,Pasted text (3)(5).txt
HEALTH-128-CARD001,HEALTH-128-OP001,ليساهم في دعم فرد من أسرته يحتاج مساعدة بدنية بسيطة.,حدد معه دوره الآمن في المساعدة، وتأكد أن قدرته البدنية مناسبة.,تقديم ذراعه للإسناد، المشي بجانب المريض ببطء.,اقتصر دوره على المرافقة إن كانت المساعدة البدنية الكاملة غير مناسبة له.,المرافقة بحضوره، الإسناد الجزئي بإشراف بالغ آخر، المشاركة حسب القدرة والموقف.,يساهم بهدوء ولطف متزايد ضمن حدود قدرته.,المريض وصل بأمان لوجهته، والمتابعة مستمرة.,إشراف بالغ آخر عند الحاجة لمساعدة بدنية أكبر.,معتمد مبدئيًا,Pasted text (3)(5).txt
HEALTH-129-CARD001,HEALTH-129-OP001,ليساهم في متابعة صحية بسيطة تخص فردًا من أسرته.,جهّز ميزان الحرارة ودفتر المتابعة.,قياس الحرارة، تدوين النتيجة.,استخدم ميزانًا بشاشة كبيرة وواضحة.,المساعدة في القياس، القياس بمفرده، التسجيل الكامل بثقة.,يقيس ويسجل بانتظام متزايد.,المتابعة مسجّلة ومشاركة النتائج مع الأسرة أو الطبيب عند الحاجة.,ميزان بشاشة كبيرة وواضحة.,معتمد مبدئيًا,Pasted text (3)(5).txt
HEALTH-130-CARD001,HEALTH-130-OP001,ليقدّم دعمًا عاطفيًا لفرد من أسرته أو أحد المقربين.,جهّز معه كلمات بسيطة للسلام.,التوجه للمستشفى، السلام على المريض بابتسامة.,اقترح عليه جملة تشجيع بسيطة يقولها للمريض.,المرافقة بحضوره، المشاركة بجملة واحدة، المشاركة الكاملة بثقة.,يقدّم حضورًا داعمًا ومريحًا للمريض.,الزيارة تجلب الراحة للمريض والأسرة معًا.,جملة تشجيع جاهزة.,معتمد مبدئيًا,Pasted text (3)(5).txt
HEALTH-131-CARD001,HEALTH-131-OP001,ليساهم في تجهيز أوراق تخص متابعته الصحية.,حدد له مكان حفظ التقارير القديمة.,جمع التقارير، وضعها في حقيبة أو ملف.,خصص ملفًا ثابتًا لهذه التقارير.,المساعدة في الجمع، الجمع الجزئي، الجمع الكامل.,يجمع التقارير بثقة متزايدة.,التقارير جاهزة للموعد الجديد.,ملف ثابت للتقارير القديمة.,معتمد مبدئيًا,Pasted text (3)(5).txt
HEALTH-132-CARD001,HEALTH-132-OP001,ليساهم في مهمة تنظيمية بسيطة تخص أوراقه الطبية.,أفسح مساحة واضحة لترتيب الأوراق.,فحص تاريخ كل ورقة، ترتيبها من الأقدم للأحدث.,اطلب منه ترتيب مجموعة صغيرة في كل مرة.,المساعدة في الترتيب، الترتيب الجزئي، الترتيب الكامل.,يرتب الأوراق حسب التاريخ بدقة متزايدة.,الملف مرتب وجاهز للرجوع إليه عند الحاجة.,لا يتطلب أدوات دعم إضافية.,معتمد مبدئيًا,Pasted text (3)(5).txt
HEALTH-133-CARD001,HEALTH-133-OP001,ليساهم في تحديث بيانات تخصه في التأمين الصحي.,جهّز صورة الهوية الجديدة.,إرفاق الصورة مع طلب التحديث.,استخدم تطبيقًا بسيطًا لرفع الصورة إن كان التحديث إلكترونيًا.,المساعدة في الإرفاق، الإرفاق بمفرده، التحديث الكامل بثقة.,يرفق الصورة بثقة متزايدة.,بيانات التأمين محدّثة.,تطبيق رفع بسيط.,معتمد مبدئيًا,Pasted text (3)(5).txt
HEALTH-134-CARD001,HEALTH-134-OP001,ليساهم في استلام ما يخصه بنفسه.,تأكد من حضورك أثناء الاستلام.,استلام البطاقة الجديدة، وضعها في مكانها.,خصص مكانًا ثابتًا للبطاقة الجديدة.,المساعدة في الاستلام، الاستلام بمفرده، الحفظ الكامل بثقة.,يستلم البطاقة بثقة متزايدة.,البطاقة جاهزة للاستخدام في المواعيد القادمة.,مكان ثابت للبطاقة.,معتمد مبدئيًا,Pasted text (3)(5).txt
HEALTH-135-CARD001,HEALTH-135-OP001,ليساهم بخطوة دفع بسيطة تخص زيارته الطبية.,جهّز المبلغ معه مسبقًا.,تسليم المبلغ لموظف الاستقبال.,جهّز المبلغ بالضبط لتبسيط الحساب.,المساعدة في التسليم، التسليم بمفرده، الدفع الكامل بثقة.,يسلّم المبلغ بثقة متزايدة.,الزيارة الطبية مكتملة من الناحية المالية.,مبلغ مجهّز مسبقًا.,معتمد مبدئيًا,Pasted text (3)(5).txt
HEALTH-136-CARD001,HEALTH-136-OP001,ليمارس تواصلًا مباشرًا خلال مهمة تخصه.,جهّز معه جملة بسيطة للطلب.,طلب التقرير من الطبيب.,جهّز بطاقة مكتوبة بالطلب إن كان التحدث صعبًا.,المرافقة أثناء الطلب، الطلب بمساعدتك، الطلب بمفرده.,يطلب التقرير بثقة متزايدة.,التقرير جاهز للتسليم للجهة المطلوبة.,بطاقة طلب مكتوبة مسبقًا.,معتمد مبدئيًا,Pasted text (3)(5).txt
HEALTH-137-CARD001,HEALTH-137-OP001,ليمارس تواصلًا مباشرًا خلال مهمة تخصه.,جهّز معه جملة بسيطة للطلب.,طلب الإجازة من الطبيب.,جهّز بطاقة مكتوبة بالطلب إن كان التحدث صعبًا.,المرافقة أثناء الطلب، الطلب بمساعدتك، الطلب بمفرده.,يطلب الإجازة بثقة متزايدة.,الانتقال إلى تسليم إجازة مرضية للعمل أو المدرسة.,بطاقة طلب مكتوبة مسبقًا.,معتمد مبدئيًا,Pasted text (3)(5).txt
HEALTH-138-CARD001,HEALTH-138-OP001,ليمارس تواصلًا مباشرًا خلال مهمة تخصه.,جهّز الإجازة في متناول يده.,التوجه للمسؤول، تسليم الإجازة.,رافقه أول مرة لمعرفة الخطوة.,المرافقة أثناء التسليم، التسليم بمساعدتك، التسليم بمفرده.,يسلّم الإجازة بثقة متزايدة.,الإجازة مسجّلة رسميًا.,لا يتطلب أدوات دعم إضافية.,معتمد مبدئيًا,Pasted text (3)(5).txt
HEALTH-139-CARD001,HEALTH-139-OP001,ليساهم في دعم أسرته بمهمة تواصل بسيطة تخص أخيه.,جهّز معه جملة بسيطة للإبلاغ.,الاتصال أو إرسال الرسالة، ذكر سبب الغياب باختصار.,جهّز نقاطًا مكتوبة (اسم الطفل، الصف، السبب) للمكالمة أو الرسالة.,المرافقة أثناء الاتصال، المشاركة بجملة واحدة، الاتصال أو الإرسال الكامل بمفرده.,يتواصل مع المدرسة بثقة متزايدة.,المدرسة على علم بالغياب، والمتابعة مستمرة حتى تعافي الطفل.,نقاط مكتوبة للمكالمة أو الرسالة.,معتمد مبدئيًا,Pasted text (3)(5).txt
